product_id,product_name,category,unit_price,ingestion_timestamp,run_id
P0001,Classic Headphones 1,Electronics,3720.67,2026-08-09T05:27:04.070750+00:00,run_20260809_052657_cc1b16cd
P0002,Premium Bottle 2,Home & Kitchen,740.71,2026-08-09T05:27:04.070750+00:00,run_20260809_052657_cc1b16cd
P0003,Classic Backpack 3,Clothing,3716.31,2026-08-09T05:27:04.070750+00:00,run_20260809_052657_cc1b16cd
P0004,Classic Lamp 4,Grocery,2138.51,2026-08-09T05:27:04.070750+00:00,run_20260809_052657_cc1b16cd
P0005,Classic Headphones 5,Beauty,1132.26,2026-08-09T05:27:04.070750+00:00,run_20260809_052657_cc1b16cd
P0006,Classic Lamp 6,Electronics,1034.25,2026-08-09T05:27:04.070750+00:00,run_20260809_052657_cc1b16cd
P0007,Smart Bottle 7,Home & Kitchen,2273.58,2026-08-09T05:27:04.070750+00:00,run_20260809_052657_cc1b16cd
P0008,Everyday Notebook 8,Clothing,4353.04,2026-08-09T05:27:04.070750+00:00,run_20260809_052657_cc1b16cd
P0009,Premium Backpack 9,Grocery,2141.94,2026-08-09T05:27:04.070750+00:00,run_20260809_052657_cc1b16cd
P0010,Everyday Bottle 10,Beauty,1115.8,2026-08-09T05:27:04.070750+00:00,run_20260809_052657_cc1b16cd
P0011,Everyday Headphones 11,Electronics,509.09,2026-08-09T05:27:04.070750+00:00,run_20260809_052657_cc1b16cd
P0012,Classic T-Shirt 12,Home & Kitchen,4245.1,2026-08-09T05:27:04.070750+00:00,run_20260809_052657_cc1b16cd
P0013,Everyday Notebook 13,Clothing,265.08,2026-08-09T05:27:04.070750+00:00,run_20260809_052657_cc1b16cd
P0014,Smart Lamp 14,Grocery,667.89,2026-08-09T05:27:04.070750+00:00,run_20260809_052657_cc1b16cd
P0015,Smart Headphones 15,Beauty,2782.6,2026-08-09T05:27:04.070750+00:00,run_20260809_052657_cc1b16cd
P0016,Everyday Lamp 16,Electronics,1001.83,2026-08-09T05:27:04.070750+00:00,run_20260809_052657_cc1b16cd
P0017,Classic Headphones 17,Home & Kitchen,3323.25,2026-08-09T05:27:04.070750+00:00,run_20260809_052657_cc1b16cd
P0018,Everyday Headphones 18,Clothing,4283.82,2026-08-09T05:27:04.070750+00:00,run_20260809_052657_cc1b16cd
P0019,Classic Coffee 19,Grocery,1425.97,2026-08-09T05:27:04.070750+00:00,run_20260809_052657_cc1b16cd
P0020,Everyday Bottle 20,Beauty,1882.4,2026-08-09T05:27:04.070750+00:00,run_20260809_052657_cc1b16cd
P0021,Premium Backpack 21,Electronics,1371.54,2026-08-09T05:27:04.070750+00:00,run_20260809_052657_cc1b16cd
P0022,Classic Lamp 22,Home & Kitchen,3193.14,2026-08-09T05:27:04.070750+00:00,run_20260809_052657_cc1b16cd
P0023,Premium Bottle 23,Clothing,2338.19,2026-08-09T05:27:04.070750+00:00,run_20260809_052657_cc1b16cd
P0024,Everyday Backpack 24,Grocery,3456.4,2026-08-09T05:27:04.070750+00:00,run_20260809_052657_cc1b16cd
P0025,Premium Backpack 25,Beauty,1655.2,2026-08-09T05:27:04.070750+00:00,run_20260809_052657_cc1b16cd
P0026,Classic Bottle 26,Electronics,4117.92,2026-08-09T05:27:04.070750+00:00,run_20260809_052657_cc1b16cd
P0027,Everyday Coffee 27,Home & Kitchen,1375.32,2026-08-09T05:27:04.070750+00:00,run_20260809_052657_cc1b16cd
P0028,Premium Lamp 28,Clothing,4388.02,2026-08-09T05:27:04.070750+00:00,run_20260809_052657_cc1b16cd
P0029,Everyday Bottle 29,Grocery,3294.42,2026-08-09T05:27:04.070750+00:00,run_20260809_052657_cc1b16cd
P0030,Smart Backpack 30,Beauty,2321.32,2026-08-09T05:27:04.070750+00:00,run_20260809_052657_cc1b16cd
P0031,Everyday Bottle 31,Electronics,1270.81,2026-08-09T05:27:04.070750+00:00,run_20260809_052657_cc1b16cd
P0032,Everyday Backpack 32,Home & Kitchen,2943.7,2026-08-09T05:27:04.070750+00:00,run_20260809_052657_cc1b16cd
P0033,Smart T-Shirt 33,Clothing,1135.64,2026-08-09T05:27:04.070750+00:00,run_20260809_052657_cc1b16cd
P0034,Premium Lamp 34,Grocery,2492.9,2026-08-09T05:27:04.070750+00:00,run_20260809_052657_cc1b16cd
P0035,Classic Notebook 35,Beauty,592.76,2026-08-09T05:27:04.070750+00:00,run_20260809_052657_cc1b16cd
P0036,Premium Notebook 36,Electronics,3418.38,2026-08-09T05:27:04.070750+00:00,run_20260809_052657_cc1b16cd
P0037,Classic Coffee 37,Home & Kitchen,1939.02,2026-08-09T05:27:04.070750+00:00,run_20260809_052657_cc1b16cd
P0038,Smart Lamp 38,Clothing,1294.5,2026-08-09T05:27:04.070750+00:00,run_20260809_052657_cc1b16cd
P0039,Classic Backpack 39,Grocery,3617.57,2026-08-09T05:27:04.070750+00:00,run_20260809_052657_cc1b16cd
P0040,Everyday Notebook 40,Beauty,3222.76,2026-08-09T05:27:04.070750+00:00,run_20260809_052657_cc1b16cd
P0041,Classic T-Shirt 41,Electronics,2202.09,2026-08-09T05:27:04.070750+00:00,run_20260809_052657_cc1b16cd
P0042,Smart Headphones 42,Home & Kitchen,4771.39,2026-08-09T05:27:04.070750+00:00,run_20260809_052657_cc1b16cd
P0043,Everyday Lamp 43,Clothing,3821.71,2026-08-09T05:27:04.070750+00:00,run_20260809_052657_cc1b16cd
P0044,Classic Notebook 44,Grocery,3145.24,2026-08-09T05:27:04.070750+00:00,run_20260809_052657_cc1b16cd
P0045,Premium Bottle 45,Beauty,1900.87,2026-08-09T05:27:04.070750+00:00,run_20260809_052657_cc1b16cd
P0046,Premium Lamp 46,Electronics,4769.82,2026-08-09T05:27:04.070750+00:00,run_20260809_052657_cc1b16cd
P0047,Classic Lamp 47,Home & Kitchen,1654.57,2026-08-09T05:27:04.070750+00:00,run_20260809_052657_cc1b16cd
P0048,Classic Headphones 48,Clothing,4649.04,2026-08-09T05:27:04.070750+00:00,run_20260809_052657_cc1b16cd
P0049,Everyday Bottle 49,Grocery,336.73,2026-08-09T05:27:04.070750+00:00,run_20260809_052657_cc1b16cd
P0050,Classic Headphones 50,Beauty,3672.94,2026-08-09T05:27:04.070750+00:00,run_20260809_052657_cc1b16cd
P0051,Classic Notebook 51,Electronics,2686.9,2026-08-09T05:27:04.070750+00:00,run_20260809_052657_cc1b16cd
P0052,Premium Bottle 52,Home & Kitchen,3315.77,2026-08-09T05:27:04.070750+00:00,run_20260809_052657_cc1b16cd
P0053,Premium T-Shirt 53,Clothing,2661.99,2026-08-09T05:27:04.070750+00:00,run_20260809_052657_cc1b16cd
P0054,Smart Bottle 54,Grocery,4648.12,2026-08-09T05:27:04.070750+00:00,run_20260809_052657_cc1b16cd
P0055,Premium Backpack 55,Beauty,1593.0,2026-08-09T05:27:04.070750+00:00,run_20260809_052657_cc1b16cd
P0056,Everyday Coffee 56,Electronics,4503.09,2026-08-09T05:27:04.070750+00:00,run_20260809_052657_cc1b16cd
P0057,Smart Headphones 57,Home & Kitchen,1277.13,2026-08-09T05:27:04.070750+00:00,run_20260809_052657_cc1b16cd
P0058,Classic T-Shirt 58,Clothing,154.12,2026-08-09T05:27:04.070750+00:00,run_20260809_052657_cc1b16cd
P0059,Premium Lamp 59,Grocery,1140.08,2026-08-09T05:27:04.070750+00:00,run_20260809_052657_cc1b16cd
P0060,Classic Backpack 60,Beauty,3173.96,2026-08-09T05:27:04.070750+00:00,run_20260809_052657_cc1b16cd
P0061,Premium Headphones 61,Electronics,4531.83,2026-08-09T05:27:04.070750+00:00,run_20260809_052657_cc1b16cd
P0062,Everyday Headphones 62,Home & Kitchen,2595.07,2026-08-09T05:27:04.070750+00:00,run_20260809_052657_cc1b16cd
P0063,Everyday Backpack 63,Clothing,2452.8,2026-08-09T05:27:04.070750+00:00,run_20260809_052657_cc1b16cd
P0064,Premium Backpack 64,Grocery,4680.8,2026-08-09T05:27:04.070750+00:00,run_20260809_052657_cc1b16cd
P0065,Smart Bottle 65,Beauty,3933.87,2026-08-09T05:27:04.070750+00:00,run_20260809_052657_cc1b16cd
P0066,Smart Bottle 66,Electronics,516.91,2026-08-09T05:27:04.070750+00:00,run_20260809_052657_cc1b16cd
P0067,Smart T-Shirt 67,Home & Kitchen,2146.71,2026-08-09T05:27:04.070750+00:00,run_20260809_052657_cc1b16cd
P0068,Smart Notebook 68,Clothing,3658.93,2026-08-09T05:27:04.070750+00:00,run_20260809_052657_cc1b16cd
P0069,Classic Headphones 69,Grocery,2042.98,2026-08-09T05:27:04.070750+00:00,run_20260809_052657_cc1b16cd
P0070,Everyday Notebook 70,Beauty,4315.28,2026-08-09T05:27:04.070750+00:00,run_20260809_052657_cc1b16cd
P0071,Premium Bottle 71,Electronics,991.53,2026-08-09T05:27:04.070750+00:00,run_20260809_052657_cc1b16cd
P0072,Smart Bottle 72,Home & Kitchen,2138.31,2026-08-09T05:27:04.070750+00:00,run_20260809_052657_cc1b16cd
P0073,Everyday Coffee 73,Clothing,1286.54,2026-08-09T05:27:04.070750+00:00,run_20260809_052657_cc1b16cd
P0074,Classic Coffee 74,Grocery,4049.71,2026-08-09T05:27:04.070750+00:00,run_20260809_052657_cc1b16cd
P0075,Classic Headphones 75,Beauty,3278.12,2026-08-09T05:27:04.070750+00:00,run_20260809_052657_cc1b16cd
P0076,Classic Headphones 76,Electronics,4635.52,2026-08-09T05:27:04.070750+00:00,run_20260809_052657_cc1b16cd
P0077,Premium Bottle 77,Home & Kitchen,2061.75,2026-08-09T05:27:04.070750+00:00,run_20260809_052657_cc1b16cd
P0078,Smart Bottle 78,Clothing,4330.02,2026-08-09T05:27:04.070750+00:00,run_20260809_052657_cc1b16cd
P0079,Classic Bottle 79,Grocery,1925.92,2026-08-09T05:27:04.070750+00:00,run_20260809_052657_cc1b16cd
P0080,Smart T-Shirt 80,Beauty,4636.26,2026-08-09T05:27:04.070750+00:00,run_20260809_052657_cc1b16cd
P0081,Smart T-Shirt 81,Electronics,2143.89,2026-08-09T05:27:04.070750+00:00,run_20260809_052657_cc1b16cd
P0082,Smart Bottle 82,Home & Kitchen,989.99,2026-08-09T05:27:04.070750+00:00,run_20260809_052657_cc1b16cd
P0083,Premium Headphones 83,Clothing,2916.94,2026-08-09T05:27:04.070750+00:00,run_20260809_052657_cc1b16cd
P0084,Classic Backpack 84,Grocery,1602.34,2026-08-09T05:27:04.070750+00:00,run_20260809_052657_cc1b16cd
P0085,Classic Lamp 85,Beauty,2410.1,2026-08-09T05:27:04.070750+00:00,run_20260809_052657_cc1b16cd
P0086,Premium Headphones 86,Electronics,4805.86,2026-08-09T05:27:04.070750+00:00,run_20260809_052657_cc1b16cd
P0087,Classic Notebook 87,Home & Kitchen,969.83,2026-08-09T05:27:04.070750+00:00,run_20260809_052657_cc1b16cd
P0088,Classic Backpack 88,Clothing,4316.01,2026-08-09T05:27:04.070750+00:00,run_20260809_052657_cc1b16cd
P0089,Smart Headphones 89,Grocery,4710.9,2026-08-09T05:27:04.070750+00:00,run_20260809_052657_cc1b16cd
P0090,Premium Lamp 90,Beauty,2992.87,2026-08-09T05:27:04.070750+00:00,run_20260809_052657_cc1b16cd
P0091,Classic Coffee 91,Electronics,3304.0,2026-08-09T05:27:04.070750+00:00,run_20260809_052657_cc1b16cd
P0092,Everyday T-Shirt 92,Home & Kitchen,1061.08,2026-08-09T05:27:04.070750+00:00,run_20260809_052657_cc1b16cd
P0093,Everyday Bottle 93,Clothing,1364.79,2026-08-09T05:27:04.070750+00:00,run_20260809_052657_cc1b16cd
P0094,Premium Backpack 94,Grocery,3245.23,2026-08-09T05:27:04.070750+00:00,run_20260809_052657_cc1b16cd
P0095,Smart T-Shirt 95,Beauty,4648.64,2026-08-09T05:27:04.070750+00:00,run_20260809_052657_cc1b16cd
P0096,Classic Headphones 96,Electronics,2318.51,2026-08-09T05:27:04.070750+00:00,run_20260809_052657_cc1b16cd
P0097,Classic Headphones 97,Home & Kitchen,2711.29,2026-08-09T05:27:04.070750+00:00,run_20260809_052657_cc1b16cd
P0098,Everyday Bottle 98,Clothing,4669.63,2026-08-09T05:27:04.070750+00:00,run_20260809_052657_cc1b16cd
P0099,Classic Bottle 99,Grocery,1879.16,2026-08-09T05:27:04.070750+00:00,run_20260809_052657_cc1b16cd
P0100,Premium Coffee 100,Beauty,4177.04,2026-08-09T05:27:04.070750+00:00,run_20260809_052657_cc1b16cd
P0101,Everyday Lamp 101,Electronics,4920.07,2026-08-09T05:27:04.070750+00:00,run_20260809_052657_cc1b16cd
P0102,Classic Backpack 102,Home & Kitchen,4094.67,2026-08-09T05:27:04.070750+00:00,run_20260809_052657_cc1b16cd
P0103,Everyday Backpack 103,Clothing,562.75,2026-08-09T05:27:04.070750+00:00,run_20260809_052657_cc1b16cd
P0104,Premium T-Shirt 104,Grocery,621.37,2026-08-09T05:27:04.070750+00:00,run_20260809_052657_cc1b16cd
P0105,Classic Backpack 105,Beauty,2788.46,2026-08-09T05:27:04.070750+00:00,run_20260809_052657_cc1b16cd
P0106,Everyday T-Shirt 106,Electronics,3043.91,2026-08-09T05:27:04.070750+00:00,run_20260809_052657_cc1b16cd
P0107,Everyday Bottle 107,Home & Kitchen,3453.11,2026-08-09T05:27:04.070750+00:00,run_20260809_052657_cc1b16cd
P0108,Everyday Lamp 108,Clothing,2468.23,2026-08-09T05:27:04.070750+00:00,run_20260809_052657_cc1b16cd
P0109,Classic Headphones 109,Grocery,3189.71,2026-08-09T05:27:04.070750+00:00,run_20260809_052657_cc1b16cd
P0110,Everyday Headphones 110,Beauty,67.55,2026-08-09T05:27:04.070750+00:00,run_20260809_052657_cc1b16cd
P0111,Premium Backpack 111,Electronics,4900.0,2026-08-09T05:27:04.070750+00:00,run_20260809_052657_cc1b16cd
P0112,Premium Backpack 112,Home & Kitchen,2237.09,2026-08-09T05:27:04.070750+00:00,run_20260809_052657_cc1b16cd
P0113,Smart Lamp 113,Clothing,97.87,2026-08-09T05:27:04.070750+00:00,run_20260809_052657_cc1b16cd
P0114,Classic Backpack 114,Grocery,4524.45,2026-08-09T05:27:04.070750+00:00,run_20260809_052657_cc1b16cd
P0115,Classic Notebook 115,Beauty,1877.62,2026-08-09T05:27:04.070750+00:00,run_20260809_052657_cc1b16cd
P0116,Premium Coffee 116,Electronics,680.86,2026-08-09T05:27:04.070750+00:00,run_20260809_052657_cc1b16cd
P0117,Everyday T-Shirt 117,Home & Kitchen,4499.96,2026-08-09T05:27:04.070750+00:00,run_20260809_052657_cc1b16cd
P0118,Classic T-Shirt 118,Clothing,1089.88,2026-08-09T05:27:04.070750+00:00,run_20260809_052657_cc1b16cd
P0119,Premium Backpack 119,Grocery,558.83,2026-08-09T05:27:04.070750+00:00,run_20260809_052657_cc1b16cd
P0120,Smart Lamp 120,Beauty,3759.91,2026-08-09T05:27:04.070750+00:00,run_20260809_052657_cc1b16cd
P0121,Premium Notebook 121,Electronics,854.38,2026-08-09T05:27:04.070750+00:00,run_20260809_052657_cc1b16cd
P0122,Premium Coffee 122,Home & Kitchen,172.69,2026-08-09T05:27:04.070750+00:00,run_20260809_052657_cc1b16cd
P0123,Everyday Notebook 123,Clothing,4657.54,2026-08-09T05:27:04.070750+00:00,run_20260809_052657_cc1b16cd
P0124,Premium T-Shirt 124,Grocery,838.03,2026-08-09T05:27:04.070750+00:00,run_20260809_052657_cc1b16cd
P0125,Classic Coffee 125,Beauty,4367.23,2026-08-09T05:27:04.070750+00:00,run_20260809_052657_cc1b16cd
P0126,Smart Bottle 126,Electronics,1037.89,2026-08-09T05:27:04.070750+00:00,run_20260809_052657_cc1b16cd
P0127,Smart T-Shirt 127,Home & Kitchen,1560.69,2026-08-09T05:27:04.070750+00:00,run_20260809_052657_cc1b16cd
P0128,Premium Bottle 128,Clothing,167.14,2026-08-09T05:27:04.070750+00:00,run_20260809_052657_cc1b16cd
P0129,Premium Coffee 129,Grocery,1674.9,2026-08-09T05:27:04.070750+00:00,run_20260809_052657_cc1b16cd
P0130,Classic Notebook 130,Beauty,1431.67,2026-08-09T05:27:04.070750+00:00,run_20260809_052657_cc1b16cd
P0131,Smart Backpack 131,Electronics,4906.69,2026-08-09T05:27:04.070750+00:00,run_20260809_052657_cc1b16cd
P0132,Everyday Headphones 132,Home & Kitchen,620.94,2026-08-09T05:27:04.070750+00:00,run_20260809_052657_cc1b16cd
P0133,Everyday Bottle 133,Clothing,2923.92,2026-08-09T05:27:04.070750+00:00,run_20260809_052657_cc1b16cd
P0134,Everyday Headphones 134,Grocery,586.59,2026-08-09T05:27:04.070750+00:00,run_20260809_052657_cc1b16cd
P0135,Smart T-Shirt 135,Beauty,3656.3,2026-08-09T05:27:04.070750+00:00,run_20260809_052657_cc1b16cd
P0136,Everyday Coffee 136,Electronics,3050.73,2026-08-09T05:27:04.070750+00:00,run_20260809_052657_cc1b16cd
P0137,Classic Coffee 137,Home & Kitchen,4502.55,2026-08-09T05:27:04.070750+00:00,run_20260809_052657_cc1b16cd
P0138,Premium T-Shirt 138,Clothing,269.71,2026-08-09T05:27:04.070750+00:00,run_20260809_052657_cc1b16cd
P0139,Smart Headphones 139,Grocery,2623.61,2026-08-09T05:27:04.070750+00:00,run_20260809_052657_cc1b16cd
P0140,Premium T-Shirt 140,Beauty,2184.92,2026-08-09T05:27:04.070750+00:00,run_20260809_052657_cc1b16cd
P0141,Everyday Lamp 141,Electronics,1603.88,2026-08-09T05:27:04.070750+00:00,run_20260809_052657_cc1b16cd
P0142,Classic Backpack 142,Home & Kitchen,4505.23,2026-08-09T05:27:04.070750+00:00,run_20260809_052657_cc1b16cd
P0143,Everyday Backpack 143,Clothing,2071.54,2026-08-09T05:27:04.070750+00:00,run_20260809_052657_cc1b16cd
P0144,Smart Backpack 144,Grocery,1513.49,2026-08-09T05:27:04.070750+00:00,run_20260809_052657_cc1b16cd
P0145,Premium Bottle 145,Beauty,2131.21,2026-08-09T05:27:04.070750+00:00,run_20260809_052657_cc1b16cd
P0146,Smart Backpack 146,Electronics,3753.27,2026-08-09T05:27:04.070750+00:00,run_20260809_052657_cc1b16cd
P0147,Premium Lamp 147,Home & Kitchen,2867.07,2026-08-09T05:27:04.070750+00:00,run_20260809_052657_cc1b16cd
P0148,Smart Lamp 148,Clothing,4176.94,2026-08-09T05:27:04.070750+00:00,run_20260809_052657_cc1b16cd
P0149,Everyday T-Shirt 149,Grocery,1090.4,2026-08-09T05:27:04.070750+00:00,run_20260809_052657_cc1b16cd
P0150,Everyday Coffee 150,Beauty,2236.84,2026-08-09T05:27:04.070750+00:00,run_20260809_052657_cc1b16cd
P0151,Premium Lamp 151,Electronics,2392.27,2026-08-09T05:27:04.070750+00:00,run_20260809_052657_cc1b16cd
P0152,Premium Backpack 152,Home & Kitchen,469.74,2026-08-09T05:27:04.070750+00:00,run_20260809_052657_cc1b16cd
P0153,Everyday Headphones 153,Clothing,4101.2,2026-08-09T05:27:04.070750+00:00,run_20260809_052657_cc1b16cd
P0154,Premium Backpack 154,Grocery,1586.58,2026-08-09T05:27:04.070750+00:00,run_20260809_052657_cc1b16cd
P0155,Premium Bottle 155,Beauty,170.91,2026-08-09T05:27:04.070750+00:00,run_20260809_052657_cc1b16cd
P0156,Premium Coffee 156,Electronics,3075.81,2026-08-09T05:27:04.070750+00:00,run_20260809_052657_cc1b16cd
P0157,Classic Coffee 157,Home & Kitchen,2101.48,2026-08-09T05:27:04.070750+00:00,run_20260809_052657_cc1b16cd
P0158,Premium Backpack 158,Clothing,3496.95,2026-08-09T05:27:04.070750+00:00,run_20260809_052657_cc1b16cd
P0159,Smart Coffee 159,Grocery,1257.72,2026-08-09T05:27:04.070750+00:00,run_20260809_052657_cc1b16cd
P0160,Classic Notebook 160,Beauty,4309.18,2026-08-09T05:27:04.070750+00:00,run_20260809_052657_cc1b16cd
P0161,Classic Notebook 161,Electronics,2154.47,2026-08-09T05:27:04.070750+00:00,run_20260809_052657_cc1b16cd
P0162,Premium Notebook 162,Home & Kitchen,4791.93,2026-08-09T05:27:04.070750+00:00,run_20260809_052657_cc1b16cd
P0163,Smart Headphones 163,Clothing,2809.16,2026-08-09T05:27:04.070750+00:00,run_20260809_052657_cc1b16cd
P0164,Classic Coffee 164,Grocery,710.03,2026-08-09T05:27:04.070750+00:00,run_20260809_052657_cc1b16cd
P0165,Smart Backpack 165,Beauty,2679.1,2026-08-09T05:27:04.070750+00:00,run_20260809_052657_cc1b16cd
P0166,Everyday Notebook 166,Electronics,4462.56,2026-08-09T05:27:04.070750+00:00,run_20260809_052657_cc1b16cd
P0167,Smart Notebook 167,Home & Kitchen,4538.93,2026-08-09T05:27:04.070750+00:00,run_20260809_052657_cc1b16cd
P0168,Smart Bottle 168,Clothing,3731.09,2026-08-09T05:27:04.070750+00:00,run_20260809_052657_cc1b16cd
P0169,Smart Coffee 169,Grocery,1333.0,2026-08-09T05:27:04.070750+00:00,run_20260809_052657_cc1b16cd
P0170,Premium Notebook 170,Beauty,3206.42,2026-08-09T05:27:04.070750+00:00,run_20260809_052657_cc1b16cd
P0171,Smart Backpack 171,Electronics,1234.27,2026-08-09T05:27:04.070750+00:00,run_20260809_052657_cc1b16cd
P0172,Smart Headphones 172,Home & Kitchen,3582.05,2026-08-09T05:27:04.070750+00:00,run_20260809_052657_cc1b16cd
P0173,Premium T-Shirt 173,Clothing,1712.45,2026-08-09T05:27:04.070750+00:00,run_20260809_052657_cc1b16cd
P0174,Classic Bottle 174,Grocery,796.61,2026-08-09T05:27:04.070750+00:00,run_20260809_052657_cc1b16cd
P0175,Smart Backpack 175,Beauty,806.39,2026-08-09T05:27:04.070750+00:00,run_20260809_052657_cc1b16cd
P0176,Premium Headphones 176,Electronics,2103.6,2026-08-09T05:27:04.070750+00:00,run_20260809_052657_cc1b16cd
P0177,Everyday Lamp 177,Home & Kitchen,2356.33,2026-08-09T05:27:04.070750+00:00,run_20260809_052657_cc1b16cd
P0178,Classic Bottle 178,Clothing,4172.81,2026-08-09T05:27:04.070750+00:00,run_20260809_052657_cc1b16cd
P0179,Smart Notebook 179,Grocery,2941.19,2026-08-09T05:27:04.070750+00:00,run_20260809_052657_cc1b16cd
P0180,Classic Notebook 180,Beauty,4409.25,2026-08-09T05:27:04.070750+00:00,run_20260809_052657_cc1b16cd
P0181,Smart Coffee 181,Electronics,79.19,2026-08-09T05:27:04.070750+00:00,run_20260809_052657_cc1b16cd
P0182,Everyday T-Shirt 182,Home & Kitchen,3779.7,2026-08-09T05:27:04.070750+00:00,run_20260809_052657_cc1b16cd
P0183,Smart Lamp 183,Clothing,3750.2,2026-08-09T05:27:04.070750+00:00,run_20260809_052657_cc1b16cd
P0184,Premium Coffee 184,Grocery,1136.14,2026-08-09T05:27:04.070750+00:00,run_20260809_052657_cc1b16cd
P0185,Smart Coffee 185,Beauty,193.67,2026-08-09T05:27:04.070750+00:00,run_20260809_052657_cc1b16cd
P0186,Everyday Backpack 186,Electronics,3411.75,2026-08-09T05:27:04.070750+00:00,run_20260809_052657_cc1b16cd
P0187,Smart Backpack 187,Home & Kitchen,866.97,2026-08-09T05:27:04.070750+00:00,run_20260809_052657_cc1b16cd
P0188,Smart Bottle 188,Clothing,4904.57,2026-08-09T05:27:04.070750+00:00,run_20260809_052657_cc1b16cd
P0189,Classic Coffee 189,Grocery,2979.87,2026-08-09T05:27:04.070750+00:00,run_20260809_052657_cc1b16cd
P0190,Classic Headphones 190,Beauty,3231.61,2026-08-09T05:27:04.070750+00:00,run_20260809_052657_cc1b16cd
P0191,Premium Notebook 191,Electronics,2335.41,2026-08-09T05:27:04.070750+00:00,run_20260809_052657_cc1b16cd
P0192,Classic T-Shirt 192,Home & Kitchen,1926.56,2026-08-09T05:27:04.070750+00:00,run_20260809_052657_cc1b16cd
P0193,Premium Coffee 193,Clothing,1667.89,2026-08-09T05:27:04.070750+00:00,run_20260809_052657_cc1b16cd
P0194,Smart T-Shirt 194,Grocery,3772.45,2026-08-09T05:27:04.070750+00:00,run_20260809_052657_cc1b16cd
P0195,Smart T-Shirt 195,Beauty,4182.81,2026-08-09T05:27:04.070750+00:00,run_20260809_052657_cc1b16cd
P0196,Smart Headphones 196,Electronics,3757.67,2026-08-09T05:27:04.070750+00:00,run_20260809_052657_cc1b16cd
P0197,Classic T-Shirt 197,Home & Kitchen,1159.9,2026-08-09T05:27:04.070750+00:00,run_20260809_052657_cc1b16cd
P0198,Classic Notebook 198,Clothing,4788.56,2026-08-09T05:27:04.070750+00:00,run_20260809_052657_cc1b16cd
P0199,Classic Notebook 199,Grocery,203.6,2026-08-09T05:27:04.070750+00:00,run_20260809_052657_cc1b16cd
P0200,Premium Bottle 200,Beauty,4204.18,2026-08-09T05:27:04.070750+00:00,run_20260809_052657_cc1b16cd
P0201,Premium Bottle 201,Electronics,674.79,2026-08-09T05:27:04.070750+00:00,run_20260809_052657_cc1b16cd
P0202,Classic Lamp 202,Home & Kitchen,4741.4,2026-08-09T05:27:04.070750+00:00,run_20260809_052657_cc1b16cd
P0203,Smart Backpack 203,Clothing,1318.41,2026-08-09T05:27:04.070750+00:00,run_20260809_052657_cc1b16cd
P0204,Everyday Bottle 204,Grocery,3049.17,2026-08-09T05:27:04.070750+00:00,run_20260809_052657_cc1b16cd
P0205,Classic Notebook 205,Beauty,4105.54,2026-08-09T05:27:04.070750+00:00,run_20260809_052657_cc1b16cd
P0206,Everyday Headphones 206,Electronics,2914.49,2026-08-09T05:27:04.070750+00:00,run_20260809_052657_cc1b16cd
P0207,Everyday Lamp 207,Home & Kitchen,3402.87,2026-08-09T05:27:04.070750+00:00,run_20260809_052657_cc1b16cd
P0208,Smart Coffee 208,Clothing,4710.28,2026-08-09T05:27:04.070750+00:00,run_20260809_052657_cc1b16cd
P0209,Premium Headphones 209,Grocery,2980.88,2026-08-09T05:27:04.070750+00:00,run_20260809_052657_cc1b16cd
P0210,Premium Headphones 210,Beauty,3501.11,2026-08-09T05:27:04.070750+00:00,run_20260809_052657_cc1b16cd
P0211,Everyday Notebook 211,Electronics,3437.08,2026-08-09T05:27:04.070750+00:00,run_20260809_052657_cc1b16cd
P0212,Classic Notebook 212,Home & Kitchen,4920.03,2026-08-09T05:27:04.070750+00:00,run_20260809_052657_cc1b16cd
P0213,Classic T-Shirt 213,Clothing,2687.09,2026-08-09T05:27:04.070750+00:00,run_20260809_052657_cc1b16cd
P0214,Everyday Headphones 214,Grocery,2554.51,2026-08-09T05:27:04.070750+00:00,run_20260809_052657_cc1b16cd
P0215,Everyday Headphones 215,Beauty,4255.4,2026-08-09T05:27:04.070750+00:00,run_20260809_052657_cc1b16cd
P0216,Smart Headphones 216,Electronics,2195.94,2026-08-09T05:27:04.070750+00:00,run_20260809_052657_cc1b16cd
P0217,Everyday Backpack 217,Home & Kitchen,4463.3,2026-08-09T05:27:04.070750+00:00,run_20260809_052657_cc1b16cd
P0218,Smart Backpack 218,Clothing,807.31,2026-08-09T05:27:04.070750+00:00,run_20260809_052657_cc1b16cd
P0219,Premium Backpack 219,Grocery,2632.65,2026-08-09T05:27:04.070750+00:00,run_20260809_052657_cc1b16cd
P0220,Everyday Lamp 220,Beauty,4050.59,2026-08-09T05:27:04.070750+00:00,run_20260809_052657_cc1b16cd
P0221,Smart Coffee 221,Electronics,2206.09,2026-08-09T05:27:04.070750+00:00,run_20260809_052657_cc1b16cd
P0222,Everyday T-Shirt 222,Home & Kitchen,4265.98,2026-08-09T05:27:04.070750+00:00,run_20260809_052657_cc1b16cd
P0223,Classic T-Shirt 223,Clothing,4414.07,2026-08-09T05:27:04.070750+00:00,run_20260809_052657_cc1b16cd
P0224,Premium Notebook 224,Grocery,2350.31,2026-08-09T05:27:04.070750+00:00,run_20260809_052657_cc1b16cd
P0225,Smart T-Shirt 225,Beauty,192.06,2026-08-09T05:27:04.070750+00:00,run_20260809_052657_cc1b16cd
P0226,Everyday Bottle 226,Electronics,2463.37,2026-08-09T05:27:04.070750+00:00,run_20260809_052657_cc1b16cd
P0227,Everyday Notebook 227,Home & Kitchen,1328.84,2026-08-09T05:27:04.070750+00:00,run_20260809_052657_cc1b16cd
P0228,Everyday Lamp 228,Clothing,3520.86,2026-08-09T05:27:04.070750+00:00,run_20260809_052657_cc1b16cd
P0229,Everyday Lamp 229,Grocery,100.25,2026-08-09T05:27:04.070750+00:00,run_20260809_052657_cc1b16cd
P0230,Premium Headphones 230,Beauty,1244.71,2026-08-09T05:27:04.070750+00:00,run_20260809_052657_cc1b16cd
P0231,Smart Coffee 231,Electronics,2798.12,2026-08-09T05:27:04.070750+00:00,run_20260809_052657_cc1b16cd
P0232,Premium Backpack 232,Home & Kitchen,2406.66,2026-08-09T05:27:04.070750+00:00,run_20260809_052657_cc1b16cd
P0233,Smart Coffee 233,Clothing,3975.02,2026-08-09T05:27:04.070750+00:00,run_20260809_052657_cc1b16cd
P0234,Classic T-Shirt 234,Grocery,1146.9,2026-08-09T05:27:04.070750+00:00,run_20260809_052657_cc1b16cd
P0235,Premium T-Shirt 235,Beauty,3336.6,2026-08-09T05:27:04.070750+00:00,run_20260809_052657_cc1b16cd
P0236,Everyday Coffee 236,Electronics,2789.69,2026-08-09T05:27:04.070750+00:00,run_20260809_052657_cc1b16cd
P0237,Everyday Coffee 237,Home & Kitchen,4983.33,2026-08-09T05:27:04.070750+00:00,run_20260809_052657_cc1b16cd
P0238,Everyday T-Shirt 238,Clothing,3529.13,2026-08-09T05:27:04.070750+00:00,run_20260809_052657_cc1b16cd
P0239,Everyday T-Shirt 239,Grocery,1294.45,2026-08-09T05:27:04.070750+00:00,run_20260809_052657_cc1b16cd
P0240,Classic Backpack 240,Beauty,1003.29,2026-08-09T05:27:04.070750+00:00,run_20260809_052657_cc1b16cd
P0241,Classic Backpack 241,Electronics,2702.53,2026-08-09T05:27:04.070750+00:00,run_20260809_052657_cc1b16cd
P0242,Premium Bottle 242,Home & Kitchen,1121.1,2026-08-09T05:27:04.070750+00:00,run_20260809_052657_cc1b16cd
P0243,Smart T-Shirt 243,Clothing,3636.7,2026-08-09T05:27:04.070750+00:00,run_20260809_052657_cc1b16cd
P0244,Everyday Headphones 244,Grocery,4171.51,2026-08-09T05:27:04.070750+00:00,run_20260809_052657_cc1b16cd
P0245,Everyday Bottle 245,Beauty,1836.36,2026-08-09T05:27:04.070750+00:00,run_20260809_052657_cc1b16cd
P0246,Everyday Headphones 246,Electronics,3554.69,2026-08-09T05:27:04.070750+00:00,run_20260809_052657_cc1b16cd
P0247,Premium T-Shirt 247,Home & Kitchen,275.3,2026-08-09T05:27:04.070750+00:00,run_20260809_052657_cc1b16cd
P0248,Classic Lamp 248,Clothing,1496.08,2026-08-09T05:27:04.070750+00:00,run_20260809_052657_cc1b16cd
P0249,Premium Backpack 249,Grocery,4348.88,2026-08-09T05:27:04.070750+00:00,run_20260809_052657_cc1b16cd
P0250,Smart Headphones 250,Beauty,4369.96,2026-08-09T05:27:04.070750+00:00,run_20260809_052657_cc1b16cd
P0251,Everyday Coffee 251,Electronics,2419.64,2026-08-09T05:27:04.070750+00:00,run_20260809_052657_cc1b16cd
P0252,Everyday Bottle 252,Home & Kitchen,4829.21,2026-08-09T05:27:04.070750+00:00,run_20260809_052657_cc1b16cd
P0253,Everyday Notebook 253,Clothing,2414.76,2026-08-09T05:27:04.070750+00:00,run_20260809_052657_cc1b16cd
P0254,Classic Coffee 254,Grocery,2484.15,2026-08-09T05:27:04.070750+00:00,run_20260809_052657_cc1b16cd
P0255,Classic Bottle 255,Beauty,788.53,2026-08-09T05:27:04.070750+00:00,run_20260809_052657_cc1b16cd
P0256,Everyday Headphones 256,Electronics,4969.89,2026-08-09T05:27:04.070750+00:00,run_20260809_052657_cc1b16cd
P0257,Classic Lamp 257,Home & Kitchen,3834.0,2026-08-09T05:27:04.070750+00:00,run_20260809_052657_cc1b16cd
P0258,Premium Notebook 258,Clothing,2636.73,2026-08-09T05:27:04.070750+00:00,run_20260809_052657_cc1b16cd
P0259,Smart Coffee 259,Grocery,1521.9,2026-08-09T05:27:04.070750+00:00,run_20260809_052657_cc1b16cd
P0260,Smart T-Shirt 260,Beauty,2864.72,2026-08-09T05:27:04.070750+00:00,run_20260809_052657_cc1b16cd
P0261,Classic Lamp 261,Electronics,4802.54,2026-08-09T05:27:04.070750+00:00,run_20260809_052657_cc1b16cd
P0262,Classic Notebook 262,Home & Kitchen,1078.55,2026-08-09T05:27:04.070750+00:00,run_20260809_052657_cc1b16cd
P0263,Premium T-Shirt 263,Clothing,3319.12,2026-08-09T05:27:04.070750+00:00,run_20260809_052657_cc1b16cd
P0264,Premium Bottle 264,Grocery,910.38,2026-08-09T05:27:04.070750+00:00,run_20260809_052657_cc1b16cd
P0265,Classic Bottle 265,Beauty,63.24,2026-08-09T05:27:04.070750+00:00,run_20260809_052657_cc1b16cd
P0266,Smart Backpack 266,Electronics,2989.37,2026-08-09T05:27:04.070750+00:00,run_20260809_052657_cc1b16cd
P0267,Everyday Headphones 267,Home & Kitchen,1195.81,2026-08-09T05:27:04.070750+00:00,run_20260809_052657_cc1b16cd
P0268,Everyday Backpack 268,Clothing,4305.05,2026-08-09T05:27:04.070750+00:00,run_20260809_052657_cc1b16cd
P0269,Classic Backpack 269,Grocery,1205.45,2026-08-09T05:27:04.070750+00:00,run_20260809_052657_cc1b16cd
P0270,Everyday Notebook 270,Beauty,3966.68,2026-08-09T05:27:04.070750+00:00,run_20260809_052657_cc1b16cd
P0271,Premium Coffee 271,Electronics,618.14,2026-08-09T05:27:04.070750+00:00,run_20260809_052657_cc1b16cd
P0272,Premium Backpack 272,Home & Kitchen,787.5,2026-08-09T05:27:04.070750+00:00,run_20260809_052657_cc1b16cd
P0273,Everyday Notebook 273,Clothing,754.07,2026-08-09T05:27:04.070750+00:00,run_20260809_052657_cc1b16cd
P0274,Classic Bottle 274,Grocery,3973.51,2026-08-09T05:27:04.070750+00:00,run_20260809_052657_cc1b16cd
P0275,Everyday Coffee 275,Beauty,665.55,2026-08-09T05:27:04.070750+00:00,run_20260809_052657_cc1b16cd
P0276,Everyday Backpack 276,Electronics,2042.42,2026-08-09T05:27:04.070750+00:00,run_20260809_052657_cc1b16cd
P0277,Everyday Lamp 277,Home & Kitchen,2722.91,2026-08-09T05:27:04.070750+00:00,run_20260809_052657_cc1b16cd
P0278,Smart Headphones 278,Clothing,3010.28,2026-08-09T05:27:04.070750+00:00,run_20260809_052657_cc1b16cd
P0279,Smart Backpack 279,Grocery,1645.49,2026-08-09T05:27:04.070750+00:00,run_20260809_052657_cc1b16cd
P0280,Everyday Headphones 280,Beauty,502.07,2026-08-09T05:27:04.070750+00:00,run_20260809_052657_cc1b16cd
P0281,Classic Notebook 281,Electronics,3377.79,2026-08-09T05:27:04.070750+00:00,run_20260809_052657_cc1b16cd
P0282,Everyday Lamp 282,Home & Kitchen,249.15,2026-08-09T05:27:04.070750+00:00,run_20260809_052657_cc1b16cd
P0283,Premium Coffee 283,Clothing,2618.87,2026-08-09T05:27:04.070750+00:00,run_20260809_052657_cc1b16cd
P0284,Smart T-Shirt 284,Grocery,948.37,2026-08-09T05:27:04.070750+00:00,run_20260809_052657_cc1b16cd
P0285,Smart Backpack 285,Beauty,4080.51,2026-08-09T05:27:04.070750+00:00,run_20260809_052657_cc1b16cd
P0286,Classic Coffee 286,Electronics,1772.41,2026-08-09T05:27:04.070750+00:00,run_20260809_052657_cc1b16cd
P0287,Everyday T-Shirt 287,Home & Kitchen,3367.16,2026-08-09T05:27:04.070750+00:00,run_20260809_052657_cc1b16cd
P0288,Premium T-Shirt 288,Clothing,2087.64,2026-08-09T05:27:04.070750+00:00,run_20260809_052657_cc1b16cd
P0289,Smart T-Shirt 289,Grocery,3329.79,2026-08-09T05:27:04.070750+00:00,run_20260809_052657_cc1b16cd
P0290,Smart Notebook 290,Beauty,3814.47,2026-08-09T05:27:04.070750+00:00,run_20260809_052657_cc1b16cd
P0291,Classic Coffee 291,Electronics,485.9,2026-08-09T05:27:04.070750+00:00,run_20260809_052657_cc1b16cd
P0292,Everyday T-Shirt 292,Home & Kitchen,623.81,2026-08-09T05:27:04.070750+00:00,run_20260809_052657_cc1b16cd
P0293,Smart Notebook 293,Clothing,2597.25,2026-08-09T05:27:04.070750+00:00,run_20260809_052657_cc1b16cd
P0294,Classic Backpack 294,Grocery,4353.37,2026-08-09T05:27:04.070750+00:00,run_20260809_052657_cc1b16cd
P0295,Smart Coffee 295,Beauty,318.31,2026-08-09T05:27:04.070750+00:00,run_20260809_052657_cc1b16cd
P0296,Everyday Lamp 296,Electronics,3794.39,2026-08-09T05:27:04.070750+00:00,run_20260809_052657_cc1b16cd
P0297,Smart Notebook 297,Home & Kitchen,305.48,2026-08-09T05:27:04.070750+00:00,run_20260809_052657_cc1b16cd
P0298,Everyday Lamp 298,Clothing,698.52,2026-08-09T05:27:04.070750+00:00,run_20260809_052657_cc1b16cd
P0299,Everyday Coffee 299,Grocery,4410.19,2026-08-09T05:27:04.070750+00:00,run_20260809_052657_cc1b16cd
P0300,Smart Headphones 300,Beauty,192.9,2026-08-09T05:27:04.070750+00:00,run_20260809_052657_cc1b16cd
P0301,Premium Backpack 301,Electronics,833.97,2026-08-09T05:27:04.070750+00:00,run_20260809_052657_cc1b16cd
P0302,Classic Lamp 302,Home & Kitchen,2069.55,2026-08-09T05:27:04.070750+00:00,run_20260809_052657_cc1b16cd
P0303,Premium Notebook 303,Clothing,4569.0,2026-08-09T05:27:04.070750+00:00,run_20260809_052657_cc1b16cd
P0304,Smart Headphones 304,Grocery,3256.16,2026-08-09T05:27:04.070750+00:00,run_20260809_052657_cc1b16cd
P0305,Premium Coffee 305,Beauty,4666.63,2026-08-09T05:27:04.070750+00:00,run_20260809_052657_cc1b16cd
P0306,Everyday Lamp 306,Electronics,3541.79,2026-08-09T05:27:04.070750+00:00,run_20260809_052657_cc1b16cd
P0307,Smart Notebook 307,Home & Kitchen,2438.37,2026-08-09T05:27:04.070750+00:00,run_20260809_052657_cc1b16cd
P0308,Smart Bottle 308,Clothing,2311.09,2026-08-09T05:27:04.070750+00:00,run_20260809_052657_cc1b16cd
P0309,Premium Coffee 309,Grocery,993.52,2026-08-09T05:27:04.070750+00:00,run_20260809_052657_cc1b16cd
P0310,Premium Notebook 310,Beauty,395.56,2026-08-09T05:27:04.070750+00:00,run_20260809_052657_cc1b16cd
P0311,Smart T-Shirt 311,Electronics,4674.53,2026-08-09T05:27:04.070750+00:00,run_20260809_052657_cc1b16cd
P0312,Everyday Notebook 312,Home & Kitchen,62.7,2026-08-09T05:27:04.070750+00:00,run_20260809_052657_cc1b16cd
P0313,Everyday Notebook 313,Clothing,2955.34,2026-08-09T05:27:04.070750+00:00,run_20260809_052657_cc1b16cd
P0314,Smart Notebook 314,Grocery,785.55,2026-08-09T05:27:04.070750+00:00,run_20260809_052657_cc1b16cd
P0315,Smart T-Shirt 315,Beauty,1695.58,2026-08-09T05:27:04.070750+00:00,run_20260809_052657_cc1b16cd
P0316,Smart Coffee 316,Electronics,4667.62,2026-08-09T05:27:04.070750+00:00,run_20260809_052657_cc1b16cd
P0317,Premium Backpack 317,Home & Kitchen,1232.09,2026-08-09T05:27:04.070750+00:00,run_20260809_052657_cc1b16cd
P0318,Smart Bottle 318,Clothing,4287.26,2026-08-09T05:27:04.070750+00:00,run_20260809_052657_cc1b16cd
P0319,Smart Headphones 319,Grocery,1624.97,2026-08-09T05:27:04.070750+00:00,run_20260809_052657_cc1b16cd
P0320,Smart Backpack 320,Beauty,4571.48,2026-08-09T05:27:04.070750+00:00,run_20260809_052657_cc1b16cd
P0321,Smart Coffee 321,Electronics,4942.65,2026-08-09T05:27:04.070750+00:00,run_20260809_052657_cc1b16cd
P0322,Premium Coffee 322,Home & Kitchen,4825.88,2026-08-09T05:27:04.070750+00:00,run_20260809_052657_cc1b16cd
P0323,Premium Lamp 323,Clothing,4828.5,2026-08-09T05:27:04.070750+00:00,run_20260809_052657_cc1b16cd
P0324,Everyday Notebook 324,Grocery,546.8,2026-08-09T05:27:04.070750+00:00,run_20260809_052657_cc1b16cd
P0325,Smart Headphones 325,Beauty,2653.46,2026-08-09T05:27:04.070750+00:00,run_20260809_052657_cc1b16cd
P0326,Smart Headphones 326,Electronics,3626.1,2026-08-09T05:27:04.070750+00:00,run_20260809_052657_cc1b16cd
P0327,Smart Notebook 327,Home & Kitchen,3291.17,2026-08-09T05:27:04.070750+00:00,run_20260809_052657_cc1b16cd
P0328,Premium Headphones 328,Clothing,2373.98,2026-08-09T05:27:04.070750+00:00,run_20260809_052657_cc1b16cd
P0329,Everyday T-Shirt 329,Grocery,3135.13,2026-08-09T05:27:04.070750+00:00,run_20260809_052657_cc1b16cd
P0330,Smart Backpack 330,Beauty,447.56,2026-08-09T05:27:04.070750+00:00,run_20260809_052657_cc1b16cd
P0331,Everyday Notebook 331,Electronics,3388.07,2026-08-09T05:27:04.070750+00:00,run_20260809_052657_cc1b16cd
P0332,Smart T-Shirt 332,Home & Kitchen,3152.66,2026-08-09T05:27:04.070750+00:00,run_20260809_052657_cc1b16cd
P0333,Smart Notebook 333,Clothing,2728.03,2026-08-09T05:27:04.070750+00:00,run_20260809_052657_cc1b16cd
P0334,Classic Bottle 334,Grocery,3174.25,2026-08-09T05:27:04.070750+00:00,run_20260809_052657_cc1b16cd
P0335,Everyday Bottle 335,Beauty,3746.49,2026-08-09T05:27:04.070750+00:00,run_20260809_052657_cc1b16cd
P0336,Smart Headphones 336,Electronics,3813.83,2026-08-09T05:27:04.070750+00:00,run_20260809_052657_cc1b16cd
P0337,Classic Coffee 337,Home & Kitchen,873.51,2026-08-09T05:27:04.070750+00:00,run_20260809_052657_cc1b16cd
P0338,Everyday Headphones 338,Clothing,277.66,2026-08-09T05:27:04.070750+00:00,run_20260809_052657_cc1b16cd
P0339,Classic T-Shirt 339,Grocery,1824.39,2026-08-09T05:27:04.070750+00:00,run_20260809_052657_cc1b16cd
P0340,Smart Bottle 340,Beauty,1258.78,2026-08-09T05:27:04.070750+00:00,run_20260809_052657_cc1b16cd
P0341,Smart Lamp 341,Electronics,3424.91,2026-08-09T05:27:04.070750+00:00,run_20260809_052657_cc1b16cd
P0342,Premium Bottle 342,Home & Kitchen,916.59,2026-08-09T05:27:04.070750+00:00,run_20260809_052657_cc1b16cd
P0343,Smart Lamp 343,Clothing,3431.52,2026-08-09T05:27:04.070750+00:00,run_20260809_052657_cc1b16cd
P0344,Smart Lamp 344,Grocery,758.43,2026-08-09T05:27:04.070750+00:00,run_20260809_052657_cc1b16cd
P0345,Smart Backpack 345,Beauty,1307.19,2026-08-09T05:27:04.070750+00:00,run_20260809_052657_cc1b16cd
P0346,Everyday Backpack 346,Electronics,96.52,2026-08-09T05:27:04.070750+00:00,run_20260809_052657_cc1b16cd
P0347,Smart T-Shirt 347,Home & Kitchen,3404.17,2026-08-09T05:27:04.070750+00:00,run_20260809_052657_cc1b16cd
P0348,Premium Headphones 348,Clothing,2236.56,2026-08-09T05:27:04.070750+00:00,run_20260809_052657_cc1b16cd
P0349,Everyday Lamp 349,Grocery,1530.81,2026-08-09T05:27:04.070750+00:00,run_20260809_052657_cc1b16cd
P0350,Smart Backpack 350,Beauty,1287.99,2026-08-09T05:27:04.070750+00:00,run_20260809_052657_cc1b16cd
P0351,Everyday Bottle 351,Electronics,4996.9,2026-08-09T05:27:04.070750+00:00,run_20260809_052657_cc1b16cd
P0352,Smart Headphones 352,Home & Kitchen,1224.17,2026-08-09T05:27:04.070750+00:00,run_20260809_052657_cc1b16cd
P0353,Everyday Lamp 353,Clothing,1514.57,2026-08-09T05:27:04.070750+00:00,run_20260809_052657_cc1b16cd
P0354,Everyday Headphones 354,Grocery,4890.83,2026-08-09T05:27:04.070750+00:00,run_20260809_052657_cc1b16cd
P0355,Smart T-Shirt 355,Beauty,90.08,2026-08-09T05:27:04.070750+00:00,run_20260809_052657_cc1b16cd
P0356,Classic Lamp 356,Electronics,3738.6,2026-08-09T05:27:04.070750+00:00,run_20260809_052657_cc1b16cd
P0357,Everyday Notebook 357,Home & Kitchen,4004.36,2026-08-09T05:27:04.070750+00:00,run_20260809_052657_cc1b16cd
P0358,Everyday Bottle 358,Clothing,3201.26,2026-08-09T05:27:04.070750+00:00,run_20260809_052657_cc1b16cd
P0359,Everyday Backpack 359,Grocery,3790.11,2026-08-09T05:27:04.070750+00:00,run_20260809_052657_cc1b16cd
P0360,Premium Backpack 360,Beauty,530.96,2026-08-09T05:27:04.070750+00:00,run_20260809_052657_cc1b16cd
P0361,Classic T-Shirt 361,Electronics,3953.62,2026-08-09T05:27:04.070750+00:00,run_20260809_052657_cc1b16cd
P0362,Classic Lamp 362,Home & Kitchen,1856.06,2026-08-09T05:27:04.070750+00:00,run_20260809_052657_cc1b16cd
P0363,Premium Headphones 363,Clothing,4552.66,2026-08-09T05:27:04.070750+00:00,run_20260809_052657_cc1b16cd
P0364,Everyday Backpack 364,Grocery,2106.74,2026-08-09T05:27:04.070750+00:00,run_20260809_052657_cc1b16cd
P0365,Premium Bottle 365,Beauty,3943.24,2026-08-09T05:27:04.070750+00:00,run_20260809_052657_cc1b16cd
P0366,Everyday Lamp 366,Electronics,2533.88,2026-08-09T05:27:04.070750+00:00,run_20260809_052657_cc1b16cd
P0367,Everyday Notebook 367,Home & Kitchen,864.49,2026-08-09T05:27:04.070750+00:00,run_20260809_052657_cc1b16cd
P0368,Smart Notebook 368,Clothing,1510.95,2026-08-09T05:27:04.070750+00:00,run_20260809_052657_cc1b16cd
P0369,Everyday Notebook 369,Grocery,620.09,2026-08-09T05:27:04.070750+00:00,run_20260809_052657_cc1b16cd
P0370,Classic Bottle 370,Beauty,3783.05,2026-08-09T05:27:04.070750+00:00,run_20260809_052657_cc1b16cd
P0371,Premium Notebook 371,Electronics,3397.8,2026-08-09T05:27:04.070750+00:00,run_20260809_052657_cc1b16cd
P0372,Smart Notebook 372,Home & Kitchen,4032.71,2026-08-09T05:27:04.070750+00:00,run_20260809_052657_cc1b16cd
P0373,Everyday Headphones 373,Clothing,3963.88,2026-08-09T05:27:04.070750+00:00,run_20260809_052657_cc1b16cd
P0374,Classic T-Shirt 374,Grocery,2706.03,2026-08-09T05:27:04.070750+00:00,run_20260809_052657_cc1b16cd
P0375,Smart T-Shirt 375,Beauty,3380.5,2026-08-09T05:27:04.070750+00:00,run_20260809_052657_cc1b16cd
P0376,Everyday Lamp 376,Electronics,1936.08,2026-08-09T05:27:04.070750+00:00,run_20260809_052657_cc1b16cd
P0377,Everyday Headphones 377,Home & Kitchen,3390.44,2026-08-09T05:27:04.070750+00:00,run_20260809_052657_cc1b16cd
P0378,Smart Headphones 378,Clothing,3116.76,2026-08-09T05:27:04.070750+00:00,run_20260809_052657_cc1b16cd
P0379,Everyday Lamp 379,Grocery,1145.77,2026-08-09T05:27:04.070750+00:00,run_20260809_052657_cc1b16cd
P0380,Classic Backpack 380,Beauty,4128.08,2026-08-09T05:27:04.070750+00:00,run_20260809_052657_cc1b16cd
P0381,Everyday Backpack 381,Electronics,2071.06,2026-08-09T05:27:04.070750+00:00,run_20260809_052657_cc1b16cd
P0382,Premium Headphones 382,Home & Kitchen,4733.99,2026-08-09T05:27:04.070750+00:00,run_20260809_052657_cc1b16cd
P0383,Everyday Coffee 383,Clothing,624.8,2026-08-09T05:27:04.070750+00:00,run_20260809_052657_cc1b16cd
P0384,Premium Lamp 384,Grocery,721.54,2026-08-09T05:27:04.070750+00:00,run_20260809_052657_cc1b16cd
P0385,Smart T-Shirt 385,Beauty,3368.91,2026-08-09T05:27:04.070750+00:00,run_20260809_052657_cc1b16cd
P0386,Smart Lamp 386,Electronics,3724.23,2026-08-09T05:27:04.070750+00:00,run_20260809_052657_cc1b16cd
P0387,Premium Coffee 387,Home & Kitchen,3291.86,2026-08-09T05:27:04.070750+00:00,run_20260809_052657_cc1b16cd
P0388,Smart Lamp 388,Clothing,2070.17,2026-08-09T05:27:04.070750+00:00,run_20260809_052657_cc1b16cd
P0389,Everyday Headphones 389,Grocery,3466.89,2026-08-09T05:27:04.070750+00:00,run_20260809_052657_cc1b16cd
P0390,Premium Coffee 390,Beauty,2251.24,2026-08-09T05:27:04.070750+00:00,run_20260809_052657_cc1b16cd
P0391,Premium Notebook 391,Electronics,1845.3,2026-08-09T05:27:04.070750+00:00,run_20260809_052657_cc1b16cd
P0392,Everyday Lamp 392,Home & Kitchen,4513.4,2026-08-09T05:27:04.070750+00:00,run_20260809_052657_cc1b16cd
P0393,Everyday Headphones 393,Clothing,2020.79,2026-08-09T05:27:04.070750+00:00,run_20260809_052657_cc1b16cd
P0394,Premium Headphones 394,Grocery,4747.6,2026-08-09T05:27:04.070750+00:00,run_20260809_052657_cc1b16cd
P0395,Smart Headphones 395,Beauty,3330.71,2026-08-09T05:27:04.070750+00:00,run_20260809_052657_cc1b16cd
P0396,Classic Headphones 396,Electronics,3944.63,2026-08-09T05:27:04.070750+00:00,run_20260809_052657_cc1b16cd
P0397,Premium Bottle 397,Home & Kitchen,3945.54,2026-08-09T05:27:04.070750+00:00,run_20260809_052657_cc1b16cd
P0398,Premium Headphones 398,Clothing,4157.6,2026-08-09T05:27:04.070750+00:00,run_20260809_052657_cc1b16cd
P0399,Premium Lamp 399,Grocery,1118.96,2026-08-09T05:27:04.070750+00:00,run_20260809_052657_cc1b16cd
P0400,Premium T-Shirt 400,Beauty,3883.12,2026-08-09T05:27:04.070750+00:00,run_20260809_052657_cc1b16cd
P0401,Classic T-Shirt 401,Electronics,4299.11,2026-08-09T05:27:04.070750+00:00,run_20260809_052657_cc1b16cd
P0402,Premium Bottle 402,Home & Kitchen,2724.07,2026-08-09T05:27:04.070750+00:00,run_20260809_052657_cc1b16cd
P0403,Premium Headphones 403,Clothing,3322.24,2026-08-09T05:27:04.070750+00:00,run_20260809_052657_cc1b16cd
P0404,Classic Bottle 404,Grocery,123.56,2026-08-09T05:27:04.070750+00:00,run_20260809_052657_cc1b16cd
P0405,Premium Lamp 405,Beauty,1652.67,2026-08-09T05:27:04.070750+00:00,run_20260809_052657_cc1b16cd
P0406,Premium T-Shirt 406,Electronics,309.38,2026-08-09T05:27:04.070750+00:00,run_20260809_052657_cc1b16cd
P0407,Smart Lamp 407,Home & Kitchen,612.56,2026-08-09T05:27:04.070750+00:00,run_20260809_052657_cc1b16cd
P0408,Classic Coffee 408,Clothing,2268.96,2026-08-09T05:27:04.070750+00:00,run_20260809_052657_cc1b16cd
P0409,Everyday Lamp 409,Grocery,2988.65,2026-08-09T05:27:04.070750+00:00,run_20260809_052657_cc1b16cd
P0410,Smart Lamp 410,Beauty,1146.67,2026-08-09T05:27:04.070750+00:00,run_20260809_052657_cc1b16cd
P0411,Classic Backpack 411,Electronics,3926.97,2026-08-09T05:27:04.070750+00:00,run_20260809_052657_cc1b16cd
P0412,Everyday Coffee 412,Home & Kitchen,3234.54,2026-08-09T05:27:04.070750+00:00,run_20260809_052657_cc1b16cd
P0413,Classic Headphones 413,Clothing,4993.0,2026-08-09T05:27:04.070750+00:00,run_20260809_052657_cc1b16cd
P0414,Smart Coffee 414,Grocery,3446.18,2026-08-09T05:27:04.070750+00:00,run_20260809_052657_cc1b16cd
P0415,Smart Backpack 415,Beauty,4553.02,2026-08-09T05:27:04.070750+00:00,run_20260809_052657_cc1b16cd
P0416,Classic Headphones 416,Electronics,1644.45,2026-08-09T05:27:04.070750+00:00,run_20260809_052657_cc1b16cd
P0417,Premium Headphones 417,Home & Kitchen,674.65,2026-08-09T05:27:04.070750+00:00,run_20260809_052657_cc1b16cd
P0418,Everyday Coffee 418,Clothing,4973.41,2026-08-09T05:27:04.070750+00:00,run_20260809_052657_cc1b16cd
P0419,Everyday Coffee 419,Grocery,2552.48,2026-08-09T05:27:04.070750+00:00,run_20260809_052657_cc1b16cd
P0420,Smart Headphones 420,Beauty,3975.83,2026-08-09T05:27:04.070750+00:00,run_20260809_052657_cc1b16cd
P0421,Classic Notebook 421,Electronics,3290.83,2026-08-09T05:27:04.070750+00:00,run_20260809_052657_cc1b16cd
P0422,Premium Coffee 422,Home & Kitchen,2285.2,2026-08-09T05:27:04.070750+00:00,run_20260809_052657_cc1b16cd
P0423,Premium Coffee 423,Clothing,1727.71,2026-08-09T05:27:04.070750+00:00,run_20260809_052657_cc1b16cd
P0424,Smart Coffee 424,Grocery,2109.15,2026-08-09T05:27:04.070750+00:00,run_20260809_052657_cc1b16cd
P0425,Classic T-Shirt 425,Beauty,2162.48,2026-08-09T05:27:04.070750+00:00,run_20260809_052657_cc1b16cd
P0426,Everyday T-Shirt 426,Electronics,4770.28,2026-08-09T05:27:04.070750+00:00,run_20260809_052657_cc1b16cd
P0427,Smart Headphones 427,Home & Kitchen,501.56,2026-08-09T05:27:04.070750+00:00,run_20260809_052657_cc1b16cd
P0428,Classic Headphones 428,Clothing,2187.79,2026-08-09T05:27:04.070750+00:00,run_20260809_052657_cc1b16cd
P0429,Everyday Notebook 429,Grocery,694.07,2026-08-09T05:27:04.070750+00:00,run_20260809_052657_cc1b16cd
P0430,Classic Lamp 430,Beauty,4785.29,2026-08-09T05:27:04.070750+00:00,run_20260809_052657_cc1b16cd
P0431,Everyday Backpack 431,Electronics,655.04,2026-08-09T05:27:04.070750+00:00,run_20260809_052657_cc1b16cd
P0432,Everyday Notebook 432,Home & Kitchen,3343.44,2026-08-09T05:27:04.070750+00:00,run_20260809_052657_cc1b16cd
P0433,Smart Notebook 433,Clothing,4583.43,2026-08-09T05:27:04.070750+00:00,run_20260809_052657_cc1b16cd
P0434,Classic T-Shirt 434,Grocery,3022.03,2026-08-09T05:27:04.070750+00:00,run_20260809_052657_cc1b16cd
P0435,Everyday Headphones 435,Beauty,2910.7,2026-08-09T05:27:04.070750+00:00,run_20260809_052657_cc1b16cd
P0436,Premium Bottle 436,Electronics,3300.84,2026-08-09T05:27:04.070750+00:00,run_20260809_052657_cc1b16cd
P0437,Premium Notebook 437,Home & Kitchen,585.68,2026-08-09T05:27:04.070750+00:00,run_20260809_052657_cc1b16cd
P0438,Everyday Headphones 438,Clothing,3824.9,2026-08-09T05:27:04.070750+00:00,run_20260809_052657_cc1b16cd
P0439,Premium Notebook 439,Grocery,2174.11,2026-08-09T05:27:04.070750+00:00,run_20260809_052657_cc1b16cd
P0440,Classic Lamp 440,Beauty,4648.97,2026-08-09T05:27:04.070750+00:00,run_20260809_052657_cc1b16cd
P0441,Everyday Headphones 441,Electronics,943.06,2026-08-09T05:27:04.070750+00:00,run_20260809_052657_cc1b16cd
P0442,Everyday T-Shirt 442,Home & Kitchen,1787.57,2026-08-09T05:27:04.070750+00:00,run_20260809_052657_cc1b16cd
P0443,Premium Notebook 443,Clothing,759.09,2026-08-09T05:27:04.070750+00:00,run_20260809_052657_cc1b16cd
P0444,Smart Headphones 444,Grocery,752.28,2026-08-09T05:27:04.070750+00:00,run_20260809_052657_cc1b16cd
P0445,Classic Headphones 445,Beauty,3743.25,2026-08-09T05:27:04.070750+00:00,run_20260809_052657_cc1b16cd
P0446,Premium Coffee 446,Electronics,2128.17,2026-08-09T05:27:04.070750+00:00,run_20260809_052657_cc1b16cd
P0447,Everyday Bottle 447,Home & Kitchen,1881.76,2026-08-09T05:27:04.070750+00:00,run_20260809_052657_cc1b16cd
P0448,Everyday Notebook 448,Clothing,4709.97,2026-08-09T05:27:04.070750+00:00,run_20260809_052657_cc1b16cd
P0449,Classic Headphones 449,Grocery,820.12,2026-08-09T05:27:04.070750+00:00,run_20260809_052657_cc1b16cd
P0450,Classic Backpack 450,Beauty,453.83,2026-08-09T05:27:04.070750+00:00,run_20260809_052657_cc1b16cd
P0451,Smart Backpack 451,Electronics,2148.87,2026-08-09T05:27:04.070750+00:00,run_20260809_052657_cc1b16cd
P0452,Smart Coffee 452,Home & Kitchen,1402.18,2026-08-09T05:27:04.070750+00:00,run_20260809_052657_cc1b16cd
P0453,Classic T-Shirt 453,Clothing,2178.07,2026-08-09T05:27:04.070750+00:00,run_20260809_052657_cc1b16cd
P0454,Everyday Backpack 454,Grocery,3408.51,2026-08-09T05:27:04.070750+00:00,run_20260809_052657_cc1b16cd
P0455,Smart Lamp 455,Beauty,3352.31,2026-08-09T05:27:04.070750+00:00,run_20260809_052657_cc1b16cd
P0456,Classic Bottle 456,Electronics,2006.55,2026-08-09T05:27:04.070750+00:00,run_20260809_052657_cc1b16cd
P0457,Classic Headphones 457,Home & Kitchen,1061.89,2026-08-09T05:27:04.070750+00:00,run_20260809_052657_cc1b16cd
P0458,Premium Notebook 458,Clothing,729.31,2026-08-09T05:27:04.070750+00:00,run_20260809_052657_cc1b16cd
P0459,Everyday T-Shirt 459,Grocery,1674.21,2026-08-09T05:27:04.070750+00:00,run_20260809_052657_cc1b16cd
P0460,Classic Coffee 460,Beauty,3747.72,2026-08-09T05:27:04.070750+00:00,run_20260809_052657_cc1b16cd
P0461,Premium Bottle 461,Electronics,1932.03,2026-08-09T05:27:04.070750+00:00,run_20260809_052657_cc1b16cd
P0462,Premium Lamp 462,Home & Kitchen,2815.68,2026-08-09T05:27:04.070750+00:00,run_20260809_052657_cc1b16cd
P0463,Everyday Headphones 463,Clothing,2015.5,2026-08-09T05:27:04.070750+00:00,run_20260809_052657_cc1b16cd
P0464,Classic Coffee 464,Grocery,142.77,2026-08-09T05:27:04.070750+00:00,run_20260809_052657_cc1b16cd
P0465,Classic Notebook 465,Beauty,1599.65,2026-08-09T05:27:04.070750+00:00,run_20260809_052657_cc1b16cd
P0466,Smart Lamp 466,Electronics,2051.89,2026-08-09T05:27:04.070750+00:00,run_20260809_052657_cc1b16cd
P0467,Smart T-Shirt 467,Home & Kitchen,620.11,2026-08-09T05:27:04.070750+00:00,run_20260809_052657_cc1b16cd
P0468,Classic T-Shirt 468,Clothing,900.77,2026-08-09T05:27:04.070750+00:00,run_20260809_052657_cc1b16cd
P0469,Smart Notebook 469,Grocery,3463.57,2026-08-09T05:27:04.070750+00:00,run_20260809_052657_cc1b16cd
P0470,Everyday Headphones 470,Beauty,2211.72,2026-08-09T05:27:04.070750+00:00,run_20260809_052657_cc1b16cd
P0471,Classic Bottle 471,Electronics,2206.6,2026-08-09T05:27:04.070750+00:00,run_20260809_052657_cc1b16cd
P0472,Smart Lamp 472,Home & Kitchen,439.3,2026-08-09T05:27:04.070750+00:00,run_20260809_052657_cc1b16cd
P0473,Everyday Backpack 473,Clothing,1730.59,2026-08-09T05:27:04.070750+00:00,run_20260809_052657_cc1b16cd
P0474,Everyday Notebook 474,Grocery,882.26,2026-08-09T05:27:04.070750+00:00,run_20260809_052657_cc1b16cd
P0475,Classic Lamp 475,Beauty,2574.26,2026-08-09T05:27:04.070750+00:00,run_20260809_052657_cc1b16cd
P0476,Everyday T-Shirt 476,Electronics,3650.53,2026-08-09T05:27:04.070750+00:00,run_20260809_052657_cc1b16cd
P0477,Premium Bottle 477,Home & Kitchen,558.88,2026-08-09T05:27:04.070750+00:00,run_20260809_052657_cc1b16cd
P0478,Everyday Bottle 478,Clothing,908.82,2026-08-09T05:27:04.070750+00:00,run_20260809_052657_cc1b16cd
P0479,Premium Notebook 479,Grocery,3807.8,2026-08-09T05:27:04.070750+00:00,run_20260809_052657_cc1b16cd
P0480,Classic Bottle 480,Beauty,4758.9,2026-08-09T05:27:04.070750+00:00,run_20260809_052657_cc1b16cd
P0481,Smart Coffee 481,Electronics,3784.51,2026-08-09T05:27:04.070750+00:00,run_20260809_052657_cc1b16cd
P0482,Smart Backpack 482,Home & Kitchen,4624.56,2026-08-09T05:27:04.070750+00:00,run_20260809_052657_cc1b16cd
P0483,Everyday Notebook 483,Clothing,4856.32,2026-08-09T05:27:04.070750+00:00,run_20260809_052657_cc1b16cd
P0484,Everyday Bottle 484,Grocery,2226.83,2026-08-09T05:27:04.070750+00:00,run_20260809_052657_cc1b16cd
P0485,Smart Coffee 485,Beauty,3175.36,2026-08-09T05:27:04.070750+00:00,run_20260809_052657_cc1b16cd
P0486,Everyday Lamp 486,Electronics,328.05,2026-08-09T05:27:04.070750+00:00,run_20260809_052657_cc1b16cd
P0487,Classic T-Shirt 487,Home & Kitchen,2335.63,2026-08-09T05:27:04.070750+00:00,run_20260809_052657_cc1b16cd
P0488,Classic Headphones 488,Clothing,1875.25,2026-08-09T05:27:04.070750+00:00,run_20260809_052657_cc1b16cd
P0489,Everyday Headphones 489,Grocery,3241.1,2026-08-09T05:27:04.070750+00:00,run_20260809_052657_cc1b16cd
P0490,Classic Lamp 490,Beauty,2990.7,2026-08-09T05:27:04.070750+00:00,run_20260809_052657_cc1b16cd
P0491,Smart Coffee 491,Electronics,2922.63,2026-08-09T05:27:04.070750+00:00,run_20260809_052657_cc1b16cd
P0492,Classic Coffee 492,Home & Kitchen,4549.8,2026-08-09T05:27:04.070750+00:00,run_20260809_052657_cc1b16cd
P0493,Premium T-Shirt 493,Clothing,3044.78,2026-08-09T05:27:04.070750+00:00,run_20260809_052657_cc1b16cd
P0494,Premium Headphones 494,Grocery,2280.09,2026-08-09T05:27:04.070750+00:00,run_20260809_052657_cc1b16cd
P0495,Everyday Backpack 495,Beauty,467.43,2026-08-09T05:27:04.070750+00:00,run_20260809_052657_cc1b16cd
P0496,Premium Headphones 496,Electronics,1276.33,2026-08-09T05:27:04.070750+00:00,run_20260809_052657_cc1b16cd
P0497,Smart Coffee 497,Home & Kitchen,2644.14,2026-08-09T05:27:04.070750+00:00,run_20260809_052657_cc1b16cd
P0498,Premium T-Shirt 498,Clothing,1895.62,2026-08-09T05:27:04.070750+00:00,run_20260809_052657_cc1b16cd
P0499,Everyday Coffee 499,Grocery,2073.41,2026-08-09T05:27:04.070750+00:00,run_20260809_052657_cc1b16cd
P0500,Everyday Backpack 500,Beauty,3009.54,2026-08-09T05:27:04.070750+00:00,run_20260809_052657_cc1b16cd
P0501,Everyday Headphones 501,Electronics,1681.97,2026-08-09T05:27:04.070750+00:00,run_20260809_052657_cc1b16cd
P0502,Smart T-Shirt 502,Home & Kitchen,1297.38,2026-08-09T05:27:04.070750+00:00,run_20260809_052657_cc1b16cd
P0503,Premium T-Shirt 503,Clothing,453.43,2026-08-09T05:27:04.070750+00:00,run_20260809_052657_cc1b16cd
P0504,Premium T-Shirt 504,Grocery,1585.65,2026-08-09T05:27:04.070750+00:00,run_20260809_052657_cc1b16cd
P0505,Smart Bottle 505,Beauty,2995.45,2026-08-09T05:27:04.070750+00:00,run_20260809_052657_cc1b16cd
P0506,Classic T-Shirt 506,Electronics,2816.66,2026-08-09T05:27:04.070750+00:00,run_20260809_052657_cc1b16cd
P0507,Everyday Notebook 507,Home & Kitchen,682.58,2026-08-09T05:27:04.070750+00:00,run_20260809_052657_cc1b16cd
P0508,Classic Backpack 508,Clothing,3368.76,2026-08-09T05:27:04.070750+00:00,run_20260809_052657_cc1b16cd
P0509,Everyday Headphones 509,Grocery,1844.86,2026-08-09T05:27:04.070750+00:00,run_20260809_052657_cc1b16cd
P0510,Premium Bottle 510,Beauty,1741.58,2026-08-09T05:27:04.070750+00:00,run_20260809_052657_cc1b16cd
P0511,Smart Bottle 511,Electronics,1171.39,2026-08-09T05:27:04.070750+00:00,run_20260809_052657_cc1b16cd
P0512,Premium Bottle 512,Home & Kitchen,431.97,2026-08-09T05:27:04.070750+00:00,run_20260809_052657_cc1b16cd
P0513,Classic Lamp 513,Clothing,3865.83,2026-08-09T05:27:04.070750+00:00,run_20260809_052657_cc1b16cd
P0514,Classic Backpack 514,Grocery,1716.98,2026-08-09T05:27:04.070750+00:00,run_20260809_052657_cc1b16cd
P0515,Premium Lamp 515,Beauty,1914.76,2026-08-09T05:27:04.070750+00:00,run_20260809_052657_cc1b16cd
P0516,Premium Bottle 516,Electronics,4165.16,2026-08-09T05:27:04.070750+00:00,run_20260809_052657_cc1b16cd
P0517,Premium Backpack 517,Home & Kitchen,2216.48,2026-08-09T05:27:04.070750+00:00,run_20260809_052657_cc1b16cd
P0518,Smart T-Shirt 518,Clothing,3398.0,2026-08-09T05:27:04.070750+00:00,run_20260809_052657_cc1b16cd
P0519,Premium Coffee 519,Grocery,3072.45,2026-08-09T05:27:04.070750+00:00,run_20260809_052657_cc1b16cd
P0520,Smart Bottle 520,Beauty,2693.36,2026-08-09T05:27:04.070750+00:00,run_20260809_052657_cc1b16cd
P0521,Everyday Notebook 521,Electronics,3932.63,2026-08-09T05:27:04.070750+00:00,run_20260809_052657_cc1b16cd
P0522,Premium T-Shirt 522,Home & Kitchen,3407.62,2026-08-09T05:27:04.070750+00:00,run_20260809_052657_cc1b16cd
P0523,Smart Coffee 523,Clothing,3858.72,2026-08-09T05:27:04.070750+00:00,run_20260809_052657_cc1b16cd
P0524,Smart Lamp 524,Grocery,2660.93,2026-08-09T05:27:04.070750+00:00,run_20260809_052657_cc1b16cd
P0525,Premium Notebook 525,Beauty,1038.5,2026-08-09T05:27:04.070750+00:00,run_20260809_052657_cc1b16cd
P0526,Premium Notebook 526,Electronics,1287.52,2026-08-09T05:27:04.070750+00:00,run_20260809_052657_cc1b16cd
P0527,Smart Notebook 527,Home & Kitchen,1887.5,2026-08-09T05:27:04.070750+00:00,run_20260809_052657_cc1b16cd
P0528,Classic Backpack 528,Clothing,4237.17,2026-08-09T05:27:04.070750+00:00,run_20260809_052657_cc1b16cd
P0529,Classic T-Shirt 529,Grocery,465.18,2026-08-09T05:27:04.070750+00:00,run_20260809_052657_cc1b16cd
P0530,Premium T-Shirt 530,Beauty,2274.13,2026-08-09T05:27:04.070750+00:00,run_20260809_052657_cc1b16cd
P0531,Premium Notebook 531,Electronics,2215.49,2026-08-09T05:27:04.070750+00:00,run_20260809_052657_cc1b16cd
P0532,Premium Notebook 532,Home & Kitchen,2283.08,2026-08-09T05:27:04.070750+00:00,run_20260809_052657_cc1b16cd
P0533,Everyday Headphones 533,Clothing,2103.74,2026-08-09T05:27:04.070750+00:00,run_20260809_052657_cc1b16cd
P0534,Smart Lamp 534,Grocery,1901.11,2026-08-09T05:27:04.070750+00:00,run_20260809_052657_cc1b16cd
P0535,Smart Headphones 535,Beauty,1905.82,2026-08-09T05:27:04.070750+00:00,run_20260809_052657_cc1b16cd
P0536,Classic T-Shirt 536,Electronics,4657.59,2026-08-09T05:27:04.070750+00:00,run_20260809_052657_cc1b16cd
P0537,Everyday Notebook 537,Home & Kitchen,772.94,2026-08-09T05:27:04.070750+00:00,run_20260809_052657_cc1b16cd
P0538,Classic T-Shirt 538,Clothing,4591.11,2026-08-09T05:27:04.070750+00:00,run_20260809_052657_cc1b16cd
P0539,Smart Backpack 539,Grocery,4164.0,2026-08-09T05:27:04.070750+00:00,run_20260809_052657_cc1b16cd
P0540,Smart Coffee 540,Beauty,3095.97,2026-08-09T05:27:04.070750+00:00,run_20260809_052657_cc1b16cd
P0541,Classic Headphones 541,Electronics,1316.82,2026-08-09T05:27:04.070750+00:00,run_20260809_052657_cc1b16cd
P0542,Premium Lamp 542,Home & Kitchen,4704.12,2026-08-09T05:27:04.070750+00:00,run_20260809_052657_cc1b16cd
P0543,Smart Headphones 543,Clothing,3892.05,2026-08-09T05:27:04.070750+00:00,run_20260809_052657_cc1b16cd
P0544,Premium T-Shirt 544,Grocery,653.15,2026-08-09T05:27:04.070750+00:00,run_20260809_052657_cc1b16cd
P0545,Premium Coffee 545,Beauty,3212.81,2026-08-09T05:27:04.070750+00:00,run_20260809_052657_cc1b16cd
P0546,Smart Headphones 546,Electronics,598.75,2026-08-09T05:27:04.070750+00:00,run_20260809_052657_cc1b16cd
P0547,Smart Lamp 547,Home & Kitchen,2703.47,2026-08-09T05:27:04.070750+00:00,run_20260809_052657_cc1b16cd
P0548,Premium Backpack 548,Clothing,760.71,2026-08-09T05:27:04.070750+00:00,run_20260809_052657_cc1b16cd
P0549,Smart Headphones 549,Grocery,3093.31,2026-08-09T05:27:04.070750+00:00,run_20260809_052657_cc1b16cd
P0550,Premium Lamp 550,Beauty,2112.01,2026-08-09T05:27:04.070750+00:00,run_20260809_052657_cc1b16cd
P0551,Classic Lamp 551,Electronics,4874.54,2026-08-09T05:27:04.070750+00:00,run_20260809_052657_cc1b16cd
P0552,Classic Lamp 552,Home & Kitchen,2743.21,2026-08-09T05:27:04.070750+00:00,run_20260809_052657_cc1b16cd
P0553,Classic Coffee 553,Clothing,4372.99,2026-08-09T05:27:04.070750+00:00,run_20260809_052657_cc1b16cd
P0554,Classic Backpack 554,Grocery,1965.06,2026-08-09T05:27:04.070750+00:00,run_20260809_052657_cc1b16cd
P0555,Everyday T-Shirt 555,Beauty,3749.22,2026-08-09T05:27:04.070750+00:00,run_20260809_052657_cc1b16cd
P0556,Everyday Notebook 556,Electronics,384.42,2026-08-09T05:27:04.070750+00:00,run_20260809_052657_cc1b16cd
P0557,Premium Backpack 557,Home & Kitchen,3302.67,2026-08-09T05:27:04.070750+00:00,run_20260809_052657_cc1b16cd
P0558,Classic Notebook 558,Clothing,2930.42,2026-08-09T05:27:04.070750+00:00,run_20260809_052657_cc1b16cd
P0559,Everyday Bottle 559,Grocery,269.46,2026-08-09T05:27:04.070750+00:00,run_20260809_052657_cc1b16cd
P0560,Everyday Notebook 560,Beauty,3231.84,2026-08-09T05:27:04.070750+00:00,run_20260809_052657_cc1b16cd
P0561,Smart Backpack 561,Electronics,2418.73,2026-08-09T05:27:04.070750+00:00,run_20260809_052657_cc1b16cd
P0562,Premium Notebook 562,Home & Kitchen,717.52,2026-08-09T05:27:04.070750+00:00,run_20260809_052657_cc1b16cd
P0563,Smart Headphones 563,Clothing,1502.54,2026-08-09T05:27:04.070750+00:00,run_20260809_052657_cc1b16cd
P0564,Classic Notebook 564,Grocery,1037.38,2026-08-09T05:27:04.070750+00:00,run_20260809_052657_cc1b16cd
P0565,Classic T-Shirt 565,Beauty,4670.19,2026-08-09T05:27:04.070750+00:00,run_20260809_052657_cc1b16cd
P0566,Smart Notebook 566,Electronics,2738.0,2026-08-09T05:27:04.070750+00:00,run_20260809_052657_cc1b16cd
P0567,Everyday Headphones 567,Home & Kitchen,3778.79,2026-08-09T05:27:04.070750+00:00,run_20260809_052657_cc1b16cd
P0568,Premium T-Shirt 568,Clothing,1817.02,2026-08-09T05:27:04.070750+00:00,run_20260809_052657_cc1b16cd
P0569,Classic Notebook 569,Grocery,3295.87,2026-08-09T05:27:04.070750+00:00,run_20260809_052657_cc1b16cd
P0570,Everyday Headphones 570,Beauty,4006.74,2026-08-09T05:27:04.070750+00:00,run_20260809_052657_cc1b16cd
P0571,Smart Coffee 571,Electronics,3729.37,2026-08-09T05:27:04.070750+00:00,run_20260809_052657_cc1b16cd
P0572,Smart T-Shirt 572,Home & Kitchen,4869.93,2026-08-09T05:27:04.070750+00:00,run_20260809_052657_cc1b16cd
P0573,Smart Backpack 573,Clothing,2512.74,2026-08-09T05:27:04.070750+00:00,run_20260809_052657_cc1b16cd
P0574,Everyday Notebook 574,Grocery,458.93,2026-08-09T05:27:04.070750+00:00,run_20260809_052657_cc1b16cd
P0575,Smart Headphones 575,Beauty,2181.51,2026-08-09T05:27:04.070750+00:00,run_20260809_052657_cc1b16cd
P0576,Premium Lamp 576,Electronics,1504.14,2026-08-09T05:27:04.070750+00:00,run_20260809_052657_cc1b16cd
P0577,Classic Headphones 577,Home & Kitchen,1673.2,2026-08-09T05:27:04.070750+00:00,run_20260809_052657_cc1b16cd
P0578,Everyday T-Shirt 578,Clothing,2257.28,2026-08-09T05:27:04.070750+00:00,run_20260809_052657_cc1b16cd
P0579,Smart Bottle 579,Grocery,3464.34,2026-08-09T05:27:04.070750+00:00,run_20260809_052657_cc1b16cd
P0580,Everyday Coffee 580,Beauty,259.66,2026-08-09T05:27:04.070750+00:00,run_20260809_052657_cc1b16cd
P0581,Everyday Lamp 581,Electronics,4990.85,2026-08-09T05:27:04.070750+00:00,run_20260809_052657_cc1b16cd
P0582,Everyday Backpack 582,Home & Kitchen,4901.14,2026-08-09T05:27:04.070750+00:00,run_20260809_052657_cc1b16cd
P0583,Classic Headphones 583,Clothing,3372.36,2026-08-09T05:27:04.070750+00:00,run_20260809_052657_cc1b16cd
P0584,Smart T-Shirt 584,Grocery,2589.78,2026-08-09T05:27:04.070750+00:00,run_20260809_052657_cc1b16cd
P0585,Premium Headphones 585,Beauty,756.76,2026-08-09T05:27:04.070750+00:00,run_20260809_052657_cc1b16cd
P0586,Smart Headphones 586,Electronics,674.84,2026-08-09T05:27:04.070750+00:00,run_20260809_052657_cc1b16cd
P0587,Premium Notebook 587,Home & Kitchen,3243.56,2026-08-09T05:27:04.070750+00:00,run_20260809_052657_cc1b16cd
P0588,Everyday Coffee 588,Clothing,4749.86,2026-08-09T05:27:04.070750+00:00,run_20260809_052657_cc1b16cd
P0589,Classic Lamp 589,Grocery,809.52,2026-08-09T05:27:04.070750+00:00,run_20260809_052657_cc1b16cd
P0590,Smart T-Shirt 590,Beauty,1891.47,2026-08-09T05:27:04.070750+00:00,run_20260809_052657_cc1b16cd
P0591,Classic Lamp 591,Electronics,731.59,2026-08-09T05:27:04.070750+00:00,run_20260809_052657_cc1b16cd
P0592,Everyday Coffee 592,Home & Kitchen,1606.21,2026-08-09T05:27:04.070750+00:00,run_20260809_052657_cc1b16cd
P0593,Everyday Bottle 593,Clothing,4804.57,2026-08-09T05:27:04.070750+00:00,run_20260809_052657_cc1b16cd
P0594,Classic Backpack 594,Grocery,970.94,2026-08-09T05:27:04.070750+00:00,run_20260809_052657_cc1b16cd
P0595,Smart Lamp 595,Beauty,632.92,2026-08-09T05:27:04.070750+00:00,run_20260809_052657_cc1b16cd
P0596,Everyday Backpack 596,Electronics,2259.05,2026-08-09T05:27:04.070750+00:00,run_20260809_052657_cc1b16cd
P0597,Everyday Backpack 597,Home & Kitchen,4586.57,2026-08-09T05:27:04.070750+00:00,run_20260809_052657_cc1b16cd
P0598,Smart Bottle 598,Clothing,657.06,2026-08-09T05:27:04.070750+00:00,run_20260809_052657_cc1b16cd
P0599,Classic Coffee 599,Grocery,904.65,2026-08-09T05:27:04.070750+00:00,run_20260809_052657_cc1b16cd
P0600,Smart Headphones 600,Beauty,4062.04,2026-08-09T05:27:04.070750+00:00,run_20260809_052657_cc1b16cd
P0601,Everyday Backpack 601,Electronics,1769.76,2026-08-09T05:27:04.070750+00:00,run_20260809_052657_cc1b16cd
P0602,Classic Lamp 602,Home & Kitchen,2733.75,2026-08-09T05:27:04.070750+00:00,run_20260809_052657_cc1b16cd
P0603,Everyday Notebook 603,Clothing,829.65,2026-08-09T05:27:04.070750+00:00,run_20260809_052657_cc1b16cd
P0604,Premium Notebook 604,Grocery,1839.39,2026-08-09T05:27:04.070750+00:00,run_20260809_052657_cc1b16cd
P0605,Premium Headphones 605,Beauty,4926.41,2026-08-09T05:27:04.070750+00:00,run_20260809_052657_cc1b16cd
P0606,Premium Bottle 606,Electronics,3962.35,2026-08-09T05:27:04.070750+00:00,run_20260809_052657_cc1b16cd
P0607,Classic T-Shirt 607,Home & Kitchen,2792.41,2026-08-09T05:27:04.070750+00:00,run_20260809_052657_cc1b16cd
P0608,Everyday Coffee 608,Clothing,4028.13,2026-08-09T05:27:04.070750+00:00,run_20260809_052657_cc1b16cd
P0609,Premium Lamp 609,Grocery,4427.02,2026-08-09T05:27:04.070750+00:00,run_20260809_052657_cc1b16cd
P0610,Classic T-Shirt 610,Beauty,2020.89,2026-08-09T05:27:04.070750+00:00,run_20260809_052657_cc1b16cd
P0611,Smart Lamp 611,Electronics,2083.44,2026-08-09T05:27:04.070750+00:00,run_20260809_052657_cc1b16cd
P0612,Smart Notebook 612,Home & Kitchen,2895.76,2026-08-09T05:27:04.070750+00:00,run_20260809_052657_cc1b16cd
P0613,Premium T-Shirt 613,Clothing,3229.58,2026-08-09T05:27:04.070750+00:00,run_20260809_052657_cc1b16cd
P0614,Smart Coffee 614,Grocery,3416.54,2026-08-09T05:27:04.070750+00:00,run_20260809_052657_cc1b16cd
P0615,Everyday Bottle 615,Beauty,4395.9,2026-08-09T05:27:04.070750+00:00,run_20260809_052657_cc1b16cd
P0616,Premium Notebook 616,Electronics,4833.01,2026-08-09T05:27:04.070750+00:00,run_20260809_052657_cc1b16cd
P0617,Smart Lamp 617,Home & Kitchen,4558.03,2026-08-09T05:27:04.070750+00:00,run_20260809_052657_cc1b16cd
P0618,Classic Notebook 618,Clothing,664.6,2026-08-09T05:27:04.070750+00:00,run_20260809_052657_cc1b16cd
P0619,Premium T-Shirt 619,Grocery,865.05,2026-08-09T05:27:04.070750+00:00,run_20260809_052657_cc1b16cd
P0620,Everyday Backpack 620,Beauty,1166.08,2026-08-09T05:27:04.070750+00:00,run_20260809_052657_cc1b16cd
P0621,Everyday Notebook 621,Electronics,440.36,2026-08-09T05:27:04.070750+00:00,run_20260809_052657_cc1b16cd
P0622,Premium Backpack 622,Home & Kitchen,4783.94,2026-08-09T05:27:04.070750+00:00,run_20260809_052657_cc1b16cd
P0623,Everyday Bottle 623,Clothing,3143.86,2026-08-09T05:27:04.070750+00:00,run_20260809_052657_cc1b16cd
P0624,Classic Lamp 624,Grocery,3222.89,2026-08-09T05:27:04.070750+00:00,run_20260809_052657_cc1b16cd
P0625,Premium Bottle 625,Beauty,3310.73,2026-08-09T05:27:04.070750+00:00,run_20260809_052657_cc1b16cd
P0626,Everyday Notebook 626,Electronics,4623.45,2026-08-09T05:27:04.070750+00:00,run_20260809_052657_cc1b16cd
P0627,Classic Notebook 627,Home & Kitchen,4325.72,2026-08-09T05:27:04.070750+00:00,run_20260809_052657_cc1b16cd
P0628,Classic Headphones 628,Clothing,4745.31,2026-08-09T05:27:04.070750+00:00,run_20260809_052657_cc1b16cd
P0629,Everyday Backpack 629,Grocery,1093.5,2026-08-09T05:27:04.070750+00:00,run_20260809_052657_cc1b16cd
P0630,Smart Lamp 630,Beauty,3213.01,2026-08-09T05:27:04.070750+00:00,run_20260809_052657_cc1b16cd
P0631,Smart Backpack 631,Electronics,2750.61,2026-08-09T05:27:04.070750+00:00,run_20260809_052657_cc1b16cd
P0632,Everyday Coffee 632,Home & Kitchen,1262.15,2026-08-09T05:27:04.070750+00:00,run_20260809_052657_cc1b16cd
P0633,Smart T-Shirt 633,Clothing,2295.04,2026-08-09T05:27:04.070750+00:00,run_20260809_052657_cc1b16cd
P0634,Classic Bottle 634,Grocery,2226.05,2026-08-09T05:27:04.070750+00:00,run_20260809_052657_cc1b16cd
P0635,Smart Coffee 635,Beauty,1059.91,2026-08-09T05:27:04.070750+00:00,run_20260809_052657_cc1b16cd
P0636,Premium T-Shirt 636,Electronics,4314.35,2026-08-09T05:27:04.070750+00:00,run_20260809_052657_cc1b16cd
P0637,Everyday Backpack 637,Home & Kitchen,4940.72,2026-08-09T05:27:04.070750+00:00,run_20260809_052657_cc1b16cd
P0638,Everyday Coffee 638,Clothing,697.29,2026-08-09T05:27:04.070750+00:00,run_20260809_052657_cc1b16cd
P0639,Everyday Lamp 639,Grocery,2830.17,2026-08-09T05:27:04.070750+00:00,run_20260809_052657_cc1b16cd
P0640,Everyday Bottle 640,Beauty,2359.04,2026-08-09T05:27:04.070750+00:00,run_20260809_052657_cc1b16cd
P0641,Everyday Coffee 641,Electronics,1277.2,2026-08-09T05:27:04.070750+00:00,run_20260809_052657_cc1b16cd
P0642,Classic Headphones 642,Home & Kitchen,1486.55,2026-08-09T05:27:04.070750+00:00,run_20260809_052657_cc1b16cd
P0643,Smart Notebook 643,Clothing,3096.12,2026-08-09T05:27:04.070750+00:00,run_20260809_052657_cc1b16cd
P0644,Premium Notebook 644,Grocery,4516.44,2026-08-09T05:27:04.070750+00:00,run_20260809_052657_cc1b16cd
P0645,Everyday Lamp 645,Beauty,3619.59,2026-08-09T05:27:04.070750+00:00,run_20260809_052657_cc1b16cd
P0646,Premium Notebook 646,Electronics,838.74,2026-08-09T05:27:04.070750+00:00,run_20260809_052657_cc1b16cd
P0647,Smart Coffee 647,Home & Kitchen,4401.42,2026-08-09T05:27:04.070750+00:00,run_20260809_052657_cc1b16cd
P0648,Smart Headphones 648,Clothing,495.74,2026-08-09T05:27:04.070750+00:00,run_20260809_052657_cc1b16cd
P0649,Smart Lamp 649,Grocery,2313.29,2026-08-09T05:27:04.070750+00:00,run_20260809_052657_cc1b16cd
P0650,Premium Bottle 650,Beauty,2937.55,2026-08-09T05:27:04.070750+00:00,run_20260809_052657_cc1b16cd
P0651,Classic Headphones 651,Electronics,1442.71,2026-08-09T05:27:04.070750+00:00,run_20260809_052657_cc1b16cd
P0652,Smart T-Shirt 652,Home & Kitchen,2706.62,2026-08-09T05:27:04.070750+00:00,run_20260809_052657_cc1b16cd
P0653,Classic Coffee 653,Clothing,712.98,2026-08-09T05:27:04.070750+00:00,run_20260809_052657_cc1b16cd
P0654,Everyday Backpack 654,Grocery,1860.6,2026-08-09T05:27:04.070750+00:00,run_20260809_052657_cc1b16cd
P0655,Smart T-Shirt 655,Beauty,273.95,2026-08-09T05:27:04.070750+00:00,run_20260809_052657_cc1b16cd
P0656,Classic Lamp 656,Electronics,2830.99,2026-08-09T05:27:04.070750+00:00,run_20260809_052657_cc1b16cd
P0657,Everyday Lamp 657,Home & Kitchen,1478.58,2026-08-09T05:27:04.070750+00:00,run_20260809_052657_cc1b16cd
P0658,Smart Lamp 658,Clothing,2279.25,2026-08-09T05:27:04.070750+00:00,run_20260809_052657_cc1b16cd
P0659,Everyday Notebook 659,Grocery,4946.0,2026-08-09T05:27:04.070750+00:00,run_20260809_052657_cc1b16cd
P0660,Classic Bottle 660,Beauty,4876.66,2026-08-09T05:27:04.070750+00:00,run_20260809_052657_cc1b16cd
P0661,Smart T-Shirt 661,Electronics,3984.74,2026-08-09T05:27:04.070750+00:00,run_20260809_052657_cc1b16cd
P0662,Everyday Lamp 662,Home & Kitchen,4697.8,2026-08-09T05:27:04.070750+00:00,run_20260809_052657_cc1b16cd
P0663,Premium Bottle 663,Clothing,3032.19,2026-08-09T05:27:04.070750+00:00,run_20260809_052657_cc1b16cd
P0664,Smart Lamp 664,Grocery,249.26,2026-08-09T05:27:04.070750+00:00,run_20260809_052657_cc1b16cd
P0665,Classic Bottle 665,Beauty,3582.28,2026-08-09T05:27:04.070750+00:00,run_20260809_052657_cc1b16cd
P0666,Smart Lamp 666,Electronics,2312.09,2026-08-09T05:27:04.070750+00:00,run_20260809_052657_cc1b16cd
P0667,Premium T-Shirt 667,Home & Kitchen,4660.28,2026-08-09T05:27:04.070750+00:00,run_20260809_052657_cc1b16cd
P0668,Everyday Bottle 668,Clothing,1995.13,2026-08-09T05:27:04.070750+00:00,run_20260809_052657_cc1b16cd
P0669,Everyday Lamp 669,Grocery,1715.05,2026-08-09T05:27:04.070750+00:00,run_20260809_052657_cc1b16cd
P0670,Smart Backpack 670,Beauty,2836.48,2026-08-09T05:27:04.070750+00:00,run_20260809_052657_cc1b16cd
P0671,Smart Notebook 671,Electronics,132.35,2026-08-09T05:27:04.070750+00:00,run_20260809_052657_cc1b16cd
P0672,Everyday Backpack 672,Home & Kitchen,592.54,2026-08-09T05:27:04.070750+00:00,run_20260809_052657_cc1b16cd
P0673,Smart Lamp 673,Clothing,1573.01,2026-08-09T05:27:04.070750+00:00,run_20260809_052657_cc1b16cd
P0674,Classic Lamp 674,Grocery,2399.22,2026-08-09T05:27:04.070750+00:00,run_20260809_052657_cc1b16cd
P0675,Premium Backpack 675,Beauty,304.21,2026-08-09T05:27:04.070750+00:00,run_20260809_052657_cc1b16cd
P0676,Smart Bottle 676,Electronics,2644.95,2026-08-09T05:27:04.070750+00:00,run_20260809_052657_cc1b16cd
P0677,Smart Bottle 677,Home & Kitchen,4117.22,2026-08-09T05:27:04.070750+00:00,run_20260809_052657_cc1b16cd
P0678,Premium Headphones 678,Clothing,2884.22,2026-08-09T05:27:04.070750+00:00,run_20260809_052657_cc1b16cd
P0679,Classic Bottle 679,Grocery,143.74,2026-08-09T05:27:04.070750+00:00,run_20260809_052657_cc1b16cd
P0680,Everyday Coffee 680,Beauty,799.58,2026-08-09T05:27:04.070750+00:00,run_20260809_052657_cc1b16cd
P0681,Premium Coffee 681,Electronics,2534.01,2026-08-09T05:27:04.070750+00:00,run_20260809_052657_cc1b16cd
P0682,Smart Notebook 682,Home & Kitchen,4249.47,2026-08-09T05:27:04.070750+00:00,run_20260809_052657_cc1b16cd
P0683,Classic Backpack 683,Clothing,733.51,2026-08-09T05:27:04.070750+00:00,run_20260809_052657_cc1b16cd
P0684,Premium Lamp 684,Grocery,1659.0,2026-08-09T05:27:04.070750+00:00,run_20260809_052657_cc1b16cd
P0685,Smart Lamp 685,Beauty,1915.28,2026-08-09T05:27:04.070750+00:00,run_20260809_052657_cc1b16cd
P0686,Premium Coffee 686,Electronics,4565.01,2026-08-09T05:27:04.070750+00:00,run_20260809_052657_cc1b16cd
P0687,Everyday Lamp 687,Home & Kitchen,1803.72,2026-08-09T05:27:04.070750+00:00,run_20260809_052657_cc1b16cd
P0688,Everyday Lamp 688,Clothing,2446.69,2026-08-09T05:27:04.070750+00:00,run_20260809_052657_cc1b16cd
P0689,Premium T-Shirt 689,Grocery,2812.53,2026-08-09T05:27:04.070750+00:00,run_20260809_052657_cc1b16cd
P0690,Premium T-Shirt 690,Beauty,3867.31,2026-08-09T05:27:04.070750+00:00,run_20260809_052657_cc1b16cd
P0691,Premium Backpack 691,Electronics,3539.69,2026-08-09T05:27:04.070750+00:00,run_20260809_052657_cc1b16cd
P0692,Everyday Coffee 692,Home & Kitchen,1776.58,2026-08-09T05:27:04.070750+00:00,run_20260809_052657_cc1b16cd
P0693,Everyday T-Shirt 693,Clothing,653.28,2026-08-09T05:27:04.070750+00:00,run_20260809_052657_cc1b16cd
P0694,Smart Coffee 694,Grocery,4100.97,2026-08-09T05:27:04.070750+00:00,run_20260809_052657_cc1b16cd
P0695,Premium T-Shirt 695,Beauty,258.23,2026-08-09T05:27:04.070750+00:00,run_20260809_052657_cc1b16cd
P0696,Classic T-Shirt 696,Electronics,4623.85,2026-08-09T05:27:04.070750+00:00,run_20260809_052657_cc1b16cd
P0697,Everyday Backpack 697,Home & Kitchen,2421.44,2026-08-09T05:27:04.070750+00:00,run_20260809_052657_cc1b16cd
P0698,Premium Notebook 698,Clothing,2715.96,2026-08-09T05:27:04.070750+00:00,run_20260809_052657_cc1b16cd
P0699,Everyday Bottle 699,Grocery,590.67,2026-08-09T05:27:04.070750+00:00,run_20260809_052657_cc1b16cd
P0700,Premium Bottle 700,Beauty,301.29,2026-08-09T05:27:04.070750+00:00,run_20260809_052657_cc1b16cd
P0701,Premium Backpack 701,Electronics,1202.54,2026-08-09T05:27:04.070750+00:00,run_20260809_052657_cc1b16cd
P0702,Classic Coffee 702,Home & Kitchen,1684.95,2026-08-09T05:27:04.070750+00:00,run_20260809_052657_cc1b16cd
P0703,Smart Headphones 703,Clothing,3421.9,2026-08-09T05:27:04.070750+00:00,run_20260809_052657_cc1b16cd
P0704,Premium Headphones 704,Grocery,4824.37,2026-08-09T05:27:04.070750+00:00,run_20260809_052657_cc1b16cd
P0705,Premium Coffee 705,Beauty,3281.82,2026-08-09T05:27:04.070750+00:00,run_20260809_052657_cc1b16cd
P0706,Smart Coffee 706,Electronics,3270.17,2026-08-09T05:27:04.070750+00:00,run_20260809_052657_cc1b16cd
P0707,Everyday T-Shirt 707,Home & Kitchen,1462.81,2026-08-09T05:27:04.070750+00:00,run_20260809_052657_cc1b16cd
P0708,Classic Notebook 708,Clothing,492.83,2026-08-09T05:27:04.070750+00:00,run_20260809_052657_cc1b16cd
P0709,Premium Lamp 709,Grocery,3706.5,2026-08-09T05:27:04.070750+00:00,run_20260809_052657_cc1b16cd
P0710,Classic Bottle 710,Beauty,2118.53,2026-08-09T05:27:04.070750+00:00,run_20260809_052657_cc1b16cd
P0711,Premium Headphones 711,Electronics,4986.0,2026-08-09T05:27:04.070750+00:00,run_20260809_052657_cc1b16cd
P0712,Smart Notebook 712,Home & Kitchen,2502.15,2026-08-09T05:27:04.070750+00:00,run_20260809_052657_cc1b16cd
P0713,Everyday Headphones 713,Clothing,95.87,2026-08-09T05:27:04.070750+00:00,run_20260809_052657_cc1b16cd
P0714,Classic T-Shirt 714,Grocery,1458.58,2026-08-09T05:27:04.070750+00:00,run_20260809_052657_cc1b16cd
P0715,Smart Bottle 715,Beauty,4262.75,2026-08-09T05:27:04.070750+00:00,run_20260809_052657_cc1b16cd
P0716,Smart T-Shirt 716,Electronics,1004.42,2026-08-09T05:27:04.070750+00:00,run_20260809_052657_cc1b16cd
P0717,Classic T-Shirt 717,Home & Kitchen,854.35,2026-08-09T05:27:04.070750+00:00,run_20260809_052657_cc1b16cd
P0718,Smart Backpack 718,Clothing,1323.46,2026-08-09T05:27:04.070750+00:00,run_20260809_052657_cc1b16cd
P0719,Premium Headphones 719,Grocery,3696.26,2026-08-09T05:27:04.070750+00:00,run_20260809_052657_cc1b16cd
P0720,Everyday Lamp 720,Beauty,3388.29,2026-08-09T05:27:04.070750+00:00,run_20260809_052657_cc1b16cd
P0721,Premium Bottle 721,Electronics,3074.22,2026-08-09T05:27:04.070750+00:00,run_20260809_052657_cc1b16cd
P0722,Smart Notebook 722,Home & Kitchen,2167.13,2026-08-09T05:27:04.070750+00:00,run_20260809_052657_cc1b16cd
P0723,Everyday Headphones 723,Clothing,2034.12,2026-08-09T05:27:04.070750+00:00,run_20260809_052657_cc1b16cd
P0724,Classic Bottle 724,Grocery,4909.34,2026-08-09T05:27:04.070750+00:00,run_20260809_052657_cc1b16cd
P0725,Smart T-Shirt 725,Beauty,4682.34,2026-08-09T05:27:04.070750+00:00,run_20260809_052657_cc1b16cd
P0726,Classic T-Shirt 726,Electronics,1948.69,2026-08-09T05:27:04.070750+00:00,run_20260809_052657_cc1b16cd
P0727,Smart Notebook 727,Home & Kitchen,1371.62,2026-08-09T05:27:04.070750+00:00,run_20260809_052657_cc1b16cd
P0728,Everyday T-Shirt 728,Clothing,2933.18,2026-08-09T05:27:04.070750+00:00,run_20260809_052657_cc1b16cd
P0729,Classic T-Shirt 729,Grocery,3285.73,2026-08-09T05:27:04.070750+00:00,run_20260809_052657_cc1b16cd
P0730,Premium Headphones 730,Beauty,3355.54,2026-08-09T05:27:04.070750+00:00,run_20260809_052657_cc1b16cd
P0731,Smart T-Shirt 731,Electronics,840.6,2026-08-09T05:27:04.070750+00:00,run_20260809_052657_cc1b16cd
P0732,Everyday Backpack 732,Home & Kitchen,631.21,2026-08-09T05:27:04.070750+00:00,run_20260809_052657_cc1b16cd
P0733,Everyday T-Shirt 733,Clothing,3092.4,2026-08-09T05:27:04.070750+00:00,run_20260809_052657_cc1b16cd
P0734,Premium Bottle 734,Grocery,2417.0,2026-08-09T05:27:04.070750+00:00,run_20260809_052657_cc1b16cd
P0735,Smart Backpack 735,Beauty,4944.75,2026-08-09T05:27:04.070750+00:00,run_20260809_052657_cc1b16cd
P0736,Everyday Coffee 736,Electronics,3524.61,2026-08-09T05:27:04.070750+00:00,run_20260809_052657_cc1b16cd
P0737,Smart Notebook 737,Home & Kitchen,2710.71,2026-08-09T05:27:04.070750+00:00,run_20260809_052657_cc1b16cd
P0738,Premium Notebook 738,Clothing,1274.95,2026-08-09T05:27:04.070750+00:00,run_20260809_052657_cc1b16cd
P0739,Classic Lamp 739,Grocery,2261.4,2026-08-09T05:27:04.070750+00:00,run_20260809_052657_cc1b16cd
P0740,Everyday Headphones 740,Beauty,4590.36,2026-08-09T05:27:04.070750+00:00,run_20260809_052657_cc1b16cd
P0741,Classic Headphones 741,Electronics,4152.43,2026-08-09T05:27:04.070750+00:00,run_20260809_052657_cc1b16cd
P0742,Premium Lamp 742,Home & Kitchen,2706.47,2026-08-09T05:27:04.070750+00:00,run_20260809_052657_cc1b16cd
P0743,Premium T-Shirt 743,Clothing,4279.71,2026-08-09T05:27:04.070750+00:00,run_20260809_052657_cc1b16cd
P0744,Smart Headphones 744,Grocery,3417.46,2026-08-09T05:27:04.070750+00:00,run_20260809_052657_cc1b16cd
P0745,Smart Headphones 745,Beauty,4499.5,2026-08-09T05:27:04.070750+00:00,run_20260809_052657_cc1b16cd
P0746,Smart Notebook 746,Electronics,325.4,2026-08-09T05:27:04.070750+00:00,run_20260809_052657_cc1b16cd
P0747,Premium Lamp 747,Home & Kitchen,2106.35,2026-08-09T05:27:04.070750+00:00,run_20260809_052657_cc1b16cd
P0748,Classic Lamp 748,Clothing,2338.77,2026-08-09T05:27:04.070750+00:00,run_20260809_052657_cc1b16cd
P0749,Everyday Backpack 749,Grocery,157.76,2026-08-09T05:27:04.070750+00:00,run_20260809_052657_cc1b16cd
P0750,Everyday Notebook 750,Beauty,64.93,2026-08-09T05:27:04.070750+00:00,run_20260809_052657_cc1b16cd
P0751,Premium Lamp 751,Electronics,411.5,2026-08-09T05:27:04.070750+00:00,run_20260809_052657_cc1b16cd
P0752,Smart T-Shirt 752,Home & Kitchen,3516.91,2026-08-09T05:27:04.070750+00:00,run_20260809_052657_cc1b16cd
P0753,Classic Headphones 753,Clothing,4931.38,2026-08-09T05:27:04.070750+00:00,run_20260809_052657_cc1b16cd
P0754,Smart Headphones 754,Grocery,1471.1,2026-08-09T05:27:04.070750+00:00,run_20260809_052657_cc1b16cd
P0755,Premium Notebook 755,Beauty,720.37,2026-08-09T05:27:04.070750+00:00,run_20260809_052657_cc1b16cd
P0756,Smart T-Shirt 756,Electronics,4964.64,2026-08-09T05:27:04.070750+00:00,run_20260809_052657_cc1b16cd
P0757,Smart Coffee 757,Home & Kitchen,4354.62,2026-08-09T05:27:04.070750+00:00,run_20260809_052657_cc1b16cd
P0758,Smart Coffee 758,Clothing,447.24,2026-08-09T05:27:04.070750+00:00,run_20260809_052657_cc1b16cd
P0759,Premium Backpack 759,Grocery,4308.42,2026-08-09T05:27:04.070750+00:00,run_20260809_052657_cc1b16cd
P0760,Classic Bottle 760,Beauty,4964.59,2026-08-09T05:27:04.070750+00:00,run_20260809_052657_cc1b16cd
P0761,Smart Lamp 761,Electronics,680.37,2026-08-09T05:27:04.070750+00:00,run_20260809_052657_cc1b16cd
P0762,Premium Notebook 762,Home & Kitchen,67.19,2026-08-09T05:27:04.070750+00:00,run_20260809_052657_cc1b16cd
P0763,Classic T-Shirt 763,Clothing,2341.87,2026-08-09T05:27:04.070750+00:00,run_20260809_052657_cc1b16cd
P0764,Smart Lamp 764,Grocery,1927.42,2026-08-09T05:27:04.070750+00:00,run_20260809_052657_cc1b16cd
P0765,Premium Bottle 765,Beauty,2330.1,2026-08-09T05:27:04.070750+00:00,run_20260809_052657_cc1b16cd
P0766,Premium T-Shirt 766,Electronics,982.98,2026-08-09T05:27:04.070750+00:00,run_20260809_052657_cc1b16cd
P0767,Classic Headphones 767,Home & Kitchen,4056.92,2026-08-09T05:27:04.070750+00:00,run_20260809_052657_cc1b16cd
P0768,Smart Lamp 768,Clothing,3841.96,2026-08-09T05:27:04.070750+00:00,run_20260809_052657_cc1b16cd
P0769,Classic Bottle 769,Grocery,1070.1,2026-08-09T05:27:04.070750+00:00,run_20260809_052657_cc1b16cd
P0770,Classic Lamp 770,Beauty,216.2,2026-08-09T05:27:04.070750+00:00,run_20260809_052657_cc1b16cd
P0771,Classic Bottle 771,Electronics,3715.68,2026-08-09T05:27:04.070750+00:00,run_20260809_052657_cc1b16cd
P0772,Smart Coffee 772,Home & Kitchen,1209.98,2026-08-09T05:27:04.070750+00:00,run_20260809_052657_cc1b16cd
P0773,Premium Notebook 773,Clothing,4325.46,2026-08-09T05:27:04.070750+00:00,run_20260809_052657_cc1b16cd
P0774,Classic Bottle 774,Grocery,2544.28,2026-08-09T05:27:04.070750+00:00,run_20260809_052657_cc1b16cd
P0775,Everyday Bottle 775,Beauty,4088.14,2026-08-09T05:27:04.070750+00:00,run_20260809_052657_cc1b16cd
P0776,Everyday Lamp 776,Electronics,3009.69,2026-08-09T05:27:04.070750+00:00,run_20260809_052657_cc1b16cd
P0777,Everyday Bottle 777,Home & Kitchen,1543.73,2026-08-09T05:27:04.070750+00:00,run_20260809_052657_cc1b16cd
P0778,Premium Backpack 778,Clothing,2630.19,2026-08-09T05:27:04.070750+00:00,run_20260809_052657_cc1b16cd
P0779,Smart T-Shirt 779,Grocery,1412.01,2026-08-09T05:27:04.070750+00:00,run_20260809_052657_cc1b16cd
P0780,Premium Backpack 780,Beauty,3409.81,2026-08-09T05:27:04.070750+00:00,run_20260809_052657_cc1b16cd
P0781,Smart Headphones 781,Electronics,4862.84,2026-08-09T05:27:04.070750+00:00,run_20260809_052657_cc1b16cd
P0782,Smart Notebook 782,Home & Kitchen,2646.09,2026-08-09T05:27:04.070750+00:00,run_20260809_052657_cc1b16cd
P0783,Smart Coffee 783,Clothing,788.63,2026-08-09T05:27:04.070750+00:00,run_20260809_052657_cc1b16cd
P0784,Smart Bottle 784,Grocery,3784.36,2026-08-09T05:27:04.070750+00:00,run_20260809_052657_cc1b16cd
P0785,Smart Bottle 785,Beauty,4254.24,2026-08-09T05:27:04.070750+00:00,run_20260809_052657_cc1b16cd
P0786,Everyday Notebook 786,Electronics,3552.51,2026-08-09T05:27:04.070750+00:00,run_20260809_052657_cc1b16cd
P0787,Smart Headphones 787,Home & Kitchen,2833.81,2026-08-09T05:27:04.070750+00:00,run_20260809_052657_cc1b16cd
P0788,Smart Lamp 788,Clothing,2673.46,2026-08-09T05:27:04.070750+00:00,run_20260809_052657_cc1b16cd
P0789,Smart Bottle 789,Grocery,1312.23,2026-08-09T05:27:04.070750+00:00,run_20260809_052657_cc1b16cd
P0790,Everyday Backpack 790,Beauty,441.4,2026-08-09T05:27:04.070750+00:00,run_20260809_052657_cc1b16cd
P0791,Smart Notebook 791,Electronics,1886.83,2026-08-09T05:27:04.070750+00:00,run_20260809_052657_cc1b16cd
P0792,Premium Headphones 792,Home & Kitchen,1378.88,2026-08-09T05:27:04.070750+00:00,run_20260809_052657_cc1b16cd
P0793,Classic Notebook 793,Clothing,410.28,2026-08-09T05:27:04.070750+00:00,run_20260809_052657_cc1b16cd
P0794,Premium Coffee 794,Grocery,1084.0,2026-08-09T05:27:04.070750+00:00,run_20260809_052657_cc1b16cd
P0795,Everyday T-Shirt 795,Beauty,4787.25,2026-08-09T05:27:04.070750+00:00,run_20260809_052657_cc1b16cd
P0796,Classic Bottle 796,Electronics,4688.94,2026-08-09T05:27:04.070750+00:00,run_20260809_052657_cc1b16cd
P0797,Classic Backpack 797,Home & Kitchen,4997.88,2026-08-09T05:27:04.070750+00:00,run_20260809_052657_cc1b16cd
P0798,Smart Bottle 798,Clothing,3493.35,2026-08-09T05:27:04.070750+00:00,run_20260809_052657_cc1b16cd
P0799,Premium Coffee 799,Grocery,4579.88,2026-08-09T05:27:04.070750+00:00,run_20260809_052657_cc1b16cd
P0800,Everyday Notebook 800,Beauty,1451.14,2026-08-09T05:27:04.070750+00:00,run_20260809_052657_cc1b16cd
P0801,Smart Lamp 801,Electronics,3261.17,2026-08-09T05:27:04.070750+00:00,run_20260809_052657_cc1b16cd
P0802,Everyday T-Shirt 802,Home & Kitchen,1830.24,2026-08-09T05:27:04.070750+00:00,run_20260809_052657_cc1b16cd
P0803,Smart Coffee 803,Clothing,538.11,2026-08-09T05:27:04.070750+00:00,run_20260809_052657_cc1b16cd
P0804,Smart Notebook 804,Grocery,4206.67,2026-08-09T05:27:04.070750+00:00,run_20260809_052657_cc1b16cd
P0805,Premium T-Shirt 805,Beauty,1598.96,2026-08-09T05:27:04.070750+00:00,run_20260809_052657_cc1b16cd
P0806,Classic Lamp 806,Electronics,4327.22,2026-08-09T05:27:04.070750+00:00,run_20260809_052657_cc1b16cd
P0807,Premium Headphones 807,Home & Kitchen,1340.83,2026-08-09T05:27:04.070750+00:00,run_20260809_052657_cc1b16cd
P0808,Smart T-Shirt 808,Clothing,804.44,2026-08-09T05:27:04.070750+00:00,run_20260809_052657_cc1b16cd
P0809,Everyday Bottle 809,Grocery,1930.21,2026-08-09T05:27:04.070750+00:00,run_20260809_052657_cc1b16cd
P0810,Premium Coffee 810,Beauty,2775.68,2026-08-09T05:27:04.070750+00:00,run_20260809_052657_cc1b16cd
P0811,Everyday T-Shirt 811,Electronics,3828.64,2026-08-09T05:27:04.070750+00:00,run_20260809_052657_cc1b16cd
P0812,Smart Backpack 812,Home & Kitchen,3226.39,2026-08-09T05:27:04.070750+00:00,run_20260809_052657_cc1b16cd
P0813,Smart Coffee 813,Clothing,882.76,2026-08-09T05:27:04.070750+00:00,run_20260809_052657_cc1b16cd
P0814,Everyday Bottle 814,Grocery,742.79,2026-08-09T05:27:04.070750+00:00,run_20260809_052657_cc1b16cd
P0815,Smart Bottle 815,Beauty,4588.65,2026-08-09T05:27:04.070750+00:00,run_20260809_052657_cc1b16cd
P0816,Classic Lamp 816,Electronics,217.43,2026-08-09T05:27:04.070750+00:00,run_20260809_052657_cc1b16cd
P0817,Classic Notebook 817,Home & Kitchen,3357.67,2026-08-09T05:27:04.070750+00:00,run_20260809_052657_cc1b16cd
P0818,Classic Coffee 818,Clothing,730.58,2026-08-09T05:27:04.070750+00:00,run_20260809_052657_cc1b16cd
P0819,Premium Headphones 819,Grocery,3550.49,2026-08-09T05:27:04.070750+00:00,run_20260809_052657_cc1b16cd
P0820,Classic Bottle 820,Beauty,2553.38,2026-08-09T05:27:04.070750+00:00,run_20260809_052657_cc1b16cd
P0821,Everyday Headphones 821,Electronics,3108.28,2026-08-09T05:27:04.070750+00:00,run_20260809_052657_cc1b16cd
P0822,Smart Backpack 822,Home & Kitchen,2464.88,2026-08-09T05:27:04.070750+00:00,run_20260809_052657_cc1b16cd
P0823,Classic Lamp 823,Clothing,2780.64,2026-08-09T05:27:04.070750+00:00,run_20260809_052657_cc1b16cd
P0824,Classic Headphones 824,Grocery,2670.62,2026-08-09T05:27:04.070750+00:00,run_20260809_052657_cc1b16cd
P0825,Everyday Lamp 825,Beauty,4888.52,2026-08-09T05:27:04.070750+00:00,run_20260809_052657_cc1b16cd
P0826,Classic Lamp 826,Electronics,4075.13,2026-08-09T05:27:04.070750+00:00,run_20260809_052657_cc1b16cd
P0827,Smart Notebook 827,Home & Kitchen,4701.57,2026-08-09T05:27:04.070750+00:00,run_20260809_052657_cc1b16cd
P0828,Premium Headphones 828,Clothing,4594.34,2026-08-09T05:27:04.070750+00:00,run_20260809_052657_cc1b16cd
P0829,Premium Bottle 829,Grocery,1000.06,2026-08-09T05:27:04.070750+00:00,run_20260809_052657_cc1b16cd
P0830,Everyday Notebook 830,Beauty,1804.48,2026-08-09T05:27:04.070750+00:00,run_20260809_052657_cc1b16cd
P0831,Smart Headphones 831,Electronics,1896.61,2026-08-09T05:27:04.070750+00:00,run_20260809_052657_cc1b16cd
P0832,Smart Coffee 832,Home & Kitchen,2846.76,2026-08-09T05:27:04.070750+00:00,run_20260809_052657_cc1b16cd
P0833,Premium T-Shirt 833,Clothing,3436.01,2026-08-09T05:27:04.070750+00:00,run_20260809_052657_cc1b16cd
P0834,Classic Backpack 834,Grocery,4958.79,2026-08-09T05:27:04.070750+00:00,run_20260809_052657_cc1b16cd
P0835,Classic Headphones 835,Beauty,2056.13,2026-08-09T05:27:04.070750+00:00,run_20260809_052657_cc1b16cd
P0836,Smart Lamp 836,Electronics,2406.23,2026-08-09T05:27:04.070750+00:00,run_20260809_052657_cc1b16cd
P0837,Classic Backpack 837,Home & Kitchen,898.35,2026-08-09T05:27:04.070750+00:00,run_20260809_052657_cc1b16cd
P0838,Smart Notebook 838,Clothing,2197.85,2026-08-09T05:27:04.070750+00:00,run_20260809_052657_cc1b16cd
P0839,Everyday Lamp 839,Grocery,4887.78,2026-08-09T05:27:04.070750+00:00,run_20260809_052657_cc1b16cd
P0840,Classic Lamp 840,Beauty,4599.8,2026-08-09T05:27:04.070750+00:00,run_20260809_052657_cc1b16cd
P0841,Premium Bottle 841,Electronics,4511.3,2026-08-09T05:27:04.070750+00:00,run_20260809_052657_cc1b16cd
P0842,Smart T-Shirt 842,Home & Kitchen,280.48,2026-08-09T05:27:04.070750+00:00,run_20260809_052657_cc1b16cd
P0843,Classic Backpack 843,Clothing,4631.64,2026-08-09T05:27:04.070750+00:00,run_20260809_052657_cc1b16cd
P0844,Classic Bottle 844,Grocery,4647.39,2026-08-09T05:27:04.070750+00:00,run_20260809_052657_cc1b16cd
P0845,Everyday Headphones 845,Beauty,4809.27,2026-08-09T05:27:04.070750+00:00,run_20260809_052657_cc1b16cd
P0846,Premium Notebook 846,Electronics,4112.42,2026-08-09T05:27:04.070750+00:00,run_20260809_052657_cc1b16cd
P0847,Smart Headphones 847,Home & Kitchen,1531.42,2026-08-09T05:27:04.070750+00:00,run_20260809_052657_cc1b16cd
P0848,Premium Lamp 848,Clothing,4181.52,2026-08-09T05:27:04.070750+00:00,run_20260809_052657_cc1b16cd
P0849,Smart Backpack 849,Grocery,4487.8,2026-08-09T05:27:04.070750+00:00,run_20260809_052657_cc1b16cd
P0850,Everyday Coffee 850,Beauty,3790.27,2026-08-09T05:27:04.070750+00:00,run_20260809_052657_cc1b16cd
P0851,Premium Notebook 851,Electronics,4942.97,2026-08-09T05:27:04.070750+00:00,run_20260809_052657_cc1b16cd
P0852,Classic Lamp 852,Home & Kitchen,3740.01,2026-08-09T05:27:04.070750+00:00,run_20260809_052657_cc1b16cd
P0853,Everyday Headphones 853,Clothing,533.54,2026-08-09T05:27:04.070750+00:00,run_20260809_052657_cc1b16cd
P0854,Premium Notebook 854,Grocery,426.29,2026-08-09T05:27:04.070750+00:00,run_20260809_052657_cc1b16cd
P0855,Smart Notebook 855,Beauty,1665.56,2026-08-09T05:27:04.070750+00:00,run_20260809_052657_cc1b16cd
P0856,Everyday Notebook 856,Electronics,4963.3,2026-08-09T05:27:04.070750+00:00,run_20260809_052657_cc1b16cd
P0857,Smart Bottle 857,Home & Kitchen,1811.27,2026-08-09T05:27:04.070750+00:00,run_20260809_052657_cc1b16cd
P0858,Smart Coffee 858,Clothing,969.4,2026-08-09T05:27:04.070750+00:00,run_20260809_052657_cc1b16cd
P0859,Smart Headphones 859,Grocery,3872.23,2026-08-09T05:27:04.070750+00:00,run_20260809_052657_cc1b16cd
P0860,Everyday Notebook 860,Beauty,1269.93,2026-08-09T05:27:04.070750+00:00,run_20260809_052657_cc1b16cd
P0861,Classic Headphones 861,Electronics,1376.46,2026-08-09T05:27:04.070750+00:00,run_20260809_052657_cc1b16cd
P0862,Smart Backpack 862,Home & Kitchen,3930.26,2026-08-09T05:27:04.070750+00:00,run_20260809_052657_cc1b16cd
P0863,Premium Backpack 863,Clothing,1978.63,2026-08-09T05:27:04.070750+00:00,run_20260809_052657_cc1b16cd
P0864,Everyday Headphones 864,Grocery,503.03,2026-08-09T05:27:04.070750+00:00,run_20260809_052657_cc1b16cd
P0865,Everyday Coffee 865,Beauty,1831.59,2026-08-09T05:27:04.070750+00:00,run_20260809_052657_cc1b16cd
P0866,Everyday Headphones 866,Electronics,705.91,2026-08-09T05:27:04.070750+00:00,run_20260809_052657_cc1b16cd
P0867,Premium Coffee 867,Home & Kitchen,2271.78,2026-08-09T05:27:04.070750+00:00,run_20260809_052657_cc1b16cd
P0868,Smart Headphones 868,Clothing,180.0,2026-08-09T05:27:04.070750+00:00,run_20260809_052657_cc1b16cd
P0869,Everyday Lamp 869,Grocery,510.67,2026-08-09T05:27:04.070750+00:00,run_20260809_052657_cc1b16cd
P0870,Everyday Notebook 870,Beauty,1956.93,2026-08-09T05:27:04.070750+00:00,run_20260809_052657_cc1b16cd
P0871,Everyday Coffee 871,Electronics,1969.61,2026-08-09T05:27:04.070750+00:00,run_20260809_052657_cc1b16cd
P0872,Classic Backpack 872,Home & Kitchen,4510.62,2026-08-09T05:27:04.070750+00:00,run_20260809_052657_cc1b16cd
P0873,Premium Lamp 873,Clothing,2629.47,2026-08-09T05:27:04.070750+00:00,run_20260809_052657_cc1b16cd
P0874,Smart Bottle 874,Grocery,737.26,2026-08-09T05:27:04.070750+00:00,run_20260809_052657_cc1b16cd
P0875,Everyday T-Shirt 875,Beauty,2490.96,2026-08-09T05:27:04.070750+00:00,run_20260809_052657_cc1b16cd
P0876,Classic Bottle 876,Electronics,2201.65,2026-08-09T05:27:04.070750+00:00,run_20260809_052657_cc1b16cd
P0877,Smart T-Shirt 877,Home & Kitchen,2446.95,2026-08-09T05:27:04.070750+00:00,run_20260809_052657_cc1b16cd
P0878,Classic T-Shirt 878,Clothing,1295.91,2026-08-09T05:27:04.070750+00:00,run_20260809_052657_cc1b16cd
P0879,Premium Backpack 879,Grocery,3143.92,2026-08-09T05:27:04.070750+00:00,run_20260809_052657_cc1b16cd
P0880,Premium Coffee 880,Beauty,579.51,2026-08-09T05:27:04.070750+00:00,run_20260809_052657_cc1b16cd
P0881,Everyday Headphones 881,Electronics,4746.68,2026-08-09T05:27:04.070750+00:00,run_20260809_052657_cc1b16cd
P0882,Everyday Notebook 882,Home & Kitchen,3119.95,2026-08-09T05:27:04.070750+00:00,run_20260809_052657_cc1b16cd
P0883,Everyday Coffee 883,Clothing,1706.94,2026-08-09T05:27:04.070750+00:00,run_20260809_052657_cc1b16cd
P0884,Premium T-Shirt 884,Grocery,1637.29,2026-08-09T05:27:04.070750+00:00,run_20260809_052657_cc1b16cd
P0885,Premium Coffee 885,Beauty,1605.21,2026-08-09T05:27:04.070750+00:00,run_20260809_052657_cc1b16cd
P0886,Smart T-Shirt 886,Electronics,1492.67,2026-08-09T05:27:04.070750+00:00,run_20260809_052657_cc1b16cd
P0887,Smart Lamp 887,Home & Kitchen,3920.77,2026-08-09T05:27:04.070750+00:00,run_20260809_052657_cc1b16cd
P0888,Everyday Coffee 888,Clothing,1437.49,2026-08-09T05:27:04.070750+00:00,run_20260809_052657_cc1b16cd
P0889,Smart T-Shirt 889,Grocery,613.74,2026-08-09T05:27:04.070750+00:00,run_20260809_052657_cc1b16cd
P0890,Premium Lamp 890,Beauty,4986.46,2026-08-09T05:27:04.070750+00:00,run_20260809_052657_cc1b16cd
P0891,Premium Backpack 891,Electronics,3849.71,2026-08-09T05:27:04.070750+00:00,run_20260809_052657_cc1b16cd
P0892,Classic Backpack 892,Home & Kitchen,2335.03,2026-08-09T05:27:04.070750+00:00,run_20260809_052657_cc1b16cd
P0893,Premium Coffee 893,Clothing,3998.54,2026-08-09T05:27:04.070750+00:00,run_20260809_052657_cc1b16cd
P0894,Classic Notebook 894,Grocery,4246.55,2026-08-09T05:27:04.070750+00:00,run_20260809_052657_cc1b16cd
P0895,Smart Backpack 895,Beauty,2521.55,2026-08-09T05:27:04.070750+00:00,run_20260809_052657_cc1b16cd
P0896,Everyday Bottle 896,Electronics,1300.77,2026-08-09T05:27:04.070750+00:00,run_20260809_052657_cc1b16cd
P0897,Premium Backpack 897,Home & Kitchen,2144.48,2026-08-09T05:27:04.070750+00:00,run_20260809_052657_cc1b16cd
P0898,Smart Headphones 898,Clothing,2272.88,2026-08-09T05:27:04.070750+00:00,run_20260809_052657_cc1b16cd
P0899,Smart Lamp 899,Grocery,2033.99,2026-08-09T05:27:04.070750+00:00,run_20260809_052657_cc1b16cd
P0900,Smart Lamp 900,Beauty,231.99,2026-08-09T05:27:04.070750+00:00,run_20260809_052657_cc1b16cd
P0901,Everyday Backpack 901,Electronics,4482.73,2026-08-09T05:27:04.070750+00:00,run_20260809_052657_cc1b16cd
P0902,Classic Headphones 902,Home & Kitchen,3856.32,2026-08-09T05:27:04.070750+00:00,run_20260809_052657_cc1b16cd
P0903,Everyday Bottle 903,Clothing,3252.65,2026-08-09T05:27:04.070750+00:00,run_20260809_052657_cc1b16cd
P0904,Classic Lamp 904,Grocery,4918.86,2026-08-09T05:27:04.070750+00:00,run_20260809_052657_cc1b16cd
P0905,Smart Notebook 905,Beauty,1691.4,2026-08-09T05:27:04.070750+00:00,run_20260809_052657_cc1b16cd
P0906,Smart Headphones 906,Electronics,102.21,2026-08-09T05:27:04.070750+00:00,run_20260809_052657_cc1b16cd
P0907,Everyday Bottle 907,Home & Kitchen,2577.85,2026-08-09T05:27:04.070750+00:00,run_20260809_052657_cc1b16cd
P0908,Premium Coffee 908,Clothing,1901.89,2026-08-09T05:27:04.070750+00:00,run_20260809_052657_cc1b16cd
P0909,Smart Notebook 909,Grocery,3413.8,2026-08-09T05:27:04.070750+00:00,run_20260809_052657_cc1b16cd
P0910,Premium T-Shirt 910,Beauty,4988.63,2026-08-09T05:27:04.070750+00:00,run_20260809_052657_cc1b16cd
P0911,Smart Headphones 911,Electronics,1512.39,2026-08-09T05:27:04.070750+00:00,run_20260809_052657_cc1b16cd
P0912,Classic Headphones 912,Home & Kitchen,4165.02,2026-08-09T05:27:04.070750+00:00,run_20260809_052657_cc1b16cd
P0913,Premium T-Shirt 913,Clothing,1593.86,2026-08-09T05:27:04.070750+00:00,run_20260809_052657_cc1b16cd
P0914,Smart Notebook 914,Grocery,1073.99,2026-08-09T05:27:04.070750+00:00,run_20260809_052657_cc1b16cd
P0915,Smart T-Shirt 915,Beauty,2407.0,2026-08-09T05:27:04.070750+00:00,run_20260809_052657_cc1b16cd
P0916,Smart Backpack 916,Electronics,3498.98,2026-08-09T05:27:04.070750+00:00,run_20260809_052657_cc1b16cd
P0917,Everyday Headphones 917,Home & Kitchen,1536.31,2026-08-09T05:27:04.070750+00:00,run_20260809_052657_cc1b16cd
P0918,Classic Headphones 918,Clothing,4253.44,2026-08-09T05:27:04.070750+00:00,run_20260809_052657_cc1b16cd
P0919,Classic Backpack 919,Grocery,4010.25,2026-08-09T05:27:04.070750+00:00,run_20260809_052657_cc1b16cd
P0920,Premium Lamp 920,Beauty,913.54,2026-08-09T05:27:04.070750+00:00,run_20260809_052657_cc1b16cd
P0921,Premium T-Shirt 921,Electronics,2821.25,2026-08-09T05:27:04.070750+00:00,run_20260809_052657_cc1b16cd
P0922,Smart Bottle 922,Home & Kitchen,3998.89,2026-08-09T05:27:04.070750+00:00,run_20260809_052657_cc1b16cd
P0923,Premium Bottle 923,Clothing,3220.37,2026-08-09T05:27:04.070750+00:00,run_20260809_052657_cc1b16cd
P0924,Smart Coffee 924,Grocery,194.5,2026-08-09T05:27:04.070750+00:00,run_20260809_052657_cc1b16cd
P0925,Premium Coffee 925,Beauty,2981.41,2026-08-09T05:27:04.070750+00:00,run_20260809_052657_cc1b16cd
P0926,Smart Headphones 926,Electronics,3538.44,2026-08-09T05:27:04.070750+00:00,run_20260809_052657_cc1b16cd
P0927,Premium T-Shirt 927,Home & Kitchen,3774.01,2026-08-09T05:27:04.070750+00:00,run_20260809_052657_cc1b16cd
P0928,Classic Lamp 928,Clothing,553.67,2026-08-09T05:27:04.070750+00:00,run_20260809_052657_cc1b16cd
P0929,Premium T-Shirt 929,Grocery,1663.63,2026-08-09T05:27:04.070750+00:00,run_20260809_052657_cc1b16cd
P0930,Smart Headphones 930,Beauty,1348.65,2026-08-09T05:27:04.070750+00:00,run_20260809_052657_cc1b16cd
P0931,Smart Lamp 931,Electronics,4831.29,2026-08-09T05:27:04.070750+00:00,run_20260809_052657_cc1b16cd
P0932,Everyday Lamp 932,Home & Kitchen,1973.76,2026-08-09T05:27:04.070750+00:00,run_20260809_052657_cc1b16cd
P0933,Smart Lamp 933,Clothing,615.45,2026-08-09T05:27:04.070750+00:00,run_20260809_052657_cc1b16cd
P0934,Everyday Notebook 934,Grocery,2316.41,2026-08-09T05:27:04.070750+00:00,run_20260809_052657_cc1b16cd
P0935,Premium Notebook 935,Beauty,3384.26,2026-08-09T05:27:04.070750+00:00,run_20260809_052657_cc1b16cd
P0936,Everyday Lamp 936,Electronics,2971.33,2026-08-09T05:27:04.070750+00:00,run_20260809_052657_cc1b16cd
P0937,Premium T-Shirt 937,Home & Kitchen,633.42,2026-08-09T05:27:04.070750+00:00,run_20260809_052657_cc1b16cd
P0938,Everyday Headphones 938,Clothing,956.07,2026-08-09T05:27:04.070750+00:00,run_20260809_052657_cc1b16cd
P0939,Premium Lamp 939,Grocery,1972.89,2026-08-09T05:27:04.070750+00:00,run_20260809_052657_cc1b16cd
P0940,Premium Lamp 940,Beauty,1949.36,2026-08-09T05:27:04.070750+00:00,run_20260809_052657_cc1b16cd
P0941,Premium Coffee 941,Electronics,3195.73,2026-08-09T05:27:04.070750+00:00,run_20260809_052657_cc1b16cd
P0942,Premium Lamp 942,Home & Kitchen,875.98,2026-08-09T05:27:04.070750+00:00,run_20260809_052657_cc1b16cd
P0943,Everyday Bottle 943,Clothing,976.14,2026-08-09T05:27:04.070750+00:00,run_20260809_052657_cc1b16cd
P0944,Smart Lamp 944,Grocery,315.38,2026-08-09T05:27:04.070750+00:00,run_20260809_052657_cc1b16cd
P0945,Everyday Headphones 945,Beauty,2448.81,2026-08-09T05:27:04.070750+00:00,run_20260809_052657_cc1b16cd
P0946,Premium Notebook 946,Electronics,1950.52,2026-08-09T05:27:04.070750+00:00,run_20260809_052657_cc1b16cd
P0947,Smart Coffee 947,Home & Kitchen,3439.25,2026-08-09T05:27:04.070750+00:00,run_20260809_052657_cc1b16cd
P0948,Smart Backpack 948,Clothing,4207.46,2026-08-09T05:27:04.070750+00:00,run_20260809_052657_cc1b16cd
P0949,Smart Bottle 949,Grocery,459.22,2026-08-09T05:27:04.070750+00:00,run_20260809_052657_cc1b16cd
P0950,Classic Notebook 950,Beauty,3817.23,2026-08-09T05:27:04.070750+00:00,run_20260809_052657_cc1b16cd
P0951,Everyday Headphones 951,Electronics,1410.52,2026-08-09T05:27:04.070750+00:00,run_20260809_052657_cc1b16cd
P0952,Everyday Bottle 952,Home & Kitchen,3914.66,2026-08-09T05:27:04.070750+00:00,run_20260809_052657_cc1b16cd
P0953,Smart Lamp 953,Clothing,2578.49,2026-08-09T05:27:04.070750+00:00,run_20260809_052657_cc1b16cd
P0954,Classic T-Shirt 954,Grocery,3886.81,2026-08-09T05:27:04.070750+00:00,run_20260809_052657_cc1b16cd
P0955,Everyday Lamp 955,Beauty,4121.92,2026-08-09T05:27:04.070750+00:00,run_20260809_052657_cc1b16cd
P0956,Classic Notebook 956,Electronics,3608.95,2026-08-09T05:27:04.070750+00:00,run_20260809_052657_cc1b16cd
P0957,Premium Coffee 957,Home & Kitchen,556.96,2026-08-09T05:27:04.070750+00:00,run_20260809_052657_cc1b16cd
P0958,Premium T-Shirt 958,Clothing,4380.31,2026-08-09T05:27:04.070750+00:00,run_20260809_052657_cc1b16cd
P0959,Classic Coffee 959,Grocery,1350.94,2026-08-09T05:27:04.070750+00:00,run_20260809_052657_cc1b16cd
P0960,Classic Coffee 960,Beauty,4333.19,2026-08-09T05:27:04.070750+00:00,run_20260809_052657_cc1b16cd
P0961,Classic Notebook 961,Electronics,4068.85,2026-08-09T05:27:04.070750+00:00,run_20260809_052657_cc1b16cd
P0962,Premium Notebook 962,Home & Kitchen,3701.18,2026-08-09T05:27:04.070750+00:00,run_20260809_052657_cc1b16cd
P0963,Everyday Notebook 963,Clothing,3568.23,2026-08-09T05:27:04.070750+00:00,run_20260809_052657_cc1b16cd
P0964,Smart Bottle 964,Grocery,3099.95,2026-08-09T05:27:04.070750+00:00,run_20260809_052657_cc1b16cd
P0965,Premium Notebook 965,Beauty,1074.37,2026-08-09T05:27:04.070750+00:00,run_20260809_052657_cc1b16cd
P0966,Classic Lamp 966,Electronics,1786.54,2026-08-09T05:27:04.070750+00:00,run_20260809_052657_cc1b16cd
P0967,Everyday Lamp 967,Home & Kitchen,2716.9,2026-08-09T05:27:04.070750+00:00,run_20260809_052657_cc1b16cd
P0968,Everyday Backpack 968,Clothing,1498.54,2026-08-09T05:27:04.070750+00:00,run_20260809_052657_cc1b16cd
P0969,Everyday Notebook 969,Grocery,2596.35,2026-08-09T05:27:04.070750+00:00,run_20260809_052657_cc1b16cd
P0970,Classic Bottle 970,Beauty,4815.72,2026-08-09T05:27:04.070750+00:00,run_20260809_052657_cc1b16cd
P0971,Smart Headphones 971,Electronics,4962.81,2026-08-09T05:27:04.070750+00:00,run_20260809_052657_cc1b16cd
P0972,Premium Backpack 972,Home & Kitchen,4337.09,2026-08-09T05:27:04.070750+00:00,run_20260809_052657_cc1b16cd
P0973,Premium Bottle 973,Clothing,3571.4,2026-08-09T05:27:04.070750+00:00,run_20260809_052657_cc1b16cd
P0974,Premium Notebook 974,Grocery,4225.6,2026-08-09T05:27:04.070750+00:00,run_20260809_052657_cc1b16cd
P0975,Smart Coffee 975,Beauty,753.75,2026-08-09T05:27:04.070750+00:00,run_20260809_052657_cc1b16cd
P0976,Everyday Backpack 976,Electronics,2100.41,2026-08-09T05:27:04.070750+00:00,run_20260809_052657_cc1b16cd
P0977,Smart Headphones 977,Home & Kitchen,3186.46,2026-08-09T05:27:04.070750+00:00,run_20260809_052657_cc1b16cd
P0978,Classic Coffee 978,Clothing,2602.29,2026-08-09T05:27:04.070750+00:00,run_20260809_052657_cc1b16cd
P0979,Everyday Backpack 979,Grocery,4684.86,2026-08-09T05:27:04.070750+00:00,run_20260809_052657_cc1b16cd
P0980,Everyday Coffee 980,Beauty,4753.76,2026-08-09T05:27:04.070750+00:00,run_20260809_052657_cc1b16cd
P0981,Everyday Lamp 981,Electronics,62.24,2026-08-09T05:27:04.070750+00:00,run_20260809_052657_cc1b16cd
P0982,Classic Backpack 982,Home & Kitchen,4862.14,2026-08-09T05:27:04.070750+00:00,run_20260809_052657_cc1b16cd
P0983,Everyday Notebook 983,Clothing,363.49,2026-08-09T05:27:04.070750+00:00,run_20260809_052657_cc1b16cd
P0984,Smart Bottle 984,Grocery,4842.24,2026-08-09T05:27:04.070750+00:00,run_20260809_052657_cc1b16cd
P0985,Premium Coffee 985,Beauty,1379.26,2026-08-09T05:27:04.070750+00:00,run_20260809_052657_cc1b16cd
P0986,Everyday T-Shirt 986,Electronics,2759.19,2026-08-09T05:27:04.070750+00:00,run_20260809_052657_cc1b16cd
P0987,Premium Lamp 987,Home & Kitchen,4269.49,2026-08-09T05:27:04.070750+00:00,run_20260809_052657_cc1b16cd
P0988,Everyday Backpack 988,Clothing,3823.16,2026-08-09T05:27:04.070750+00:00,run_20260809_052657_cc1b16cd
P0989,Classic Headphones 989,Grocery,3149.59,2026-08-09T05:27:04.070750+00:00,run_20260809_052657_cc1b16cd
P0990,Smart Headphones 990,Beauty,664.97,2026-08-09T05:27:04.070750+00:00,run_20260809_052657_cc1b16cd
P0991,Premium Coffee 991,Electronics,2309.76,2026-08-09T05:27:04.070750+00:00,run_20260809_052657_cc1b16cd
P0992,Smart Bottle 992,Home & Kitchen,4978.69,2026-08-09T05:27:04.070750+00:00,run_20260809_052657_cc1b16cd
P0993,Premium Backpack 993,Clothing,1544.23,2026-08-09T05:27:04.070750+00:00,run_20260809_052657_cc1b16cd
P0994,Everyday Headphones 994,Grocery,3290.21,2026-08-09T05:27:04.070750+00:00,run_20260809_052657_cc1b16cd
P0995,Everyday Headphones 995,Beauty,1890.63,2026-08-09T05:27:04.070750+00:00,run_20260809_052657_cc1b16cd
P0996,Premium Headphones 996,Electronics,2011.89,2026-08-09T05:27:04.070750+00:00,run_20260809_052657_cc1b16cd
P0997,Everyday Backpack 997,Home & Kitchen,3512.23,2026-08-09T05:27:04.070750+00:00,run_20260809_052657_cc1b16cd
P0998,Premium Coffee 998,Clothing,3294.65,2026-08-09T05:27:04.070750+00:00,run_20260809_052657_cc1b16cd
P0999,Classic Headphones 999,Grocery,1106.43,2026-08-09T05:27:04.070750+00:00,run_20260809_052657_cc1b16cd
P1000,Classic Bottle 1000,Beauty,2988.71,2026-08-09T05:27:04.070750+00:00,run_20260809_052657_cc1b16cd
