customer_id,total_spending,average_transaction_amount,transaction_count,loyalty_tier,run_id,ingestion_timestamp
C00001,29455.25,9818.416666666666,3,Bronze,run_20260808_212843,2026-08-08T21:28:54.819066+00:00
C00002,20438.54,4087.708,5,Bronze,run_20260808_212843,2026-08-08T21:28:54.819066+00:00
C00003,21554.85,4310.969999999999,5,Gold,run_20260808_212843,2026-08-08T21:28:54.819066+00:00
C00004,14365.68,14365.68,1,Silver,run_20260808_212843,2026-08-08T21:28:54.819066+00:00
C00005,74343.40000000001,5718.723076923077,13,Silver,run_20260808_212843,2026-08-08T21:28:54.819066+00:00
C00006,76130.44,9516.305,8,Silver,run_20260808_212843,2026-08-08T21:28:54.819066+00:00
C00007,75115.95,10730.85,7,Bronze,run_20260808_212843,2026-08-08T21:28:54.819066+00:00
C00008,16774.0,8387.0,2,Bronze,run_20260808_212843,2026-08-08T21:28:54.819066+00:00
C00009,47129.56,9425.912,5,Platinum,run_20260808_212843,2026-08-08T21:28:54.819066+00:00
C00010,11753.1,3917.7000000000003,3,Bronze,run_20260808_212843,2026-08-08T21:28:54.819066+00:00
C00011,43865.47,5483.18375,8,Bronze,run_20260808_212843,2026-08-08T21:28:54.819066+00:00
C00012,81949.43,13658.238333333333,6,Bronze,run_20260808_212843,2026-08-08T21:28:54.819066+00:00
C00013,30064.870000000003,5010.811666666667,6,Silver,run_20260808_212843,2026-08-08T21:28:54.819066+00:00
C00014,49234.01,8205.668333333333,6,Silver,run_20260808_212843,2026-08-08T21:28:54.819066+00:00
C00015,26258.83,5251.7660000000005,5,Bronze,run_20260808_212843,2026-08-08T21:28:54.819066+00:00
C00016,46970.350000000006,9394.070000000002,5,Silver,run_20260808_212843,2026-08-08T21:28:54.819066+00:00
C00017,36280.5,6046.75,6,Platinum,run_20260808_212843,2026-08-08T21:28:54.819066+00:00
C00018,80647.88,10080.985,8,Silver,run_20260808_212843,2026-08-08T21:28:54.819066+00:00
C00019,32404.01,8101.0025,4,Platinum,run_20260808_212843,2026-08-08T21:28:54.819066+00:00
C00020,27231.34,13615.67,2,Gold,run_20260808_212843,2026-08-08T21:28:54.819066+00:00
C00021,31351.56,15675.78,2,Bronze,run_20260808_212843,2026-08-08T21:28:54.819066+00:00
C00022,28202.02,5640.404,5,Silver,run_20260808_212843,2026-08-08T21:28:54.819066+00:00
C00023,7870.88,3935.44,2,Platinum,run_20260808_212843,2026-08-08T21:28:54.819066+00:00
C00024,32980.54,8245.135,4,Gold,run_20260808_212843,2026-08-08T21:28:54.819066+00:00
C00025,53798.259999999995,13449.564999999999,4,Gold,run_20260808_212843,2026-08-08T21:28:54.819066+00:00
C00026,86189.57,10773.69625,8,Silver,run_20260808_212843,2026-08-08T21:28:54.819066+00:00
C00027,45460.46,6494.351428571428,7,Silver,run_20260808_212843,2026-08-08T21:28:54.819066+00:00
C00028,52337.84,7476.834285714285,7,Gold,run_20260808_212843,2026-08-08T21:28:54.819066+00:00
C00029,26050.440000000002,8683.480000000001,3,Bronze,run_20260808_212843,2026-08-08T21:28:54.819066+00:00
C00030,113269.66,11326.966,10,Bronze,run_20260808_212843,2026-08-08T21:28:54.819066+00:00
C00031,19312.84,6437.613333333334,3,Platinum,run_20260808_212843,2026-08-08T21:28:54.819066+00:00
C00032,3036.1,3036.1,1,Bronze,run_20260808_212843,2026-08-08T21:28:54.819066+00:00
C00033,60293.229999999996,10048.871666666666,6,Gold,run_20260808_212843,2026-08-08T21:28:54.819066+00:00
C00034,46679.979999999996,5834.9974999999995,8,Gold,run_20260808_212843,2026-08-08T21:28:54.819066+00:00
C00035,38655.9,6442.650000000001,6,Gold,run_20260808_212843,2026-08-08T21:28:54.819066+00:00
C00036,29442.66,7360.665,4,Bronze,run_20260808_212843,2026-08-08T21:28:54.819066+00:00
C00037,37867.19,4733.39875,8,Platinum,run_20260808_212843,2026-08-08T21:28:54.819066+00:00
C00038,32116.21,5352.701666666667,6,Bronze,run_20260808_212843,2026-08-08T21:28:54.819066+00:00
C00039,53296.82,7613.831428571429,7,Platinum,run_20260808_212843,2026-08-08T21:28:54.819066+00:00
C00040,752.28,752.28,1,Bronze,run_20260808_212843,2026-08-08T21:28:54.819066+00:00
C00041,41805.64,6967.606666666667,6,Gold,run_20260808_212843,2026-08-08T21:28:54.819066+00:00
C00042,77027.25,11003.892857142857,7,Gold,run_20260808_212843,2026-08-08T21:28:54.819066+00:00
C00043,30499.26,6099.852,5,Silver,run_20260808_212843,2026-08-08T21:28:54.819066+00:00
C00044,53982.54,5998.06,9,Bronze,run_20260808_212843,2026-08-08T21:28:54.819066+00:00
C00045,25563.16,6390.79,4,Bronze,run_20260808_212843,2026-08-08T21:28:54.819066+00:00
C00046,41121.83,5874.547142857143,7,Silver,run_20260808_212843,2026-08-08T21:28:54.819066+00:00
C00047,89367.53,8936.753,10,Gold,run_20260808_212843,2026-08-08T21:28:54.819066+00:00
C00048,34654.63,4331.82875,8,Bronze,run_20260808_212843,2026-08-08T21:28:54.819066+00:00
C00049,37124.1,9281.025,4,Silver,run_20260808_212843,2026-08-08T21:28:54.819066+00:00
C00050,39085.950000000004,6514.325000000001,6,Bronze,run_20260808_212843,2026-08-08T21:28:54.819066+00:00
C00051,55435.91,9239.318333333335,6,Platinum,run_20260808_212843,2026-08-08T21:28:54.819066+00:00
C00052,54644.89,9107.481666666667,6,Gold,run_20260808_212843,2026-08-08T21:28:54.819066+00:00
C00053,39617.020000000004,6602.836666666667,6,Platinum,run_20260808_212843,2026-08-08T21:28:54.819066+00:00
C00054,25195.170000000002,6298.7925000000005,4,Gold,run_20260808_212843,2026-08-08T21:28:54.819066+00:00
C00055,62340.06999999999,8905.724285714285,7,Silver,run_20260808_212843,2026-08-08T21:28:54.819066+00:00
C00056,37801.37,12600.456666666667,3,Gold,run_20260808_212843,2026-08-08T21:28:54.819066+00:00
C00057,25989.67,12994.835,2,Gold,run_20260808_212843,2026-08-08T21:28:54.819066+00:00
C00058,28184.18,7046.045,4,Silver,run_20260808_212843,2026-08-08T21:28:54.819066+00:00
C00059,34877.07,5812.845,6,Gold,run_20260808_212843,2026-08-08T21:28:54.819066+00:00
C00060,85348.96,9483.217777777778,9,Bronze,run_20260808_212843,2026-08-08T21:28:54.819066+00:00
C00061,18957.66,3791.532,5,Silver,run_20260808_212843,2026-08-08T21:28:54.819066+00:00
C00062,34877.740000000005,8719.435000000001,4,Silver,run_20260808_212843,2026-08-08T21:28:54.819066+00:00
C00063,72416.18,6583.28909090909,11,Silver,run_20260808_212843,2026-08-08T21:28:54.819066+00:00
C00064,82575.43,9175.047777777778,9,Platinum,run_20260808_212843,2026-08-08T21:28:54.819066+00:00
C00065,29269.29,7317.3225,4,Platinum,run_20260808_212843,2026-08-08T21:28:54.819066+00:00
C00066,3115.92,1557.96,2,Gold,run_20260808_212843,2026-08-08T21:28:54.819066+00:00
C00067,92592.33,10288.036666666667,9,Silver,run_20260808_212843,2026-08-08T21:28:54.819066+00:00
C00068,47105.17,11776.2925,4,Gold,run_20260808_212843,2026-08-08T21:28:54.819066+00:00
C00069,2780.96,926.9866666666667,3,Bronze,run_20260808_212843,2026-08-08T21:28:54.819066+00:00
C00070,45633.0,6519.0,7,Silver,run_20260808_212843,2026-08-08T21:28:54.819066+00:00
C00071,2939.33,2939.33,1,Bronze,run_20260808_212843,2026-08-08T21:28:54.819066+00:00
C00072,4876.09,1625.3633333333335,3,Gold,run_20260808_212843,2026-08-08T21:28:54.819066+00:00
C00073,31507.3,3938.4125,8,Platinum,run_20260808_212843,2026-08-08T21:28:54.819066+00:00
C00074,42303.04,7050.506666666667,6,Gold,run_20260808_212843,2026-08-08T21:28:54.819066+00:00
C00075,18312.61,6104.203333333334,3,Bronze,run_20260808_212843,2026-08-08T21:28:54.819066+00:00
C00076,20700.51,4140.102,5,Silver,run_20260808_212843,2026-08-08T21:28:54.819066+00:00
C00077,23575.71,4715.142,5,Gold,run_20260808_212843,2026-08-08T21:28:54.819066+00:00
C00078,57858.93,9643.155,6,Silver,run_20260808_212843,2026-08-08T21:28:54.819066+00:00
C00079,47515.93,5279.547777777778,9,Platinum,run_20260808_212843,2026-08-08T21:28:54.819066+00:00
C00080,123763.62,9520.27846153846,13,Platinum,run_20260808_212843,2026-08-08T21:28:54.819066+00:00
C00081,7769.34,7769.34,1,Platinum,run_20260808_212843,2026-08-08T21:28:54.819066+00:00
C00082,61428.7,12285.74,5,Silver,run_20260808_212843,2026-08-08T21:28:54.819066+00:00
C00083,38709.94,4301.104444444445,9,Gold,run_20260808_212843,2026-08-08T21:28:54.819066+00:00
C00084,20267.11,4053.422,5,Silver,run_20260808_212843,2026-08-08T21:28:54.819066+00:00
C00085,18650.2,4662.55,4,Silver,run_20260808_212843,2026-08-08T21:28:54.819066+00:00
C00086,75086.76000000001,12514.460000000001,6,Gold,run_20260808_212843,2026-08-08T21:28:54.819066+00:00
C00087,38126.46,6354.41,6,Platinum,run_20260808_212843,2026-08-08T21:28:54.819066+00:00
C00088,43001.88,6143.125714285714,7,Platinum,run_20260808_212843,2026-08-08T21:28:54.819066+00:00
C00089,48921.729999999996,8153.621666666666,6,Gold,run_20260808_212843,2026-08-08T21:28:54.819066+00:00
C00090,75464.58,8384.953333333333,9,Silver,run_20260808_212843,2026-08-08T21:28:54.819066+00:00
C00091,21838.47,3639.7450000000003,6,Silver,run_20260808_212843,2026-08-08T21:28:54.819066+00:00
C00092,61980.31,8854.33,7,Platinum,run_20260808_212843,2026-08-08T21:28:54.819066+00:00
C00093,36204.51,6034.085,6,Bronze,run_20260808_212843,2026-08-08T21:28:54.819066+00:00
C00094,16584.88,4146.22,4,Bronze,run_20260808_212843,2026-08-08T21:28:54.819066+00:00
C00095,61415.299999999996,8773.614285714286,7,Bronze,run_20260808_212843,2026-08-08T21:28:54.819066+00:00
C00096,16763.56,5587.8533333333335,3,Silver,run_20260808_212843,2026-08-08T21:28:54.819066+00:00
C00097,56662.3,11332.460000000001,5,Silver,run_20260808_212843,2026-08-08T21:28:54.819066+00:00
C00098,9638.25,9638.25,1,Platinum,run_20260808_212843,2026-08-08T21:28:54.819066+00:00
C00099,33088.69,5514.781666666667,6,Bronze,run_20260808_212843,2026-08-08T21:28:54.819066+00:00
C00100,28825.760000000002,4117.965714285715,7,Platinum,run_20260808_212843,2026-08-08T21:28:54.819066+00:00
C00101,56010.56999999999,7001.321249999999,8,Platinum,run_20260808_212843,2026-08-08T21:28:54.819066+00:00
C00102,19393.4,3878.6800000000003,5,Platinum,run_20260808_212843,2026-08-08T21:28:54.819066+00:00
C00103,43925.0,8785.0,5,Gold,run_20260808_212843,2026-08-08T21:28:54.819066+00:00
C00104,8796.599999999999,4398.299999999999,2,Bronze,run_20260808_212843,2026-08-08T21:28:54.819066+00:00
C00105,47880.59,7980.098333333332,6,Bronze,run_20260808_212843,2026-08-08T21:28:54.819066+00:00
C00106,76619.7,10945.671428571428,7,Gold,run_20260808_212843,2026-08-08T21:28:54.819066+00:00
C00107,43040.16,7173.360000000001,6,Gold,run_20260808_212843,2026-08-08T21:28:54.819066+00:00
C00108,43097.3,7182.883333333334,6,Bronze,run_20260808_212843,2026-08-08T21:28:54.819066+00:00
C00109,77656.86,12942.81,6,Gold,run_20260808_212843,2026-08-08T21:28:54.819066+00:00
C00110,22950.32,7650.106666666667,3,Platinum,run_20260808_212843,2026-08-08T21:28:54.819066+00:00
C00111,42781.619999999995,8556.323999999999,5,Silver,run_20260808_212843,2026-08-08T21:28:54.819066+00:00
C00112,16499.899999999998,3299.9799999999996,5,Platinum,run_20260808_212843,2026-08-08T21:28:54.819066+00:00
C00113,40155.88,8031.1759999999995,5,Bronze,run_20260808_212843,2026-08-08T21:28:54.819066+00:00
C00114,13776.89,2755.3779999999997,5,Gold,run_20260808_212843,2026-08-08T21:28:54.819066+00:00
C00115,38763.11,7752.622,5,Silver,run_20260808_212843,2026-08-08T21:28:54.819066+00:00
C00116,11663.45,11663.45,1,Bronze,run_20260808_212843,2026-08-08T21:28:54.819066+00:00
C00117,19722.54,4930.635,4,Gold,run_20260808_212843,2026-08-08T21:28:54.819066+00:00
C00118,46851.53,7808.588333333333,6,Silver,run_20260808_212843,2026-08-08T21:28:54.819066+00:00
C00119,48907.3,9781.460000000001,5,Silver,run_20260808_212843,2026-08-08T21:28:54.819066+00:00
C00120,14402.470000000001,7201.235000000001,2,Gold,run_20260808_212843,2026-08-08T21:28:54.819066+00:00
C00121,43245.95,10811.4875,4,Silver,run_20260808_212843,2026-08-08T21:28:54.819066+00:00
C00122,85997.42,10749.6775,8,Bronze,run_20260808_212843,2026-08-08T21:28:54.819066+00:00
C00123,67193.69,7465.9655555555555,9,Gold,run_20260808_212843,2026-08-08T21:28:54.819066+00:00
C00124,25304.07,5060.814,5,Platinum,run_20260808_212843,2026-08-08T21:28:54.819066+00:00
C00125,15737.130000000001,3934.2825000000003,4,Bronze,run_20260808_212843,2026-08-08T21:28:54.819066+00:00
C00126,54470.21,7781.458571428571,7,Bronze,run_20260808_212843,2026-08-08T21:28:54.819066+00:00
C00127,40474.47,10118.6175,4,Gold,run_20260808_212843,2026-08-08T21:28:54.819066+00:00
C00128,22429.5,5607.375,4,Gold,run_20260808_212843,2026-08-08T21:28:54.819066+00:00
C00129,21732.61,7244.203333333334,3,Silver,run_20260808_212843,2026-08-08T21:28:54.819066+00:00
C00130,33412.41,6682.482000000001,5,Bronze,run_20260808_212843,2026-08-08T21:28:54.819066+00:00
C00131,24944.32,6236.08,4,Silver,run_20260808_212843,2026-08-08T21:28:54.819066+00:00
C00132,2240.4,1120.2,2,Bronze,run_20260808_212843,2026-08-08T21:28:54.819066+00:00
C00133,29371.870000000003,14685.935000000001,2,Bronze,run_20260808_212843,2026-08-08T21:28:54.819066+00:00
C00134,52457.37,10491.474,5,Platinum,run_20260808_212843,2026-08-08T21:28:54.819066+00:00
C00135,22504.120000000003,7501.373333333334,3,Bronze,run_20260808_212843,2026-08-08T21:28:54.819066+00:00
C00136,57773.5,8253.357142857143,7,Silver,run_20260808_212843,2026-08-08T21:28:54.819066+00:00
C00137,29572.190000000002,5914.438,5,Silver,run_20260808_212843,2026-08-08T21:28:54.819066+00:00
C00138,41581.38,8316.276,5,Platinum,run_20260808_212843,2026-08-08T21:28:54.819066+00:00
C00139,35580.490000000005,11860.163333333336,3,Silver,run_20260808_212843,2026-08-08T21:28:54.819066+00:00
C00140,26957.91,6739.4775,4,Gold,run_20260808_212843,2026-08-08T21:28:54.819066+00:00
C00141,20431.06,4086.2120000000004,5,Platinum,run_20260808_212843,2026-08-08T21:28:54.819066+00:00
C00142,90816.78,11352.0975,8,Silver,run_20260808_212843,2026-08-08T21:28:54.819066+00:00
C00143,13975.73,4658.576666666667,3,Silver,run_20260808_212843,2026-08-08T21:28:54.819066+00:00
C00144,38739.799999999996,5534.257142857142,7,Gold,run_20260808_212843,2026-08-08T21:28:54.819066+00:00
C00145,49643.299999999996,9928.66,5,Platinum,run_20260808_212843,2026-08-08T21:28:54.819066+00:00
C00146,26646.42,4441.07,6,Gold,run_20260808_212843,2026-08-08T21:28:54.819066+00:00
C00147,25454.879999999997,4242.48,6,Platinum,run_20260808_212843,2026-08-08T21:28:54.819066+00:00
C00148,33359.3,6671.860000000001,5,Platinum,run_20260808_212843,2026-08-08T21:28:54.819066+00:00
C00149,19551.12,19551.12,1,Bronze,run_20260808_212843,2026-08-08T21:28:54.819066+00:00
C00150,57047.45,7130.93125,8,Silver,run_20260808_212843,2026-08-08T21:28:54.819066+00:00
C00151,50296.99,7185.284285714285,7,Silver,run_20260808_212843,2026-08-08T21:28:54.819066+00:00
C00152,26062.179999999997,8687.393333333332,3,Bronze,run_20260808_212843,2026-08-08T21:28:54.819066+00:00
C00153,8702.11,2900.7033333333334,3,Gold,run_20260808_212843,2026-08-08T21:28:54.819066+00:00
C00154,36246.73,7249.3460000000005,5,Bronze,run_20260808_212843,2026-08-08T21:28:54.819066+00:00
C00155,39997.31,13332.436666666666,3,Silver,run_20260808_212843,2026-08-08T21:28:54.819066+00:00
C00156,4846.04,2423.02,2,Silver,run_20260808_212843,2026-08-08T21:28:54.819066+00:00
C00157,15029.45,5009.816666666667,3,Bronze,run_20260808_212843,2026-08-08T21:28:54.819066+00:00
C00158,45492.75,7582.125,6,Bronze,run_20260808_212843,2026-08-08T21:28:54.819066+00:00
C00159,23914.3,5978.575,4,Bronze,run_20260808_212843,2026-08-08T21:28:54.819066+00:00
C00160,55537.62,7933.9457142857145,7,Silver,run_20260808_212843,2026-08-08T21:28:54.819066+00:00
C00161,41308.33,5901.1900000000005,7,Bronze,run_20260808_212843,2026-08-08T21:28:54.819066+00:00
C00162,61778.38,6864.264444444444,9,Bronze,run_20260808_212843,2026-08-08T21:28:54.819066+00:00
C00163,69332.2,8666.525,8,Gold,run_20260808_212843,2026-08-08T21:28:54.819066+00:00
C00164,26983.739999999998,6745.9349999999995,4,Bronze,run_20260808_212843,2026-08-08T21:28:54.819066+00:00
C00165,25693.62,4282.2699999999995,6,Silver,run_20260808_212843,2026-08-08T21:28:54.819066+00:00
C00166,15535.87,7767.935,2,Gold,run_20260808_212843,2026-08-08T21:28:54.819066+00:00
C00167,245.76,245.76,1,Platinum,run_20260808_212843,2026-08-08T21:28:54.819066+00:00
C00168,63554.590000000004,12710.918000000001,5,Silver,run_20260808_212843,2026-08-08T21:28:54.819066+00:00
C00169,27474.920000000002,4579.153333333334,6,Silver,run_20260808_212843,2026-08-08T21:28:54.819066+00:00
C00170,27099.460000000003,6774.865000000001,4,Platinum,run_20260808_212843,2026-08-08T21:28:54.819066+00:00
C00171,33333.67,6666.7339999999995,5,Silver,run_20260808_212843,2026-08-08T21:28:54.819066+00:00
C00172,5788.7699999999995,1929.59,3,Platinum,run_20260808_212843,2026-08-08T21:28:54.819066+00:00
C00173,39747.28,7949.456,5,Platinum,run_20260808_212843,2026-08-08T21:28:54.819066+00:00
C00174,14217.849999999999,7108.924999999999,2,Silver,run_20260808_212843,2026-08-08T21:28:54.819066+00:00
C00175,38315.66,9578.915,4,Bronze,run_20260808_212843,2026-08-08T21:28:54.819066+00:00
C00176,60881.81,7610.22625,8,Bronze,run_20260808_212843,2026-08-08T21:28:54.819066+00:00
C00177,5978.74,5978.74,1,Platinum,run_20260808_212843,2026-08-08T21:28:54.819066+00:00
C00178,105818.09,11757.565555555555,9,Gold,run_20260808_212843,2026-08-08T21:28:54.819066+00:00
C00179,25220.420000000002,8406.806666666667,3,Platinum,run_20260808_212843,2026-08-08T21:28:54.819066+00:00
C00180,37903.82,9475.955,4,Platinum,run_20260808_212843,2026-08-08T21:28:54.819066+00:00
C00181,39026.83,9756.7075,4,Platinum,run_20260808_212843,2026-08-08T21:28:54.819066+00:00
C00182,7951.48,2650.4933333333333,3,Bronze,run_20260808_212843,2026-08-08T21:28:54.819066+00:00
C00183,25520.57,4253.428333333333,6,Bronze,run_20260808_212843,2026-08-08T21:28:54.819066+00:00
C00184,5308.03,1769.3433333333332,3,Bronze,run_20260808_212843,2026-08-08T21:28:54.819066+00:00
C00185,9630.0,9630.0,1,Platinum,run_20260808_212843,2026-08-08T21:28:54.819066+00:00
C00186,45136.89,11284.2225,4,Gold,run_20260808_212843,2026-08-08T21:28:54.819066+00:00
C00187,19148.55,9574.275,2,Bronze,run_20260808_212843,2026-08-08T21:28:54.819066+00:00
C00188,94292.04999999999,11786.506249999999,8,Silver,run_20260808_212843,2026-08-08T21:28:54.819066+00:00
C00189,16204.17,4051.0425,4,Silver,run_20260808_212843,2026-08-08T21:28:54.819066+00:00
C00190,6062.37,6062.37,1,Silver,run_20260808_212843,2026-08-08T21:28:54.819066+00:00
C00191,13801.14,6900.57,2,Platinum,run_20260808_212843,2026-08-08T21:28:54.819066+00:00
C00192,21029.17,4205.834,5,Silver,run_20260808_212843,2026-08-08T21:28:54.819066+00:00
C00193,69001.59,13800.318,5,Platinum,run_20260808_212843,2026-08-08T21:28:54.819066+00:00
C00194,5490.9,2745.45,2,Silver,run_20260808_212843,2026-08-08T21:28:54.819066+00:00
C00195,26023.2,6505.8,4,Gold,run_20260808_212843,2026-08-08T21:28:54.819066+00:00
C00196,46640.06,5830.0075,8,Platinum,run_20260808_212843,2026-08-08T21:28:54.819066+00:00
C00197,28695.629999999997,5739.125999999999,5,Silver,run_20260808_212843,2026-08-08T21:28:54.819066+00:00
C00198,8523.07,4261.535,2,Bronze,run_20260808_212843,2026-08-08T21:28:54.819066+00:00
C00199,56933.27,7116.65875,8,Platinum,run_20260808_212843,2026-08-08T21:28:54.819066+00:00
C00200,21471.12,7157.04,3,Bronze,run_20260808_212843,2026-08-08T21:28:54.819066+00:00
C00201,22200.52,7400.173333333333,3,Bronze,run_20260808_212843,2026-08-08T21:28:54.819066+00:00
C00202,4474.71,2237.355,2,Bronze,run_20260808_212843,2026-08-08T21:28:54.819066+00:00
C00203,24462.769999999997,6115.692499999999,4,Bronze,run_20260808_212843,2026-08-08T21:28:54.819066+00:00
C00204,40728.759999999995,8145.751999999999,5,Silver,run_20260808_212843,2026-08-08T21:28:54.819066+00:00
C00205,59819.84,9969.973333333333,6,Silver,run_20260808_212843,2026-08-08T21:28:54.819066+00:00
C00206,34993.1,8748.275,4,Platinum,run_20260808_212843,2026-08-08T21:28:54.819066+00:00
C00207,23674.989999999998,5918.7474999999995,4,Platinum,run_20260808_212843,2026-08-08T21:28:54.819066+00:00
C00208,15510.85,3877.7125,4,Platinum,run_20260808_212843,2026-08-08T21:28:54.819066+00:00
C00209,38596.479999999996,7719.295999999999,5,Silver,run_20260808_212843,2026-08-08T21:28:54.819066+00:00
C00210,65150.75,13030.15,5,Platinum,run_20260808_212843,2026-08-08T21:28:54.819066+00:00
C00211,24925.41,4154.235,6,Bronze,run_20260808_212843,2026-08-08T21:28:54.819066+00:00
C00212,34974.53,6994.906,5,Silver,run_20260808_212843,2026-08-08T21:28:54.819066+00:00
C00213,44464.19,5558.02375,8,Platinum,run_20260808_212843,2026-08-08T21:28:54.819066+00:00
C00214,46056.04,9211.208,5,Bronze,run_20260808_212843,2026-08-08T21:28:54.819066+00:00
C00215,19607.730000000003,9803.865000000002,2,Platinum,run_20260808_212843,2026-08-08T21:28:54.819066+00:00
C00216,4990.85,4990.85,1,Gold,run_20260808_212843,2026-08-08T21:28:54.819066+00:00
C00217,26478.29,6619.5725,4,Platinum,run_20260808_212843,2026-08-08T21:28:54.819066+00:00
C00218,36252.94,7250.588000000001,5,Gold,run_20260808_212843,2026-08-08T21:28:54.819066+00:00
C00219,39807.69,7961.5380000000005,5,Platinum,run_20260808_212843,2026-08-08T21:28:54.819066+00:00
C00220,29036.370000000003,5807.274,5,Platinum,run_20260808_212843,2026-08-08T21:28:54.819066+00:00
C00221,48979.56,9795.912,5,Silver,run_20260808_212843,2026-08-08T21:28:54.819066+00:00
C00222,22474.989999999998,7491.663333333333,3,Silver,run_20260808_212843,2026-08-08T21:28:54.819066+00:00
C00223,78174.52,8686.057777777778,9,Gold,run_20260808_212843,2026-08-08T21:28:54.819066+00:00
C00224,36845.600000000006,9211.400000000001,4,Silver,run_20260808_212843,2026-08-08T21:28:54.819066+00:00
C00225,11278.66,3759.5533333333333,3,Bronze,run_20260808_212843,2026-08-08T21:28:54.819066+00:00
C00226,37439.740000000005,12479.913333333336,3,Bronze,run_20260808_212843,2026-08-08T21:28:54.819066+00:00
C00227,18633.23,3726.6459999999997,5,Gold,run_20260808_212843,2026-08-08T21:28:54.819066+00:00
C00228,38974.64,6495.7733333333335,6,Bronze,run_20260808_212843,2026-08-08T21:28:54.819066+00:00
C00229,20263.350000000002,5065.837500000001,4,Bronze,run_20260808_212843,2026-08-08T21:28:54.819066+00:00
C00230,48097.18,6871.0257142857145,7,Platinum,run_20260808_212843,2026-08-08T21:28:54.819066+00:00
C00231,22712.2,5678.05,4,Silver,run_20260808_212843,2026-08-08T21:28:54.819066+00:00
C00232,4558.5,4558.5,1,Bronze,run_20260808_212843,2026-08-08T21:28:54.819066+00:00
C00233,18123.79,6041.263333333333,3,Bronze,run_20260808_212843,2026-08-08T21:28:54.819066+00:00
C00234,37261.2,7452.24,5,Silver,run_20260808_212843,2026-08-08T21:28:54.819066+00:00
C00235,43435.43,10858.8575,4,Bronze,run_20260808_212843,2026-08-08T21:28:54.819066+00:00
C00236,29805.35,9935.116666666667,3,Bronze,run_20260808_212843,2026-08-08T21:28:54.819066+00:00
C00237,15124.710000000001,7562.3550000000005,2,Silver,run_20260808_212843,2026-08-08T21:28:54.819066+00:00
C00238,28556.6,14278.3,2,Platinum,run_20260808_212843,2026-08-08T21:28:54.819066+00:00
C00239,14820.13,2964.026,5,Bronze,run_20260808_212843,2026-08-08T21:28:54.819066+00:00
C00240,54713.020000000004,9118.836666666668,6,Silver,run_20260808_212843,2026-08-08T21:28:54.819066+00:00
C00241,63087.68,12617.536,5,Bronze,run_20260808_212843,2026-08-08T21:28:54.819066+00:00
C00242,45505.94,7584.323333333334,6,Bronze,run_20260808_212843,2026-08-08T21:28:54.819066+00:00
C00243,39829.15,9957.2875,4,Platinum,run_20260808_212843,2026-08-08T21:28:54.819066+00:00
C00244,46171.64,6595.948571428571,7,Gold,run_20260808_212843,2026-08-08T21:28:54.819066+00:00
C00245,29338.68,4889.78,6,Gold,run_20260808_212843,2026-08-08T21:28:54.819066+00:00
C00246,28670.350000000002,4778.391666666667,6,Silver,run_20260808_212843,2026-08-08T21:28:54.819066+00:00
C00247,25968.510000000002,12984.255000000001,2,Gold,run_20260808_212843,2026-08-08T21:28:54.819066+00:00
C00248,28721.420000000002,7180.3550000000005,4,Silver,run_20260808_212843,2026-08-08T21:28:54.819066+00:00
C00249,51235.05,10247.01,5,Gold,run_20260808_212843,2026-08-08T21:28:54.819066+00:00
C00250,28356.91,7089.2275,4,Platinum,run_20260808_212843,2026-08-08T21:28:54.819066+00:00
C00251,56927.41,9487.901666666667,6,Silver,run_20260808_212843,2026-08-08T21:28:54.819066+00:00
C00252,51102.2,8517.033333333333,6,Gold,run_20260808_212843,2026-08-08T21:28:54.819066+00:00
C00253,37935.5,6322.583333333333,6,Platinum,run_20260808_212843,2026-08-08T21:28:54.819066+00:00
C00254,5976.23,1494.0575,4,Gold,run_20260808_212843,2026-08-08T21:28:54.819066+00:00
C00255,40841.86,8168.372,5,Bronze,run_20260808_212843,2026-08-08T21:28:54.819066+00:00
C00256,29851.84,4264.548571428571,7,Bronze,run_20260808_212843,2026-08-08T21:28:54.819066+00:00
C00257,31333.02,10444.34,3,Platinum,run_20260808_212843,2026-08-08T21:28:54.819066+00:00
C00258,65189.29,10864.881666666666,6,Bronze,run_20260808_212843,2026-08-08T21:28:54.819066+00:00
C00259,42890.100000000006,10722.525000000001,4,Bronze,run_20260808_212843,2026-08-08T21:28:54.819066+00:00
C00260,46085.58,6583.654285714286,7,Silver,run_20260808_212843,2026-08-08T21:28:54.819066+00:00
C00261,21196.01,5299.0025,4,Gold,run_20260808_212843,2026-08-08T21:28:54.819066+00:00
C00262,90126.64,10014.07111111111,9,Silver,run_20260808_212843,2026-08-08T21:28:54.819066+00:00
C00263,113787.13,11378.713,10,Gold,run_20260808_212843,2026-08-08T21:28:54.819066+00:00
C00264,59271.020000000004,11854.204000000002,5,Bronze,run_20260808_212843,2026-08-08T21:28:54.819066+00:00
C00265,59451.32,9908.553333333333,6,Silver,run_20260808_212843,2026-08-08T21:28:54.819066+00:00
C00266,14650.0,7325.0,2,Gold,run_20260808_212843,2026-08-08T21:28:54.819066+00:00
C00267,31133.489999999998,5188.915,6,Gold,run_20260808_212843,2026-08-08T21:28:54.819066+00:00
C00268,58754.97,7344.37125,8,Silver,run_20260808_212843,2026-08-08T21:28:54.819066+00:00
C00269,18386.86,9193.43,2,Platinum,run_20260808_212843,2026-08-08T21:28:54.819066+00:00
C00270,46113.7,7685.616666666666,6,Gold,run_20260808_212843,2026-08-08T21:28:54.819066+00:00
C00271,22918.1,3274.0142857142855,7,Bronze,run_20260808_212843,2026-08-08T21:28:54.819066+00:00
C00272,19004.58,6334.860000000001,3,Gold,run_20260808_212843,2026-08-08T21:28:54.819066+00:00
C00273,59093.29,7386.66125,8,Bronze,run_20260808_212843,2026-08-08T21:28:54.819066+00:00
C00274,51424.66,10284.932,5,Silver,run_20260808_212843,2026-08-08T21:28:54.819066+00:00
C00275,22561.35,5640.3375,4,Gold,run_20260808_212843,2026-08-08T21:28:54.819066+00:00
C00276,6553.02,3276.51,2,Bronze,run_20260808_212843,2026-08-08T21:28:54.819066+00:00
C00277,28392.85,9464.283333333333,3,Bronze,run_20260808_212843,2026-08-08T21:28:54.819066+00:00
C00278,51358.1,6419.7625,8,Silver,run_20260808_212843,2026-08-08T21:28:54.819066+00:00
C00279,34395.590000000004,6879.118,5,Gold,run_20260808_212843,2026-08-08T21:28:54.819066+00:00
C00280,30356.2,6071.24,5,Gold,run_20260808_212843,2026-08-08T21:28:54.819066+00:00
C00281,58210.78999999999,14552.697499999998,4,Silver,run_20260808_212843,2026-08-08T21:28:54.819066+00:00
C00282,31302.85,15651.425,2,Gold,run_20260808_212843,2026-08-08T21:28:54.819066+00:00
C00283,51803.8,10360.76,5,Silver,run_20260808_212843,2026-08-08T21:28:54.819066+00:00
C00284,56887.729999999996,11377.545999999998,5,Gold,run_20260808_212843,2026-08-08T21:28:54.819066+00:00
C00285,41576.48,6929.413333333334,6,Platinum,run_20260808_212843,2026-08-08T21:28:54.819066+00:00
C00286,21134.09,10567.045,2,Gold,run_20260808_212843,2026-08-08T21:28:54.819066+00:00
C00287,18085.04,4521.26,4,Bronze,run_20260808_212843,2026-08-08T21:28:54.819066+00:00
C00288,51573.03999999999,7367.577142857142,7,Bronze,run_20260808_212843,2026-08-08T21:28:54.819066+00:00
C00289,53297.82,10659.564,5,Platinum,run_20260808_212843,2026-08-08T21:28:54.819066+00:00
C00290,35069.05,8767.2625,4,Gold,run_20260808_212843,2026-08-08T21:28:54.819066+00:00
C00291,27819.34,3974.191428571429,7,Bronze,run_20260808_212843,2026-08-08T21:28:54.819066+00:00
C00292,51089.71,6386.21375,8,Bronze,run_20260808_212843,2026-08-08T21:28:54.819066+00:00
C00293,7937.0,2645.6666666666665,3,Gold,run_20260808_212843,2026-08-08T21:28:54.819066+00:00
C00294,22867.500000000004,7622.500000000001,3,Silver,run_20260808_212843,2026-08-08T21:28:54.819066+00:00
C00295,58966.94,8423.848571428573,7,Gold,run_20260808_212843,2026-08-08T21:28:54.819066+00:00
C00296,22639.79,3773.2983333333336,6,Silver,run_20260808_212843,2026-08-08T21:28:54.819066+00:00
C00297,52283.3,10456.66,5,Platinum,run_20260808_212843,2026-08-08T21:28:54.819066+00:00
C00298,18729.36,18729.36,1,Platinum,run_20260808_212843,2026-08-08T21:28:54.819066+00:00
C00299,9213.24,3071.08,3,Bronze,run_20260808_212843,2026-08-08T21:28:54.819066+00:00
C00300,25819.21,8606.403333333334,3,Bronze,run_20260808_212843,2026-08-08T21:28:54.819066+00:00
C00301,52394.97,7484.995714285715,7,Bronze,run_20260808_212843,2026-08-08T21:28:54.819066+00:00
C00302,26027.83,5205.566000000001,5,Silver,run_20260808_212843,2026-08-08T21:28:54.819066+00:00
C00303,61430.72,10238.453333333333,6,Bronze,run_20260808_212843,2026-08-08T21:28:54.819066+00:00
C00304,18147.91,3629.582,5,Gold,run_20260808_212843,2026-08-08T21:28:54.819066+00:00
C00305,21236.35,5309.0875,4,Silver,run_20260808_212843,2026-08-08T21:28:54.819066+00:00
C00306,17593.32,8796.66,2,Platinum,run_20260808_212843,2026-08-08T21:28:54.819066+00:00
C00307,39737.29,7947.4580000000005,5,Silver,run_20260808_212843,2026-08-08T21:28:54.819066+00:00
C00308,58996.16,8428.022857142858,7,Bronze,run_20260808_212843,2026-08-08T21:28:54.819066+00:00
C00309,43295.310000000005,5411.913750000001,8,Gold,run_20260808_212843,2026-08-08T21:28:54.819066+00:00
C00310,32490.34,8122.585,4,Gold,run_20260808_212843,2026-08-08T21:28:54.819066+00:00
C00311,36323.68,7264.736,5,Bronze,run_20260808_212843,2026-08-08T21:28:54.819066+00:00
C00312,41047.66,6841.276666666668,6,Gold,run_20260808_212843,2026-08-08T21:28:54.819066+00:00
C00313,60040.93,7505.11625,8,Silver,run_20260808_212843,2026-08-08T21:28:54.819066+00:00
C00314,50522.31,7217.472857142857,7,Silver,run_20260808_212843,2026-08-08T21:28:54.819066+00:00
C00315,29834.69,5966.938,5,Bronze,run_20260808_212843,2026-08-08T21:28:54.819066+00:00
C00316,73310.09,10472.869999999999,7,Gold,run_20260808_212843,2026-08-08T21:28:54.819066+00:00
C00317,28165.25,7041.3125,4,Platinum,run_20260808_212843,2026-08-08T21:28:54.819066+00:00
C00318,33769.43,5628.238333333334,6,Silver,run_20260808_212843,2026-08-08T21:28:54.819066+00:00
C00319,27881.170000000002,6970.2925000000005,4,Silver,run_20260808_212843,2026-08-08T21:28:54.819066+00:00
C00320,38435.21,6405.868333333333,6,Silver,run_20260808_212843,2026-08-08T21:28:54.819066+00:00
C00321,16666.940000000002,4166.735000000001,4,Silver,run_20260808_212843,2026-08-08T21:28:54.819066+00:00
C00322,59412.81,6601.423333333333,9,Platinum,run_20260808_212843,2026-08-08T21:28:54.819066+00:00
C00323,41720.75,6953.458333333333,6,Bronze,run_20260808_212843,2026-08-08T21:28:54.819066+00:00
C00324,50427.61,8404.601666666667,6,Silver,run_20260808_212843,2026-08-08T21:28:54.819066+00:00
C00325,44855.05,8971.01,5,Gold,run_20260808_212843,2026-08-08T21:28:54.819066+00:00
C00326,15425.28,15425.28,1,Platinum,run_20260808_212843,2026-08-08T21:28:54.819066+00:00
C00327,46772.26,6681.751428571429,7,Silver,run_20260808_212843,2026-08-08T21:28:54.819066+00:00
C00328,55615.32,11123.064,5,Gold,run_20260808_212843,2026-08-08T21:28:54.819066+00:00
C00329,53044.71,10608.942,5,Silver,run_20260808_212843,2026-08-08T21:28:54.819066+00:00
C00330,34237.95,17118.975,2,Bronze,run_20260808_212843,2026-08-08T21:28:54.819066+00:00
C00331,21838.45,5459.6125,4,Platinum,run_20260808_212843,2026-08-08T21:28:54.819066+00:00
C00332,46915.25,9383.05,5,Bronze,run_20260808_212843,2026-08-08T21:28:54.819066+00:00
C00333,31570.030000000002,6314.006,5,Platinum,run_20260808_212843,2026-08-08T21:28:54.819066+00:00
C00334,21129.82,7043.2733333333335,3,Silver,run_20260808_212843,2026-08-08T21:28:54.819066+00:00
C00335,58044.19,11608.838,5,Silver,run_20260808_212843,2026-08-08T21:28:54.819066+00:00
C00336,19907.47,6635.823333333334,3,Platinum,run_20260808_212843,2026-08-08T21:28:54.819066+00:00
C00337,18545.46,9272.73,2,Gold,run_20260808_212843,2026-08-08T21:28:54.819066+00:00
C00338,50014.240000000005,8335.706666666667,6,Gold,run_20260808_212843,2026-08-08T21:28:54.819066+00:00
C00339,53561.59,8926.931666666665,6,Silver,run_20260808_212843,2026-08-08T21:28:54.819066+00:00
C00340,34002.76,8500.69,4,Silver,run_20260808_212843,2026-08-08T21:28:54.819066+00:00
C00341,39985.82,6664.303333333333,6,Bronze,run_20260808_212843,2026-08-08T21:28:54.819066+00:00
C00342,34086.8,17043.4,2,Silver,run_20260808_212843,2026-08-08T21:28:54.819066+00:00
C00343,46845.78,6692.254285714285,7,Platinum,run_20260808_212843,2026-08-08T21:28:54.819066+00:00
C00344,43318.22,8663.644,5,Gold,run_20260808_212843,2026-08-08T21:28:54.819066+00:00
C00345,75412.18000000001,10773.168571428572,7,Gold,run_20260808_212843,2026-08-08T21:28:54.819066+00:00
C00346,104639.5,10463.95,10,Bronze,run_20260808_212843,2026-08-08T21:28:54.819066+00:00
C00347,26962.23,5392.446,5,Gold,run_20260808_212843,2026-08-08T21:28:54.819066+00:00
C00348,19305.6,9652.8,2,Gold,run_20260808_212843,2026-08-08T21:28:54.819066+00:00
C00349,26926.149999999998,6731.537499999999,4,Platinum,run_20260808_212843,2026-08-08T21:28:54.819066+00:00
C00350,8802.33,4401.165,2,Gold,run_20260808_212843,2026-08-08T21:28:54.819066+00:00
C00351,48861.2,6980.171428571428,7,Bronze,run_20260808_212843,2026-08-08T21:28:54.819066+00:00
C00352,53022.880000000005,7574.697142857143,7,Bronze,run_20260808_212843,2026-08-08T21:28:54.819066+00:00
C00353,68271.83,11378.638333333334,6,Gold,run_20260808_212843,2026-08-08T21:28:54.819066+00:00
C00354,75253.5,12542.25,6,Silver,run_20260808_212843,2026-08-08T21:28:54.819066+00:00
C00355,53865.88,8977.646666666666,6,Gold,run_20260808_212843,2026-08-08T21:28:54.819066+00:00
C00356,49174.83,8195.805,6,Bronze,run_20260808_212843,2026-08-08T21:28:54.819066+00:00
C00357,58249.7,8321.385714285714,7,Bronze,run_20260808_212843,2026-08-08T21:28:54.819066+00:00
C00358,11232.45,11232.45,1,Platinum,run_20260808_212843,2026-08-08T21:28:54.819066+00:00
C00359,48590.15,8098.358333333334,6,Gold,run_20260808_212843,2026-08-08T21:28:54.819066+00:00
C00360,5736.85,1912.2833333333335,3,Gold,run_20260808_212843,2026-08-08T21:28:54.819066+00:00
C00361,23762.91,11881.455,2,Platinum,run_20260808_212843,2026-08-08T21:28:54.819066+00:00
C00362,24516.01,4903.201999999999,5,Bronze,run_20260808_212843,2026-08-08T21:28:54.819066+00:00
C00363,50676.89,7239.555714285714,7,Platinum,run_20260808_212843,2026-08-08T21:28:54.819066+00:00
C00364,49431.58,5492.397777777778,9,Silver,run_20260808_212843,2026-08-08T21:28:54.819066+00:00
C00365,22244.69,5561.1725,4,Gold,run_20260808_212843,2026-08-08T21:28:54.819066+00:00
C00366,38775.24,7755.048,5,Bronze,run_20260808_212843,2026-08-08T21:28:54.819066+00:00
C00367,16174.16,16174.16,1,Platinum,run_20260808_212843,2026-08-08T21:28:54.819066+00:00
C00368,43375.35,10843.8375,4,Bronze,run_20260808_212843,2026-08-08T21:28:54.819066+00:00
C00369,75940.65,8437.849999999999,9,Silver,run_20260808_212843,2026-08-08T21:28:54.819066+00:00
C00370,35825.72,5970.953333333334,6,Gold,run_20260808_212843,2026-08-08T21:28:54.819066+00:00
C00371,22581.579999999998,11290.789999999999,2,Platinum,run_20260808_212843,2026-08-08T21:28:54.819066+00:00
C00372,30794.42,6158.884,5,Bronze,run_20260808_212843,2026-08-08T21:28:54.819066+00:00
C00373,62653.93,12530.786,5,Gold,run_20260808_212843,2026-08-08T21:28:54.819066+00:00
C00374,2042.98,2042.98,1,Gold,run_20260808_212843,2026-08-08T21:28:54.819066+00:00
C00375,56997.770000000004,6333.085555555556,9,Bronze,run_20260808_212843,2026-08-08T21:28:54.819066+00:00
C00376,12912.59,3228.1475,4,Gold,run_20260808_212843,2026-08-08T21:28:54.819066+00:00
C00377,34397.01,8599.2525,4,Gold,run_20260808_212843,2026-08-08T21:28:54.819066+00:00
C00378,61147.65,8735.378571428571,7,Platinum,run_20260808_212843,2026-08-08T21:28:54.819066+00:00
C00379,45743.32,11435.83,4,Gold,run_20260808_212843,2026-08-08T21:28:54.819066+00:00
C00380,31387.93,5231.321666666667,6,Platinum,run_20260808_212843,2026-08-08T21:28:54.819066+00:00
C00381,54594.75,9099.125,6,Gold,run_20260808_212843,2026-08-08T21:28:54.819066+00:00
C00382,18011.06,3602.2120000000004,5,Silver,run_20260808_212843,2026-08-08T21:28:54.819066+00:00
C00383,64922.08,6492.2080000000005,10,Silver,run_20260808_212843,2026-08-08T21:28:54.819066+00:00
C00384,104048.41,8003.723846153846,13,Platinum,run_20260808_212843,2026-08-08T21:28:54.819066+00:00
C00385,70886.33,11814.388333333334,6,Platinum,run_20260808_212843,2026-08-08T21:28:54.819066+00:00
C00387,14224.18,4741.393333333333,3,Gold,run_20260808_212843,2026-08-08T21:28:54.819066+00:00
C00388,94427.14,13489.591428571428,7,Platinum,run_20260808_212843,2026-08-08T21:28:54.819066+00:00
C00389,29454.379999999997,4909.063333333333,6,Bronze,run_20260808_212843,2026-08-08T21:28:54.819066+00:00
C00390,38240.65,4248.961111111112,9,Gold,run_20260808_212843,2026-08-08T21:28:54.819066+00:00
C00391,14138.36,4712.786666666667,3,Gold,run_20260808_212843,2026-08-08T21:28:54.819066+00:00
C00392,59353.72,7419.215,8,Silver,run_20260808_212843,2026-08-08T21:28:54.819066+00:00
C00393,24042.89,6010.7225,4,Platinum,run_20260808_212843,2026-08-08T21:28:54.819066+00:00
C00394,79334.29,11333.47,7,Gold,run_20260808_212843,2026-08-08T21:28:54.819066+00:00
C00395,31748.850000000002,6349.77,5,Platinum,run_20260808_212843,2026-08-08T21:28:54.819066+00:00
C00396,16263.95,4065.9875,4,Platinum,run_20260808_212843,2026-08-08T21:28:54.819066+00:00
C00397,31069.38,6213.876,5,Platinum,run_20260808_212843,2026-08-08T21:28:54.819066+00:00
C00399,28672.690000000002,5734.5380000000005,5,Platinum,run_20260808_212843,2026-08-08T21:28:54.819066+00:00
C00400,28177.89,7044.4725,4,Silver,run_20260808_212843,2026-08-08T21:28:54.819066+00:00
C00401,47360.98,7893.496666666667,6,Bronze,run_20260808_212843,2026-08-08T21:28:54.819066+00:00
C00402,9843.19,4921.595,2,Gold,run_20260808_212843,2026-08-08T21:28:54.819066+00:00
C00403,60982.759999999995,8711.822857142857,7,Gold,run_20260808_212843,2026-08-08T21:28:54.819066+00:00
C00404,43293.969999999994,7215.661666666666,6,Bronze,run_20260808_212843,2026-08-08T21:28:54.819066+00:00
C00405,19189.920000000002,6396.64,3,Silver,run_20260808_212843,2026-08-08T21:28:54.819066+00:00
C00406,28554.059999999998,4759.009999999999,6,Gold,run_20260808_212843,2026-08-08T21:28:54.819066+00:00
C00407,33161.22,5526.87,6,Silver,run_20260808_212843,2026-08-08T21:28:54.819066+00:00
C00408,17857.09,5952.363333333334,3,Silver,run_20260808_212843,2026-08-08T21:28:54.819066+00:00
C00409,33867.25,8466.8125,4,Silver,run_20260808_212843,2026-08-08T21:28:54.819066+00:00
C00410,11381.599999999999,5690.799999999999,2,Bronze,run_20260808_212843,2026-08-08T21:28:54.819066+00:00
C00411,16915.02,4228.755,4,Bronze,run_20260808_212843,2026-08-08T21:28:54.819066+00:00
C00412,58556.5,8365.214285714286,7,Silver,run_20260808_212843,2026-08-08T21:28:54.819066+00:00
C00413,60718.7,6746.522222222222,9,Platinum,run_20260808_212843,2026-08-08T21:28:54.819066+00:00
C00414,47565.78,6795.111428571428,7,Bronze,run_20260808_212843,2026-08-08T21:28:54.819066+00:00
C00415,52166.03,8694.338333333333,6,Platinum,run_20260808_212843,2026-08-08T21:28:54.819066+00:00
C00416,41534.01,5933.43,7,Platinum,run_20260808_212843,2026-08-08T21:28:54.819066+00:00
C00417,31499.16,7874.79,4,Silver,run_20260808_212843,2026-08-08T21:28:54.819066+00:00
C00418,4707.25,2353.625,2,Platinum,run_20260808_212843,2026-08-08T21:28:54.819066+00:00
C00419,45908.45,7651.408333333333,6,Platinum,run_20260808_212843,2026-08-08T21:28:54.819066+00:00
C00420,26491.16,8830.386666666667,3,Platinum,run_20260808_212843,2026-08-08T21:28:54.819066+00:00
C00421,50481.07,12620.2675,4,Silver,run_20260808_212843,2026-08-08T21:28:54.819066+00:00
C00422,27334.93,9111.643333333333,3,Silver,run_20260808_212843,2026-08-08T21:28:54.819066+00:00
C00423,32907.8,3656.4222222222224,9,Bronze,run_20260808_212843,2026-08-08T21:28:54.819066+00:00
C00424,3065.62,1021.8733333333333,3,Bronze,run_20260808_212843,2026-08-08T21:28:54.819066+00:00
C00425,62077.22,7759.6525,8,Platinum,run_20260808_212843,2026-08-08T21:28:54.819066+00:00
C00426,31269.300000000003,10423.1,3,Silver,run_20260808_212843,2026-08-08T21:28:54.819066+00:00
C00427,75648.98,8405.442222222222,9,Silver,run_20260808_212843,2026-08-08T21:28:54.819066+00:00
C00428,52382.36,10476.472,5,Platinum,run_20260808_212843,2026-08-08T21:28:54.819066+00:00
C00429,25152.8,4192.133333333333,6,Bronze,run_20260808_212843,2026-08-08T21:28:54.819066+00:00
C00430,51220.07,5691.118888888889,9,Silver,run_20260808_212843,2026-08-08T21:28:54.819066+00:00
C00431,56332.91,11266.582,5,Bronze,run_20260808_212843,2026-08-08T21:28:54.819066+00:00
C00432,47226.0,7871.0,6,Platinum,run_20260808_212843,2026-08-08T21:28:54.819066+00:00
C00433,31731.45,7932.8625,4,Silver,run_20260808_212843,2026-08-08T21:28:54.819066+00:00
C00434,31180.11,6236.022,5,Platinum,run_20260808_212843,2026-08-08T21:28:54.819066+00:00
C00435,66271.96,11045.326666666668,6,Gold,run_20260808_212843,2026-08-08T21:28:54.819066+00:00
C00436,21255.33,5313.8325,4,Platinum,run_20260808_212843,2026-08-08T21:28:54.819066+00:00
C00437,63580.770000000004,7947.5962500000005,8,Platinum,run_20260808_212843,2026-08-08T21:28:54.819066+00:00
C00438,43308.57,14436.19,3,Platinum,run_20260808_212843,2026-08-08T21:28:54.819066+00:00
C00439,30471.739999999998,10157.246666666666,3,Silver,run_20260808_212843,2026-08-08T21:28:54.819066+00:00
C00440,11470.779999999999,5735.389999999999,2,Platinum,run_20260808_212843,2026-08-08T21:28:54.819066+00:00
C00441,55081.04,9180.173333333334,6,Platinum,run_20260808_212843,2026-08-08T21:28:54.819066+00:00
C00442,11055.69,5527.845,2,Gold,run_20260808_212843,2026-08-08T21:28:54.819066+00:00
C00443,24685.29,6171.3225,4,Silver,run_20260808_212843,2026-08-08T21:28:54.819066+00:00
C00444,24134.440000000002,8044.813333333334,3,Gold,run_20260808_212843,2026-08-08T21:28:54.819066+00:00
C00445,1306.56,1306.56,1,Platinum,run_20260808_212843,2026-08-08T21:28:54.819066+00:00
C00446,10040.470000000001,3346.8233333333337,3,Silver,run_20260808_212843,2026-08-08T21:28:54.819066+00:00
C00447,46126.58,7687.763333333333,6,Gold,run_20260808_212843,2026-08-08T21:28:54.819066+00:00
C00448,4223.16,1407.72,3,Platinum,run_20260808_212843,2026-08-08T21:28:54.819066+00:00
C00449,23701.050000000003,5925.262500000001,4,Bronze,run_20260808_212843,2026-08-08T21:28:54.819066+00:00
C00450,17263.69,2877.2816666666663,6,Gold,run_20260808_212843,2026-08-08T21:28:54.819066+00:00
C00451,47948.4,15982.800000000001,3,Silver,run_20260808_212843,2026-08-08T21:28:54.819066+00:00
C00452,12094.1,4031.366666666667,3,Gold,run_20260808_212843,2026-08-08T21:28:54.819066+00:00
C00453,19934.02,9967.01,2,Gold,run_20260808_212843,2026-08-08T21:28:54.819066+00:00
C00454,29624.21,14812.105,2,Gold,run_20260808_212843,2026-08-08T21:28:54.819066+00:00
C00455,52657.479999999996,10531.496,5,Bronze,run_20260808_212843,2026-08-08T21:28:54.819066+00:00
C00456,58004.85,6444.983333333334,9,Silver,run_20260808_212843,2026-08-08T21:28:54.819066+00:00
C00457,44856.79,5607.09875,8,Silver,run_20260808_212843,2026-08-08T21:28:54.819066+00:00
C00458,39124.36,6520.7266666666665,6,Silver,run_20260808_212843,2026-08-08T21:28:54.819066+00:00
C00459,80734.94,10091.8675,8,Platinum,run_20260808_212843,2026-08-08T21:28:54.819066+00:00
C00460,44307.11,8861.422,5,Silver,run_20260808_212843,2026-08-08T21:28:54.819066+00:00
C00461,16830.18,8415.09,2,Silver,run_20260808_212843,2026-08-08T21:28:54.819066+00:00
C00463,44853.869999999995,8970.774,5,Platinum,run_20260808_212843,2026-08-08T21:28:54.819066+00:00
C00464,3975.02,3975.02,1,Platinum,run_20260808_212843,2026-08-08T21:28:54.819066+00:00
C00465,44401.1,8880.22,5,Gold,run_20260808_212843,2026-08-08T21:28:54.819066+00:00
C00466,17172.66,5724.22,3,Platinum,run_20260808_212843,2026-08-08T21:28:54.819066+00:00
C00467,57582.520000000004,7197.8150000000005,8,Platinum,run_20260808_212843,2026-08-08T21:28:54.819066+00:00
C00468,39675.81,9918.9525,4,Bronze,run_20260808_212843,2026-08-08T21:28:54.819066+00:00
C00469,56389.08,9398.18,6,Silver,run_20260808_212843,2026-08-08T21:28:54.819066+00:00
C00470,30781.760000000002,6156.352000000001,5,Platinum,run_20260808_212843,2026-08-08T21:28:54.819066+00:00
C00471,28953.09,9651.03,3,Platinum,run_20260808_212843,2026-08-08T21:28:54.819066+00:00
C00472,53982.0,7711.714285714285,7,Bronze,run_20260808_212843,2026-08-08T21:28:54.819066+00:00
C00473,37417.31,12472.436666666666,3,Platinum,run_20260808_212843,2026-08-08T21:28:54.819066+00:00
C00474,35424.45,8856.1125,4,Platinum,run_20260808_212843,2026-08-08T21:28:54.819066+00:00
C00475,25976.18,5195.236,5,Bronze,run_20260808_212843,2026-08-08T21:28:54.819066+00:00
C00476,24007.81,4801.562,5,Gold,run_20260808_212843,2026-08-08T21:28:54.819066+00:00
C00477,15286.35,7643.175,2,Gold,run_20260808_212843,2026-08-08T21:28:54.819066+00:00
C00478,64784.18000000001,16196.045000000002,4,Platinum,run_20260808_212843,2026-08-08T21:28:54.819066+00:00
C00479,41161.25,6860.208333333333,6,Platinum,run_20260808_212843,2026-08-08T21:28:54.819066+00:00
C00480,36242.14,6040.356666666667,6,Silver,run_20260808_212843,2026-08-08T21:28:54.819066+00:00
C00481,30951.36,7737.84,4,Platinum,run_20260808_212843,2026-08-08T21:28:54.819066+00:00
C00482,33410.68,8352.67,4,Silver,run_20260808_212843,2026-08-08T21:28:54.819066+00:00
C00483,64125.35,9160.764285714286,7,Gold,run_20260808_212843,2026-08-08T21:28:54.819066+00:00
C00484,18077.27,4519.3175,4,Platinum,run_20260808_212843,2026-08-08T21:28:54.819066+00:00
C00485,70905.28,7090.528,10,Platinum,run_20260808_212843,2026-08-08T21:28:54.819066+00:00
C00486,27704.72,6926.18,4,Bronze,run_20260808_212843,2026-08-08T21:28:54.819066+00:00
C00487,29045.73,7261.4325,4,Platinum,run_20260808_212843,2026-08-08T21:28:54.819066+00:00
C00488,57849.03,6427.67,9,Gold,run_20260808_212843,2026-08-08T21:28:54.819066+00:00
C00489,38623.08,7724.616,5,Platinum,run_20260808_212843,2026-08-08T21:28:54.819066+00:00
C00490,5385.7,1795.2333333333333,3,Silver,run_20260808_212843,2026-08-08T21:28:54.819066+00:00
C00491,42264.16,6037.737142857143,7,Platinum,run_20260808_212843,2026-08-08T21:28:54.819066+00:00
C00492,29838.760000000002,5967.752,5,Silver,run_20260808_212843,2026-08-08T21:28:54.819066+00:00
C00493,78760.46,8751.162222222223,9,Bronze,run_20260808_212843,2026-08-08T21:28:54.819066+00:00
C00494,9827.73,4913.865,2,Platinum,run_20260808_212843,2026-08-08T21:28:54.819066+00:00
C00495,16233.79,4058.4475,4,Bronze,run_20260808_212843,2026-08-08T21:28:54.819066+00:00
C00496,24668.94,6167.235,4,Bronze,run_20260808_212843,2026-08-08T21:28:54.819066+00:00
C00497,41950.33,6991.721666666667,6,Platinum,run_20260808_212843,2026-08-08T21:28:54.819066+00:00
C00498,31553.77,7888.4425,4,Silver,run_20260808_212843,2026-08-08T21:28:54.819066+00:00
C00499,50470.41,7210.058571428572,7,Platinum,run_20260808_212843,2026-08-08T21:28:54.819066+00:00
C00500,35714.06,8928.515,4,Silver,run_20260808_212843,2026-08-08T21:28:54.819066+00:00
C00501,17472.34,5824.113333333334,3,Bronze,run_20260808_212843,2026-08-08T21:28:54.819066+00:00
C00502,66832.59,9547.512857142856,7,Gold,run_20260808_212843,2026-08-08T21:28:54.819066+00:00
C00503,69103.08,6910.308,10,Platinum,run_20260808_212843,2026-08-08T21:28:54.819066+00:00
C00504,49922.93,8320.488333333333,6,Gold,run_20260808_212843,2026-08-08T21:28:54.819066+00:00
C00505,31287.75,5214.625,6,Silver,run_20260808_212843,2026-08-08T21:28:54.819066+00:00
C00506,33818.65,5636.441666666667,6,Platinum,run_20260808_212843,2026-08-08T21:28:54.819066+00:00
C00507,49811.3,7115.900000000001,7,Gold,run_20260808_212843,2026-08-08T21:28:54.819066+00:00
C00508,37265.64,9316.41,4,Gold,run_20260808_212843,2026-08-08T21:28:54.819066+00:00
C00509,21669.22,3095.6028571428574,7,Platinum,run_20260808_212843,2026-08-08T21:28:54.819066+00:00
C00510,21330.86,7110.286666666667,3,Gold,run_20260808_212843,2026-08-08T21:28:54.819066+00:00
C00511,55870.89,5587.089,10,Platinum,run_20260808_212843,2026-08-08T21:28:54.819066+00:00
C00512,41032.54,8206.508,5,Gold,run_20260808_212843,2026-08-08T21:28:54.819066+00:00
C00513,40727.66,6787.943333333334,6,Bronze,run_20260808_212843,2026-08-08T21:28:54.819066+00:00
C00514,41494.18,8298.836,5,Platinum,run_20260808_212843,2026-08-08T21:28:54.819066+00:00
C00515,67338.75,11223.125,6,Bronze,run_20260808_212843,2026-08-08T21:28:54.819066+00:00
C00516,12479.01,4159.67,3,Bronze,run_20260808_212843,2026-08-08T21:28:54.819066+00:00
C00517,12716.48,6358.24,2,Gold,run_20260808_212843,2026-08-08T21:28:54.819066+00:00
C00518,28295.45,4715.908333333334,6,Silver,run_20260808_212843,2026-08-08T21:28:54.819066+00:00
C00519,18502.23,3700.446,5,Bronze,run_20260808_212843,2026-08-08T21:28:54.819066+00:00
C00520,22762.52,5690.63,4,Bronze,run_20260808_212843,2026-08-08T21:28:54.819066+00:00
C00521,10009.99,5004.995,2,Bronze,run_20260808_212843,2026-08-08T21:28:54.819066+00:00
C00522,34256.01,4893.715714285715,7,Silver,run_20260808_212843,2026-08-08T21:28:54.819066+00:00
C00523,20207.54,4041.5080000000003,5,Silver,run_20260808_212843,2026-08-08T21:28:54.819066+00:00
C00524,11504.52,2300.904,5,Bronze,run_20260808_212843,2026-08-08T21:28:54.819066+00:00
C00525,41988.95,10497.2375,4,Silver,run_20260808_212843,2026-08-08T21:28:54.819066+00:00
C00526,38680.65,7736.13,5,Silver,run_20260808_212843,2026-08-08T21:28:54.819066+00:00
C00527,16666.04,2777.6733333333336,6,Silver,run_20260808_212843,2026-08-08T21:28:54.819066+00:00
C00528,42925.07,8585.014,5,Platinum,run_20260808_212843,2026-08-08T21:28:54.819066+00:00
C00529,57927.56,7240.945,8,Bronze,run_20260808_212843,2026-08-08T21:28:54.819066+00:00
C00530,85517.55,10689.69375,8,Silver,run_20260808_212843,2026-08-08T21:28:54.819066+00:00
C00531,40403.89,5771.984285714286,7,Platinum,run_20260808_212843,2026-08-08T21:28:54.819066+00:00
C00532,33510.92,6702.183999999999,5,Gold,run_20260808_212843,2026-08-08T21:28:54.819066+00:00
C00533,24164.01,6041.0025,4,Gold,run_20260808_212843,2026-08-08T21:28:54.819066+00:00
C00534,3660.84,1830.42,2,Silver,run_20260808_212843,2026-08-08T21:28:54.819066+00:00
C00535,71473.14,11912.19,6,Bronze,run_20260808_212843,2026-08-08T21:28:54.819066+00:00
C00536,19457.4,3891.4800000000005,5,Silver,run_20260808_212843,2026-08-08T21:28:54.819066+00:00
C00537,9715.66,4857.83,2,Gold,run_20260808_212843,2026-08-08T21:28:54.819066+00:00
C00538,43439.33,8687.866,5,Bronze,run_20260808_212843,2026-08-08T21:28:54.819066+00:00
C00539,14249.150000000001,7124.575000000001,2,Bronze,run_20260808_212843,2026-08-08T21:28:54.819066+00:00
C00540,51738.42,7391.202857142857,7,Gold,run_20260808_212843,2026-08-08T21:28:54.819066+00:00
C00541,34243.979999999996,8560.994999999999,4,Platinum,run_20260808_212843,2026-08-08T21:28:54.819066+00:00
C00542,30541.17,4363.024285714286,7,Platinum,run_20260808_212843,2026-08-08T21:28:54.819066+00:00
C00543,247.12,247.12,1,Silver,run_20260808_212843,2026-08-08T21:28:54.819066+00:00
C00544,54901.240000000005,10980.248000000001,5,Bronze,run_20260808_212843,2026-08-08T21:28:54.819066+00:00
C00545,44171.6,14723.866666666667,3,Silver,run_20260808_212843,2026-08-08T21:28:54.819066+00:00
C00546,47845.61,6835.087142857143,7,Bronze,run_20260808_212843,2026-08-08T21:28:54.819066+00:00
C00547,27906.35,5581.2699999999995,5,Gold,run_20260808_212843,2026-08-08T21:28:54.819066+00:00
C00548,59192.020000000004,9865.336666666668,6,Bronze,run_20260808_212843,2026-08-08T21:28:54.819066+00:00
C00549,26211.52,4368.586666666667,6,Bronze,run_20260808_212843,2026-08-08T21:28:54.819066+00:00
C00550,69339.47,7704.385555555556,9,Gold,run_20260808_212843,2026-08-08T21:28:54.819066+00:00
C00551,72430.83,10347.261428571428,7,Platinum,run_20260808_212843,2026-08-08T21:28:54.819066+00:00
C00552,36958.91,7391.782000000001,5,Gold,run_20260808_212843,2026-08-08T21:28:54.819066+00:00
C00553,39463.7,9865.925,4,Bronze,run_20260808_212843,2026-08-08T21:28:54.819066+00:00
C00554,88234.27,8823.427,10,Gold,run_20260808_212843,2026-08-08T21:28:54.819066+00:00
C00555,33870.28,8467.57,4,Bronze,run_20260808_212843,2026-08-08T21:28:54.819066+00:00
C00556,23003.870000000003,11501.935000000001,2,Platinum,run_20260808_212843,2026-08-08T21:28:54.819066+00:00
C00557,56243.020000000004,8034.717142857144,7,Platinum,run_20260808_212843,2026-08-08T21:28:54.819066+00:00
C00558,36297.1,6049.516666666666,6,Bronze,run_20260808_212843,2026-08-08T21:28:54.819066+00:00
C00559,17130.75,2855.125,6,Platinum,run_20260808_212843,2026-08-08T21:28:54.819066+00:00
C00560,39696.09,4410.676666666666,9,Gold,run_20260808_212843,2026-08-08T21:28:54.819066+00:00
C00561,17096.7,5698.900000000001,3,Platinum,run_20260808_212843,2026-08-08T21:28:54.819066+00:00
C00562,25969.12,6492.28,4,Silver,run_20260808_212843,2026-08-08T21:28:54.819066+00:00
C00563,78429.97,9803.74625,8,Platinum,run_20260808_212843,2026-08-08T21:28:54.819066+00:00
C00564,30971.21,6194.242,5,Silver,run_20260808_212843,2026-08-08T21:28:54.819066+00:00
C00565,61359.170000000006,7669.896250000001,8,Gold,run_20260808_212843,2026-08-08T21:28:54.819066+00:00
C00566,32990.83,6598.166,5,Platinum,run_20260808_212843,2026-08-08T21:28:54.819066+00:00
C00567,35077.700000000004,11692.566666666668,3,Platinum,run_20260808_212843,2026-08-08T21:28:54.819066+00:00
C00568,13568.11,6784.055,2,Platinum,run_20260808_212843,2026-08-08T21:28:54.819066+00:00
C00569,25007.3,12503.65,2,Gold,run_20260808_212843,2026-08-08T21:28:54.819066+00:00
C00570,85214.91,17042.982,5,Gold,run_20260808_212843,2026-08-08T21:28:54.819066+00:00
C00571,17694.08,8847.04,2,Silver,run_20260808_212843,2026-08-08T21:28:54.819066+00:00
C00572,37216.12,7443.224,5,Bronze,run_20260808_212843,2026-08-08T21:28:54.819066+00:00
C00573,78699.22,11242.745714285715,7,Gold,run_20260808_212843,2026-08-08T21:28:54.819066+00:00
C00574,14009.01,3502.2525,4,Platinum,run_20260808_212843,2026-08-08T21:28:54.819066+00:00
C00575,92606.01,9260.600999999999,10,Silver,run_20260808_212843,2026-08-08T21:28:54.819066+00:00
C00576,22772.039999999997,4554.407999999999,5,Platinum,run_20260808_212843,2026-08-08T21:28:54.819066+00:00
C00577,71575.45,8946.93125,8,Platinum,run_20260808_212843,2026-08-08T21:28:54.819066+00:00
C00578,4996.18,1665.3933333333334,3,Gold,run_20260808_212843,2026-08-08T21:28:54.819066+00:00
C00579,86741.07,8674.107,10,Bronze,run_20260808_212843,2026-08-08T21:28:54.819066+00:00
C00580,25785.69,6446.4225,4,Platinum,run_20260808_212843,2026-08-08T21:28:54.819066+00:00
C00581,38678.26,6446.376666666667,6,Gold,run_20260808_212843,2026-08-08T21:28:54.819066+00:00
C00582,44265.19,6323.598571428572,7,Silver,run_20260808_212843,2026-08-08T21:28:54.819066+00:00
C00583,20429.99,5107.4975,4,Platinum,run_20260808_212843,2026-08-08T21:28:54.819066+00:00
C00584,45622.65,9124.53,5,Silver,run_20260808_212843,2026-08-08T21:28:54.819066+00:00
C00585,39460.18,9865.045,4,Gold,run_20260808_212843,2026-08-08T21:28:54.819066+00:00
C00586,40101.22,8020.244000000001,5,Gold,run_20260808_212843,2026-08-08T21:28:54.819066+00:00
C00587,51572.39,8595.398333333333,6,Gold,run_20260808_212843,2026-08-08T21:28:54.819066+00:00
C00588,16398.42,4099.605,4,Gold,run_20260808_212843,2026-08-08T21:28:54.819066+00:00
C00589,60498.67,7562.33375,8,Gold,run_20260808_212843,2026-08-08T21:28:54.819066+00:00
C00590,10841.79,3613.9300000000003,3,Bronze,run_20260808_212843,2026-08-08T21:28:54.819066+00:00
C00591,49797.17,9959.434,5,Silver,run_20260808_212843,2026-08-08T21:28:54.819066+00:00
C00592,21736.579999999998,7245.526666666666,3,Bronze,run_20260808_212843,2026-08-08T21:28:54.819066+00:00
C00593,29868.44,7467.11,4,Silver,run_20260808_212843,2026-08-08T21:28:54.819066+00:00
C00594,47359.61,9471.922,5,Platinum,run_20260808_212843,2026-08-08T21:28:54.819066+00:00
C00595,74789.22,10684.174285714285,7,Platinum,run_20260808_212843,2026-08-08T21:28:54.819066+00:00
C00596,11524.57,2304.9139999999998,5,Silver,run_20260808_212843,2026-08-08T21:28:54.819066+00:00
C00597,10589.970000000001,5294.985000000001,2,Platinum,run_20260808_212843,2026-08-08T21:28:54.819066+00:00
C00598,61880.74,10313.456666666667,6,Platinum,run_20260808_212843,2026-08-08T21:28:54.819066+00:00
C00599,68261.49,8532.68625,8,Platinum,run_20260808_212843,2026-08-08T21:28:54.819066+00:00
C00600,45739.630000000005,6534.232857142858,7,Bronze,run_20260808_212843,2026-08-08T21:28:54.819066+00:00
C00601,67242.18,7471.353333333333,9,Bronze,run_20260808_212843,2026-08-08T21:28:54.819066+00:00
C00602,23269.12,7756.373333333333,3,Gold,run_20260808_212843,2026-08-08T21:28:54.819066+00:00
C00603,50676.03,8446.005,6,Silver,run_20260808_212843,2026-08-08T21:28:54.819066+00:00
C00604,33147.11,8286.7775,4,Platinum,run_20260808_212843,2026-08-08T21:28:54.819066+00:00
C00605,45507.89,6501.127142857143,7,Silver,run_20260808_212843,2026-08-08T21:28:54.819066+00:00
C00606,48946.42,9789.284,5,Gold,run_20260808_212843,2026-08-08T21:28:54.819066+00:00
C00607,24238.86,4847.772,5,Gold,run_20260808_212843,2026-08-08T21:28:54.819066+00:00
C00608,97243.65,13891.949999999999,7,Platinum,run_20260808_212843,2026-08-08T21:28:54.819066+00:00
C00609,70362.04,11727.006666666666,6,Gold,run_20260808_212843,2026-08-08T21:28:54.819066+00:00
C00610,10556.82,3518.94,3,Platinum,run_20260808_212843,2026-08-08T21:28:54.819066+00:00
C00611,64625.38,8078.1725,8,Gold,run_20260808_212843,2026-08-08T21:28:54.819066+00:00
C00612,8147.88,8147.88,1,Gold,run_20260808_212843,2026-08-08T21:28:54.819066+00:00
C00613,72860.55,12143.425000000001,6,Platinum,run_20260808_212843,2026-08-08T21:28:54.819066+00:00
C00614,62415.450000000004,8916.492857142857,7,Gold,run_20260808_212843,2026-08-08T21:28:54.819066+00:00
C00615,43187.939999999995,6169.705714285714,7,Gold,run_20260808_212843,2026-08-08T21:28:54.819066+00:00
C00616,46133.17,11533.2925,4,Gold,run_20260808_212843,2026-08-08T21:28:54.819066+00:00
C00617,31017.73,6203.546,5,Silver,run_20260808_212843,2026-08-08T21:28:54.819066+00:00
C00618,32751.71,5458.618333333333,6,Bronze,run_20260808_212843,2026-08-08T21:28:54.819066+00:00
C00619,16397.56,4099.39,4,Silver,run_20260808_212843,2026-08-08T21:28:54.819066+00:00
C00620,26911.22,13455.61,2,Gold,run_20260808_212843,2026-08-08T21:28:54.819066+00:00
C00621,47002.64,7833.7733333333335,6,Bronze,run_20260808_212843,2026-08-08T21:28:54.819066+00:00
C00622,42821.33,6117.332857142857,7,Silver,run_20260808_212843,2026-08-08T21:28:54.819066+00:00
C00623,34216.86,11405.62,3,Silver,run_20260808_212843,2026-08-08T21:28:54.819066+00:00
C00624,11140.87,3713.6233333333334,3,Silver,run_20260808_212843,2026-08-08T21:28:54.819066+00:00
C00625,42459.88,10614.97,4,Platinum,run_20260808_212843,2026-08-08T21:28:54.819066+00:00
C00626,29487.17,4914.528333333333,6,Gold,run_20260808_212843,2026-08-08T21:28:54.819066+00:00
C00627,52935.75,7562.25,7,Gold,run_20260808_212843,2026-08-08T21:28:54.819066+00:00
C00628,4942.97,4942.97,1,Bronze,run_20260808_212843,2026-08-08T21:28:54.819066+00:00
C00629,35296.13,7059.226,5,Silver,run_20260808_212843,2026-08-08T21:28:54.819066+00:00
C00630,8259.98,8259.98,1,Gold,run_20260808_212843,2026-08-08T21:28:54.819066+00:00
C00631,39501.88,5643.125714285714,7,Silver,run_20260808_212843,2026-08-08T21:28:54.819066+00:00
C00632,66815.01,9545.001428571428,7,Gold,run_20260808_212843,2026-08-08T21:28:54.819066+00:00
C00633,28974.98,7243.745,4,Silver,run_20260808_212843,2026-08-08T21:28:54.819066+00:00
C00634,33929.49,6785.897999999999,5,Gold,run_20260808_212843,2026-08-08T21:28:54.819066+00:00
C00635,60828.92,10138.153333333334,6,Bronze,run_20260808_212843,2026-08-08T21:28:54.819066+00:00
C00636,28165.84,4694.306666666666,6,Silver,run_20260808_212843,2026-08-08T21:28:54.819066+00:00
C00637,49888.84,9977.768,5,Gold,run_20260808_212843,2026-08-08T21:28:54.819066+00:00
C00638,13289.990000000002,4429.996666666667,3,Bronze,run_20260808_212843,2026-08-08T21:28:54.819066+00:00
C00639,47045.409999999996,11761.352499999999,4,Bronze,run_20260808_212843,2026-08-08T21:28:54.819066+00:00
C00640,35177.25,7035.45,5,Gold,run_20260808_212843,2026-08-08T21:28:54.819066+00:00
C00641,21488.109999999997,4297.621999999999,5,Silver,run_20260808_212843,2026-08-08T21:28:54.819066+00:00
C00642,3524.31,1762.155,2,Platinum,run_20260808_212843,2026-08-08T21:28:54.819066+00:00
C00643,18916.7,4729.175,4,Bronze,run_20260808_212843,2026-08-08T21:28:54.819066+00:00
C00644,40202.16,5743.165714285715,7,Bronze,run_20260808_212843,2026-08-08T21:28:54.819066+00:00
C00645,32564.010000000002,8141.0025000000005,4,Gold,run_20260808_212843,2026-08-08T21:28:54.819066+00:00
C00646,34288.450000000004,6857.6900000000005,5,Platinum,run_20260808_212843,2026-08-08T21:28:54.819066+00:00
C00647,19729.25,4932.3125,4,Platinum,run_20260808_212843,2026-08-08T21:28:54.819066+00:00
C00648,46270.740000000005,11567.685000000001,4,Platinum,run_20260808_212843,2026-08-08T21:28:54.819066+00:00
C00649,41269.799999999996,8253.96,5,Gold,run_20260808_212843,2026-08-08T21:28:54.819066+00:00
C00650,4878.6,2439.3,2,Silver,run_20260808_212843,2026-08-08T21:28:54.819066+00:00
C00651,30485.309999999998,7621.327499999999,4,Bronze,run_20260808_212843,2026-08-08T21:28:54.819066+00:00
C00652,31265.44,5210.906666666667,6,Gold,run_20260808_212843,2026-08-08T21:28:54.819066+00:00
C00653,24011.05,8003.683333333333,3,Platinum,run_20260808_212843,2026-08-08T21:28:54.819066+00:00
C00654,24693.0,6173.25,4,Bronze,run_20260808_212843,2026-08-08T21:28:54.819066+00:00
C00655,44682.61,8936.522,5,Bronze,run_20260808_212843,2026-08-08T21:28:54.819066+00:00
C00656,53638.0,8939.666666666666,6,Platinum,run_20260808_212843,2026-08-08T21:28:54.819066+00:00
C00657,24693.75,12346.875,2,Platinum,run_20260808_212843,2026-08-08T21:28:54.819066+00:00
C00658,16168.779999999999,8084.389999999999,2,Bronze,run_20260808_212843,2026-08-08T21:28:54.819066+00:00
C00659,42487.41,7081.235000000001,6,Bronze,run_20260808_212843,2026-08-08T21:28:54.819066+00:00
C00660,67164.56999999999,9594.93857142857,7,Silver,run_20260808_212843,2026-08-08T21:28:54.819066+00:00
C00661,17250.49,4312.6225,4,Silver,run_20260808_212843,2026-08-08T21:28:54.819066+00:00
C00662,47305.54,9461.108,5,Gold,run_20260808_212843,2026-08-08T21:28:54.819066+00:00
C00663,55524.479999999996,7932.068571428571,7,Bronze,run_20260808_212843,2026-08-08T21:28:54.819066+00:00
C00664,84450.88,10556.36,8,Silver,run_20260808_212843,2026-08-08T21:28:54.819066+00:00
C00665,83350.15,13891.691666666666,6,Bronze,run_20260808_212843,2026-08-08T21:28:54.819066+00:00
C00666,42321.7,6045.957142857143,7,Platinum,run_20260808_212843,2026-08-08T21:28:54.819066+00:00
C00667,53003.369999999995,7571.909999999999,7,Silver,run_20260808_212843,2026-08-08T21:28:54.819066+00:00
C00668,56363.0,8051.857142857143,7,Platinum,run_20260808_212843,2026-08-08T21:28:54.819066+00:00
C00669,31216.03,6243.206,5,Platinum,run_20260808_212843,2026-08-08T21:28:54.819066+00:00
C00670,57310.72,14327.68,4,Platinum,run_20260808_212843,2026-08-08T21:28:54.819066+00:00
C00671,60281.66,8611.665714285715,7,Gold,run_20260808_212843,2026-08-08T21:28:54.819066+00:00
C00672,36571.32,5224.4742857142855,7,Platinum,run_20260808_212843,2026-08-08T21:28:54.819066+00:00
C00673,40733.19,5091.64875,8,Gold,run_20260808_212843,2026-08-08T21:28:54.819066+00:00
C00674,1882.4,1882.4,1,Bronze,run_20260808_212843,2026-08-08T21:28:54.819066+00:00
C00675,20138.32,10069.16,2,Bronze,run_20260808_212843,2026-08-08T21:28:54.819066+00:00
C00676,27597.579999999998,9199.193333333333,3,Silver,run_20260808_212843,2026-08-08T21:28:54.819066+00:00
C00677,78088.19,7098.926363636364,11,Silver,run_20260808_212843,2026-08-08T21:28:54.819066+00:00
C00678,23771.28,3961.8799999999997,6,Gold,run_20260808_212843,2026-08-08T21:28:54.819066+00:00
C00679,41022.54,5860.362857142857,7,Bronze,run_20260808_212843,2026-08-08T21:28:54.819066+00:00
C00680,7579.799999999999,2526.6,3,Silver,run_20260808_212843,2026-08-08T21:28:54.819066+00:00
C00681,23409.260000000002,7803.086666666667,3,Silver,run_20260808_212843,2026-08-08T21:28:54.819066+00:00
C00682,38093.51,7618.702,5,Silver,run_20260808_212843,2026-08-08T21:28:54.819066+00:00
C00683,28073.99,5614.798000000001,5,Bronze,run_20260808_212843,2026-08-08T21:28:54.819066+00:00
C00684,25552.52,4258.753333333333,6,Silver,run_20260808_212843,2026-08-08T21:28:54.819066+00:00
C00685,92918.07,11614.75875,8,Bronze,run_20260808_212843,2026-08-08T21:28:54.819066+00:00
C00686,35971.39,8992.8475,4,Platinum,run_20260808_212843,2026-08-08T21:28:54.819066+00:00
C00687,65696.43,13139.285999999998,5,Platinum,run_20260808_212843,2026-08-08T21:28:54.819066+00:00
C00688,33778.42,4825.488571428571,7,Platinum,run_20260808_212843,2026-08-08T21:28:54.819066+00:00
C00689,15125.5,5041.833333333333,3,Gold,run_20260808_212843,2026-08-08T21:28:54.819066+00:00
C00690,28985.96,5797.192,5,Bronze,run_20260808_212843,2026-08-08T21:28:54.819066+00:00
C00691,13050.74,6525.37,2,Silver,run_20260808_212843,2026-08-08T21:28:54.819066+00:00
C00692,19102.620000000003,6367.540000000001,3,Gold,run_20260808_212843,2026-08-08T21:28:54.819066+00:00
C00693,203.6,203.6,1,Gold,run_20260808_212843,2026-08-08T21:28:54.819066+00:00
C00694,14817.0,4939.0,3,Platinum,run_20260808_212843,2026-08-08T21:28:54.819066+00:00
C00695,22862.06,7620.686666666667,3,Bronze,run_20260808_212843,2026-08-08T21:28:54.819066+00:00
C00696,31601.45,7900.3625,4,Silver,run_20260808_212843,2026-08-08T21:28:54.819066+00:00
C00697,53862.950000000004,10772.59,5,Gold,run_20260808_212843,2026-08-08T21:28:54.819066+00:00
C00698,13449.02,4483.006666666667,3,Silver,run_20260808_212843,2026-08-08T21:28:54.819066+00:00
C00699,18161.73,6053.91,3,Platinum,run_20260808_212843,2026-08-08T21:28:54.819066+00:00
C00700,24007.44,12003.72,2,Bronze,run_20260808_212843,2026-08-08T21:28:54.819066+00:00
C00701,20158.29,5039.5725,4,Silver,run_20260808_212843,2026-08-08T21:28:54.819066+00:00
C00702,27178.22,9059.406666666668,3,Silver,run_20260808_212843,2026-08-08T21:28:54.819066+00:00
C00703,7222.3099999999995,3611.1549999999997,2,Gold,run_20260808_212843,2026-08-08T21:28:54.819066+00:00
C00704,31731.5,4533.071428571428,7,Silver,run_20260808_212843,2026-08-08T21:28:54.819066+00:00
C00705,28775.04,7193.76,4,Bronze,run_20260808_212843,2026-08-08T21:28:54.819066+00:00
C00706,39213.16,13071.053333333335,3,Bronze,run_20260808_212843,2026-08-08T21:28:54.819066+00:00
C00707,69033.77,8629.22125,8,Silver,run_20260808_212843,2026-08-08T21:28:54.819066+00:00
C00708,33712.8,6742.56,5,Gold,run_20260808_212843,2026-08-08T21:28:54.819066+00:00
C00709,23320.38,5830.095,4,Gold,run_20260808_212843,2026-08-08T21:28:54.819066+00:00
C00710,15715.67,5238.556666666666,3,Platinum,run_20260808_212843,2026-08-08T21:28:54.819066+00:00
C00711,9431.76,9431.76,1,Bronze,run_20260808_212843,2026-08-08T21:28:54.819066+00:00
C00712,33242.299999999996,4155.287499999999,8,Platinum,run_20260808_212843,2026-08-08T21:28:54.819066+00:00
C00713,22045.09,4409.018,5,Gold,run_20260808_212843,2026-08-08T21:28:54.819066+00:00
C00714,29146.219999999998,5829.244,5,Platinum,run_20260808_212843,2026-08-08T21:28:54.819066+00:00
C00715,43399.55,6199.935714285714,7,Gold,run_20260808_212843,2026-08-08T21:28:54.819066+00:00
C00716,78319.49,7831.9490000000005,10,Platinum,run_20260808_212843,2026-08-08T21:28:54.819066+00:00
C00717,25800.11,6450.0275,4,Platinum,run_20260808_212843,2026-08-08T21:28:54.819066+00:00
C00718,59912.69,9985.448333333334,6,Bronze,run_20260808_212843,2026-08-08T21:28:54.819066+00:00
C00719,33682.380000000005,8420.595000000001,4,Bronze,run_20260808_212843,2026-08-08T21:28:54.819066+00:00
C00720,76150.74,8461.193333333335,9,Platinum,run_20260808_212843,2026-08-08T21:28:54.819066+00:00
C00721,37478.14,9369.535,4,Gold,run_20260808_212843,2026-08-08T21:28:54.819066+00:00
C00722,58207.189999999995,6467.465555555555,9,Gold,run_20260808_212843,2026-08-08T21:28:54.819066+00:00
C00723,33234.93,8308.7325,4,Bronze,run_20260808_212843,2026-08-08T21:28:54.819066+00:00
C00724,21937.84,10968.92,2,Bronze,run_20260808_212843,2026-08-08T21:28:54.819066+00:00
C00725,24247.98,4849.596,5,Silver,run_20260808_212843,2026-08-08T21:28:54.819066+00:00
C00726,56605.04,11321.008,5,Bronze,run_20260808_212843,2026-08-08T21:28:54.819066+00:00
C00727,30319.199999999997,10106.4,3,Gold,run_20260808_212843,2026-08-08T21:28:54.819066+00:00
C00728,31760.35,5293.391666666666,6,Bronze,run_20260808_212843,2026-08-08T21:28:54.819066+00:00
C00729,43006.47,8601.294,5,Silver,run_20260808_212843,2026-08-08T21:28:54.819066+00:00
C00730,21463.84,10731.92,2,Platinum,run_20260808_212843,2026-08-08T21:28:54.819066+00:00
C00731,15737.09,3934.2725,4,Platinum,run_20260808_212843,2026-08-08T21:28:54.819066+00:00
C00732,32602.71,6520.5419999999995,5,Gold,run_20260808_212843,2026-08-08T21:28:54.819066+00:00
C00733,42069.44,7011.573333333334,6,Silver,run_20260808_212843,2026-08-08T21:28:54.819066+00:00
C00734,56965.97,8137.995714285715,7,Platinum,run_20260808_212843,2026-08-08T21:28:54.819066+00:00
C00735,94135.06,11766.8825,8,Platinum,run_20260808_212843,2026-08-08T21:28:54.819066+00:00
C00736,31655.92,10551.973333333333,3,Bronze,run_20260808_212843,2026-08-08T21:28:54.819066+00:00
C00737,15277.84,7638.92,2,Platinum,run_20260808_212843,2026-08-08T21:28:54.819066+00:00
C00738,40428.32,5775.4742857142855,7,Gold,run_20260808_212843,2026-08-08T21:28:54.819066+00:00
C00739,38099.62,7619.924000000001,5,Platinum,run_20260808_212843,2026-08-08T21:28:54.819066+00:00
C00740,61846.74,12369.348,5,Gold,run_20260808_212843,2026-08-08T21:28:54.819066+00:00
C00741,34984.05,6996.81,5,Gold,run_20260808_212843,2026-08-08T21:28:54.819066+00:00
C00742,27155.989999999998,5431.197999999999,5,Bronze,run_20260808_212843,2026-08-08T21:28:54.819066+00:00
C00743,19335.81,4833.9525,4,Silver,run_20260808_212843,2026-08-08T21:28:54.819066+00:00
C00744,60606.91,6734.101111111111,9,Gold,run_20260808_212843,2026-08-08T21:28:54.819066+00:00
C00745,10826.48,10826.48,1,Platinum,run_20260808_212843,2026-08-08T21:28:54.819066+00:00
C00746,20576.04,6858.68,3,Platinum,run_20260808_212843,2026-08-08T21:28:54.819066+00:00
C00747,38920.58,7784.116,5,Gold,run_20260808_212843,2026-08-08T21:28:54.819066+00:00
C00748,30432.98,7608.245,4,Platinum,run_20260808_212843,2026-08-08T21:28:54.819066+00:00
C00749,35548.21,5924.701666666667,6,Bronze,run_20260808_212843,2026-08-08T21:28:54.819066+00:00
C00750,27488.37,3436.04625,8,Platinum,run_20260808_212843,2026-08-08T21:28:54.819066+00:00
C00751,61304.39,7663.04875,8,Bronze,run_20260808_212843,2026-08-08T21:28:54.819066+00:00
C00752,52888.369999999995,8814.728333333333,6,Gold,run_20260808_212843,2026-08-08T21:28:54.819066+00:00
C00753,24927.760000000002,8309.253333333334,3,Gold,run_20260808_212843,2026-08-08T21:28:54.819066+00:00
C00754,17902.850000000002,4475.712500000001,4,Gold,run_20260808_212843,2026-08-08T21:28:54.819066+00:00
C00755,24005.53,4801.106,5,Bronze,run_20260808_212843,2026-08-08T21:28:54.819066+00:00
C00756,20854.28,5213.57,4,Platinum,run_20260808_212843,2026-08-08T21:28:54.819066+00:00
C00757,86083.21,14347.201666666668,6,Bronze,run_20260808_212843,2026-08-08T21:28:54.819066+00:00
C00758,23715.39,4743.0779999999995,5,Platinum,run_20260808_212843,2026-08-08T21:28:54.819066+00:00
C00759,12753.2,3188.3,4,Platinum,run_20260808_212843,2026-08-08T21:28:54.819066+00:00
C00760,18599.27,4649.8175,4,Bronze,run_20260808_212843,2026-08-08T21:28:54.819066+00:00
C00761,22228.28,7409.426666666666,3,Silver,run_20260808_212843,2026-08-08T21:28:54.819066+00:00
C00762,34730.31,8682.5775,4,Gold,run_20260808_212843,2026-08-08T21:28:54.819066+00:00
C00763,29382.21,9794.07,3,Platinum,run_20260808_212843,2026-08-08T21:28:54.819066+00:00
C00764,38475.58,7695.116,5,Platinum,run_20260808_212843,2026-08-08T21:28:54.819066+00:00
C00765,57359.61,8194.23,7,Bronze,run_20260808_212843,2026-08-08T21:28:54.819066+00:00
C00766,28971.519999999997,7242.879999999999,4,Silver,run_20260808_212843,2026-08-08T21:28:54.819066+00:00
C00767,40781.25,13593.75,3,Gold,run_20260808_212843,2026-08-08T21:28:54.819066+00:00
C00768,21887.44,3126.7771428571427,7,Silver,run_20260808_212843,2026-08-08T21:28:54.819066+00:00
C00769,49162.579999999994,9832.516,5,Gold,run_20260808_212843,2026-08-08T21:28:54.819066+00:00
C00770,20963.06,5240.765,4,Platinum,run_20260808_212843,2026-08-08T21:28:54.819066+00:00
C00771,36319.64,9079.91,4,Platinum,run_20260808_212843,2026-08-08T21:28:54.819066+00:00
C00772,49949.07,12487.2675,4,Bronze,run_20260808_212843,2026-08-08T21:28:54.819066+00:00
C00773,21264.23,5316.0575,4,Bronze,run_20260808_212843,2026-08-08T21:28:54.819066+00:00
C00774,51396.39,4672.399090909091,11,Silver,run_20260808_212843,2026-08-08T21:28:54.819066+00:00
C00775,23347.58,7782.526666666668,3,Silver,run_20260808_212843,2026-08-08T21:28:54.819066+00:00
C00776,47341.85,7890.308333333333,6,Gold,run_20260808_212843,2026-08-08T21:28:54.819066+00:00
C00777,6959.57,1739.8925,4,Bronze,run_20260808_212843,2026-08-08T21:28:54.819066+00:00
C00778,110691.06,7906.504285714285,14,Platinum,run_20260808_212843,2026-08-08T21:28:54.819066+00:00
C00779,54629.78,10925.956,5,Bronze,run_20260808_212843,2026-08-08T21:28:54.819066+00:00
C00780,38718.340000000004,6453.056666666667,6,Silver,run_20260808_212843,2026-08-08T21:28:54.819066+00:00
C00781,66083.64,7342.626666666667,9,Bronze,run_20260808_212843,2026-08-08T21:28:54.819066+00:00
C00782,30762.62,6152.523999999999,5,Platinum,run_20260808_212843,2026-08-08T21:28:54.819066+00:00
C00783,16727.91,5575.97,3,Bronze,run_20260808_212843,2026-08-08T21:28:54.819066+00:00
C00784,15767.89,3941.9725,4,Silver,run_20260808_212843,2026-08-08T21:28:54.819066+00:00
C00785,39073.5,7814.7,5,Platinum,run_20260808_212843,2026-08-08T21:28:54.819066+00:00
C00786,23587.25,3931.2083333333335,6,Gold,run_20260808_212843,2026-08-08T21:28:54.819066+00:00
C00787,24126.289999999997,6031.572499999999,4,Gold,run_20260808_212843,2026-08-08T21:28:54.819066+00:00
C00788,31288.89,10429.63,3,Platinum,run_20260808_212843,2026-08-08T21:28:54.819066+00:00
C00789,31780.239999999998,10593.413333333332,3,Platinum,run_20260808_212843,2026-08-08T21:28:54.819066+00:00
C00790,5346.66,2673.33,2,Platinum,run_20260808_212843,2026-08-08T21:28:54.819066+00:00
C00791,50900.92,12725.23,4,Silver,run_20260808_212843,2026-08-08T21:28:54.819066+00:00
C00792,38487.149999999994,7697.4299999999985,5,Platinum,run_20260808_212843,2026-08-08T21:28:54.819066+00:00
C00793,75638.44,12606.406666666668,6,Silver,run_20260808_212843,2026-08-08T21:28:54.819066+00:00
C00794,78585.65,11226.521428571428,7,Platinum,run_20260808_212843,2026-08-08T21:28:54.819066+00:00
C00795,32727.79,3636.4211111111113,9,Silver,run_20260808_212843,2026-08-08T21:28:54.819066+00:00
C00796,37716.86,6286.143333333333,6,Silver,run_20260808_212843,2026-08-08T21:28:54.819066+00:00
C00797,70950.12,8868.765,8,Bronze,run_20260808_212843,2026-08-08T21:28:54.819066+00:00
C00798,9529.41,4764.705,2,Gold,run_20260808_212843,2026-08-08T21:28:54.819066+00:00
C00799,33432.76,6686.552000000001,5,Platinum,run_20260808_212843,2026-08-08T21:28:54.819066+00:00
C00800,42340.82,10585.205,4,Gold,run_20260808_212843,2026-08-08T21:28:54.819066+00:00
C00801,64089.799999999996,12817.96,5,Gold,run_20260808_212843,2026-08-08T21:28:54.819066+00:00
C00802,55833.91,11166.782000000001,5,Bronze,run_20260808_212843,2026-08-08T21:28:54.819066+00:00
C00803,28716.18,9572.06,3,Gold,run_20260808_212843,2026-08-08T21:28:54.819066+00:00
C00804,36806.26,6134.376666666667,6,Gold,run_20260808_212843,2026-08-08T21:28:54.819066+00:00
C00805,47728.01,7954.668333333334,6,Platinum,run_20260808_212843,2026-08-08T21:28:54.819066+00:00
C00806,49148.49,8191.415,6,Silver,run_20260808_212843,2026-08-08T21:28:54.819066+00:00
C00807,8048.32,2682.773333333333,3,Platinum,run_20260808_212843,2026-08-08T21:28:54.819066+00:00
C00808,26703.949999999997,6675.987499999999,4,Platinum,run_20260808_212843,2026-08-08T21:28:54.819066+00:00
C00809,48206.42999999999,8034.404999999999,6,Gold,run_20260808_212843,2026-08-08T21:28:54.819066+00:00
C00810,95.87,95.87,1,Gold,run_20260808_212843,2026-08-08T21:28:54.819066+00:00
C00811,36920.5,6153.416666666667,6,Platinum,run_20260808_212843,2026-08-08T21:28:54.819066+00:00
C00812,45557.18,11389.295,4,Platinum,run_20260808_212843,2026-08-08T21:28:54.819066+00:00
C00813,53521.81,8920.301666666666,6,Gold,run_20260808_212843,2026-08-08T21:28:54.819066+00:00
C00814,77384.95999999999,11054.994285714285,7,Silver,run_20260808_212843,2026-08-08T21:28:54.819066+00:00
C00815,11467.210000000001,2866.8025000000002,4,Silver,run_20260808_212843,2026-08-08T21:28:54.819066+00:00
C00816,63536.78,7059.642222222222,9,Platinum,run_20260808_212843,2026-08-08T21:28:54.819066+00:00
C00817,51144.97,10228.994,5,Silver,run_20260808_212843,2026-08-08T21:28:54.819066+00:00
C00818,19753.04,6584.346666666667,3,Platinum,run_20260808_212843,2026-08-08T21:28:54.819066+00:00
C00819,80171.7,13361.949999999999,6,Bronze,run_20260808_212843,2026-08-08T21:28:54.819066+00:00
C00820,44007.93,8801.586,5,Gold,run_20260808_212843,2026-08-08T21:28:54.819066+00:00
C00821,12842.48,4280.826666666667,3,Platinum,run_20260808_212843,2026-08-08T21:28:54.819066+00:00
C00822,15127.3,5042.433333333333,3,Platinum,run_20260808_212843,2026-08-08T21:28:54.819066+00:00
C00823,40079.47,5725.638571428572,7,Platinum,run_20260808_212843,2026-08-08T21:28:54.819066+00:00
C00824,35072.44,8768.11,4,Silver,run_20260808_212843,2026-08-08T21:28:54.819066+00:00
C00825,46105.979999999996,9221.196,5,Platinum,run_20260808_212843,2026-08-08T21:28:54.819066+00:00
C00826,22772.5,7590.833333333333,3,Bronze,run_20260808_212843,2026-08-08T21:28:54.819066+00:00
C00827,14203.81,4734.6033333333335,3,Silver,run_20260808_212843,2026-08-08T21:28:54.819066+00:00
C00828,29805.010000000002,9935.003333333334,3,Gold,run_20260808_212843,2026-08-08T21:28:54.819066+00:00
C00829,30966.93,7741.7325,4,Bronze,run_20260808_212843,2026-08-08T21:28:54.819066+00:00
C00830,45366.79,15122.263333333334,3,Platinum,run_20260808_212843,2026-08-08T21:28:54.819066+00:00
C00831,109750.92,13718.865,8,Bronze,run_20260808_212843,2026-08-08T21:28:54.819066+00:00
C00832,17096.550000000003,3419.3100000000004,5,Platinum,run_20260808_212843,2026-08-08T21:28:54.819066+00:00
C00833,47788.869999999995,7964.811666666666,6,Bronze,run_20260808_212843,2026-08-08T21:28:54.819066+00:00
C00834,88985.26000000001,8089.569090909092,11,Silver,run_20260808_212843,2026-08-08T21:28:54.819066+00:00
C00835,12419.539999999999,6209.7699999999995,2,Platinum,run_20260808_212843,2026-08-08T21:28:54.819066+00:00
C00836,30566.739999999998,5094.456666666666,6,Silver,run_20260808_212843,2026-08-08T21:28:54.819066+00:00
C00837,29157.6,9719.199999999999,3,Bronze,run_20260808_212843,2026-08-08T21:28:54.819066+00:00
C00838,50763.17,10152.634,5,Platinum,run_20260808_212843,2026-08-08T21:28:54.819066+00:00
C00839,27911.2,6977.8,4,Gold,run_20260808_212843,2026-08-08T21:28:54.819066+00:00
C00840,30003.39,7500.8475,4,Gold,run_20260808_212843,2026-08-08T21:28:54.819066+00:00
C00841,50025.159999999996,10005.032,5,Platinum,run_20260808_212843,2026-08-08T21:28:54.819066+00:00
C00842,42583.810000000005,7097.301666666667,6,Bronze,run_20260808_212843,2026-08-08T21:28:54.819066+00:00
C00843,59115.94,11823.188,5,Gold,run_20260808_212843,2026-08-08T21:28:54.819066+00:00
C00844,26242.93,6560.7325,4,Platinum,run_20260808_212843,2026-08-08T21:28:54.819066+00:00
C00845,35870.08,5978.346666666667,6,Gold,run_20260808_212843,2026-08-08T21:28:54.819066+00:00
C00846,65508.740000000005,13101.748000000001,5,Platinum,run_20260808_212843,2026-08-08T21:28:54.819066+00:00
C00847,15301.27,3060.254,5,Bronze,run_20260808_212843,2026-08-08T21:28:54.819066+00:00
C00848,61184.56,6798.2844444444445,9,Bronze,run_20260808_212843,2026-08-08T21:28:54.819066+00:00
C00849,10041.99,3347.33,3,Silver,run_20260808_212843,2026-08-08T21:28:54.819066+00:00
C00850,15756.08,7878.04,2,Gold,run_20260808_212843,2026-08-08T21:28:54.819066+00:00
C00851,32089.850000000002,16044.925000000001,2,Silver,run_20260808_212843,2026-08-08T21:28:54.819066+00:00
C00852,25318.67,6329.6675,4,Bronze,run_20260808_212843,2026-08-08T21:28:54.819066+00:00
C00853,24496.12,4899.224,5,Platinum,run_20260808_212843,2026-08-08T21:28:54.819066+00:00
C00854,13131.689999999999,4377.23,3,Bronze,run_20260808_212843,2026-08-08T21:28:54.819066+00:00
C00855,18948.43,6316.143333333333,3,Bronze,run_20260808_212843,2026-08-08T21:28:54.819066+00:00
C00856,51622.21,6452.77625,8,Platinum,run_20260808_212843,2026-08-08T21:28:54.819066+00:00
C00857,46375.6,6625.085714285714,7,Silver,run_20260808_212843,2026-08-08T21:28:54.819066+00:00
C00858,45404.82,15134.94,3,Gold,run_20260808_212843,2026-08-08T21:28:54.819066+00:00
C00859,42161.04,10540.26,4,Bronze,run_20260808_212843,2026-08-08T21:28:54.819066+00:00
C00860,25644.170000000002,6411.0425000000005,4,Bronze,run_20260808_212843,2026-08-08T21:28:54.819066+00:00
C00861,19885.1,9942.55,2,Gold,run_20260808_212843,2026-08-08T21:28:54.819066+00:00
C00862,41210.91,6868.485000000001,6,Bronze,run_20260808_212843,2026-08-08T21:28:54.819066+00:00
C00863,33428.69,6685.738,5,Gold,run_20260808_212843,2026-08-08T21:28:54.819066+00:00
C00864,53806.42,6725.8025,8,Gold,run_20260808_212843,2026-08-08T21:28:54.819066+00:00
C00865,27700.81,4616.801666666667,6,Gold,run_20260808_212843,2026-08-08T21:28:54.819066+00:00
C00866,12355.56,6177.78,2,Platinum,run_20260808_212843,2026-08-08T21:28:54.819066+00:00
C00867,14703.470000000001,4901.156666666667,3,Silver,run_20260808_212843,2026-08-08T21:28:54.819066+00:00
C00868,32105.809999999998,10701.936666666666,3,Silver,run_20260808_212843,2026-08-08T21:28:54.819066+00:00
C00869,21787.37,5446.8425,4,Platinum,run_20260808_212843,2026-08-08T21:28:54.819066+00:00
C00870,5676.93,2838.465,2,Silver,run_20260808_212843,2026-08-08T21:28:54.819066+00:00
C00871,32702.59,5450.431666666666,6,Silver,run_20260808_212843,2026-08-08T21:28:54.819066+00:00
C00872,23905.85,5976.4625,4,Silver,run_20260808_212843,2026-08-08T21:28:54.819066+00:00
C00873,3640.58,1820.29,2,Bronze,run_20260808_212843,2026-08-08T21:28:54.819066+00:00
C00874,63411.59,12682.318,5,Platinum,run_20260808_212843,2026-08-08T21:28:54.819066+00:00
C00875,14067.64,14067.64,1,Silver,run_20260808_212843,2026-08-08T21:28:54.819066+00:00
C00876,22583.1,5645.775,4,Platinum,run_20260808_212843,2026-08-08T21:28:54.819066+00:00
C00877,39445.93,9861.4825,4,Silver,run_20260808_212843,2026-08-08T21:28:54.819066+00:00
C00878,33772.909999999996,11257.636666666665,3,Silver,run_20260808_212843,2026-08-08T21:28:54.819066+00:00
C00879,45457.96,6493.994285714286,7,Platinum,run_20260808_212843,2026-08-08T21:28:54.819066+00:00
C00880,54129.11,7732.7300000000005,7,Gold,run_20260808_212843,2026-08-08T21:28:54.819066+00:00
C00881,37205.11,5315.015714285714,7,Platinum,run_20260808_212843,2026-08-08T21:28:54.819066+00:00
C00882,44821.399999999994,14940.466666666665,3,Gold,run_20260808_212843,2026-08-08T21:28:54.819066+00:00
C00883,13227.16,6613.58,2,Bronze,run_20260808_212843,2026-08-08T21:28:54.819066+00:00
C00884,32959.73,6591.946000000001,5,Platinum,run_20260808_212843,2026-08-08T21:28:54.819066+00:00
C00885,20442.5,5110.625,4,Gold,run_20260808_212843,2026-08-08T21:28:54.819066+00:00
C00886,70126.18,8765.7725,8,Silver,run_20260808_212843,2026-08-08T21:28:54.819066+00:00
C00887,45492.15,7582.025000000001,6,Bronze,run_20260808_212843,2026-08-08T21:28:54.819066+00:00
C00888,48036.64,6004.58,8,Platinum,run_20260808_212843,2026-08-08T21:28:54.819066+00:00
C00889,31124.52,5187.42,6,Gold,run_20260808_212843,2026-08-08T21:28:54.819066+00:00
C00890,50326.63,7189.518571428571,7,Gold,run_20260808_212843,2026-08-08T21:28:54.819066+00:00
C00891,28709.55,5741.91,5,Platinum,run_20260808_212843,2026-08-08T21:28:54.819066+00:00
C00892,39865.29,7973.058,5,Gold,run_20260808_212843,2026-08-08T21:28:54.819066+00:00
C00893,68684.12,17171.03,4,Platinum,run_20260808_212843,2026-08-08T21:28:54.819066+00:00
C00894,59080.520000000004,11816.104000000001,5,Gold,run_20260808_212843,2026-08-08T21:28:54.819066+00:00
C00895,57372.549999999996,11474.509999999998,5,Silver,run_20260808_212843,2026-08-08T21:28:54.819066+00:00
C00896,59160.97,11832.194,5,Platinum,run_20260808_212843,2026-08-08T21:28:54.819066+00:00
C00897,26158.72,5231.744000000001,5,Platinum,run_20260808_212843,2026-08-08T21:28:54.819066+00:00
C00898,4577.26,2288.63,2,Bronze,run_20260808_212843,2026-08-08T21:28:54.819066+00:00
C00899,71000.16,14200.032000000001,5,Silver,run_20260808_212843,2026-08-08T21:28:54.819066+00:00
C00900,17976.84,4494.21,4,Platinum,run_20260808_212843,2026-08-08T21:28:54.819066+00:00
C00901,50393.73,6299.21625,8,Gold,run_20260808_212843,2026-08-08T21:28:54.819066+00:00
C00902,39105.92,7821.183999999999,5,Gold,run_20260808_212843,2026-08-08T21:28:54.819066+00:00
C00903,49027.27,8171.211666666666,6,Gold,run_20260808_212843,2026-08-08T21:28:54.819066+00:00
C00904,38207.85,6367.974999999999,6,Bronze,run_20260808_212843,2026-08-08T21:28:54.819066+00:00
C00905,17426.18,4356.545,4,Platinum,run_20260808_212843,2026-08-08T21:28:54.819066+00:00
C00906,22962.39,5740.5975,4,Gold,run_20260808_212843,2026-08-08T21:28:54.819066+00:00
C00907,25379.9,5075.9800000000005,5,Bronze,run_20260808_212843,2026-08-08T21:28:54.819066+00:00
C00908,43122.51,8624.502,5,Bronze,run_20260808_212843,2026-08-08T21:28:54.819066+00:00
C00909,49716.69,12429.1725,4,Platinum,run_20260808_212843,2026-08-08T21:28:54.819066+00:00
C00910,31171.620000000003,7792.905000000001,4,Gold,run_20260808_212843,2026-08-08T21:28:54.819066+00:00
C00911,33153.29,11051.096666666666,3,Silver,run_20260808_212843,2026-08-08T21:28:54.819066+00:00
C00912,69839.68,6983.967999999999,10,Gold,run_20260808_212843,2026-08-08T21:28:54.819066+00:00
C00913,64703.98,10783.996666666668,6,Silver,run_20260808_212843,2026-08-08T21:28:54.819066+00:00
C00914,41305.88,10326.47,4,Silver,run_20260808_212843,2026-08-08T21:28:54.819066+00:00
C00915,22772.940000000002,11386.470000000001,2,Gold,run_20260808_212843,2026-08-08T21:28:54.819066+00:00
C00916,63461.130000000005,10576.855000000001,6,Silver,run_20260808_212843,2026-08-08T21:28:54.819066+00:00
C00917,9183.47,4591.735,2,Bronze,run_20260808_212843,2026-08-08T21:28:54.819066+00:00
C00918,34676.19,6935.238,5,Bronze,run_20260808_212843,2026-08-08T21:28:54.819066+00:00
C00919,77240.47,9655.05875,8,Gold,run_20260808_212843,2026-08-08T21:28:54.819066+00:00
C00920,48596.84,8099.473333333332,6,Platinum,run_20260808_212843,2026-08-08T21:28:54.819066+00:00
C00921,11638.259999999998,3879.4199999999996,3,Bronze,run_20260808_212843,2026-08-08T21:28:54.819066+00:00
C00922,69284.42,11547.403333333334,6,Gold,run_20260808_212843,2026-08-08T21:28:54.819066+00:00
C00923,33658.1,8414.525,4,Silver,run_20260808_212843,2026-08-08T21:28:54.819066+00:00
C00924,47975.1,7995.849999999999,6,Bronze,run_20260808_212843,2026-08-08T21:28:54.819066+00:00
C00925,13915.41,4638.47,3,Gold,run_20260808_212843,2026-08-08T21:28:54.819066+00:00
C00926,33124.25,11041.416666666666,3,Gold,run_20260808_212843,2026-08-08T21:28:54.819066+00:00
C00927,70901.44,14180.288,5,Platinum,run_20260808_212843,2026-08-08T21:28:54.819066+00:00
C00928,15655.16,5218.386666666666,3,Silver,run_20260808_212843,2026-08-08T21:28:54.819066+00:00
C00929,47007.33,15669.11,3,Silver,run_20260808_212843,2026-08-08T21:28:54.819066+00:00
C00930,45863.520000000004,5732.9400000000005,8,Silver,run_20260808_212843,2026-08-08T21:28:54.819066+00:00
C00931,27564.93,5512.986,5,Gold,run_20260808_212843,2026-08-08T21:28:54.819066+00:00
C00932,43132.28,8626.456,5,Gold,run_20260808_212843,2026-08-08T21:28:54.819066+00:00
C00933,24069.9,4813.9800000000005,5,Silver,run_20260808_212843,2026-08-08T21:28:54.819066+00:00
C00934,25134.53,2792.7255555555553,9,Gold,run_20260808_212843,2026-08-08T21:28:54.819066+00:00
C00935,47378.810000000005,9475.762,5,Platinum,run_20260808_212843,2026-08-08T21:28:54.819066+00:00
C00936,65444.49,9349.212857142857,7,Gold,run_20260808_212843,2026-08-08T21:28:54.819066+00:00
C00937,55146.97,5514.697,10,Gold,run_20260808_212843,2026-08-08T21:28:54.819066+00:00
C00938,40350.11,8070.022,5,Bronze,run_20260808_212843,2026-08-08T21:28:54.819066+00:00
C00939,33382.03,8345.5075,4,Platinum,run_20260808_212843,2026-08-08T21:28:54.819066+00:00
C00940,17618.18,5872.7266666666665,3,Bronze,run_20260808_212843,2026-08-08T21:28:54.819066+00:00
C00941,41579.67,6929.945,6,Silver,run_20260808_212843,2026-08-08T21:28:54.819066+00:00
C00942,41287.479999999996,6881.246666666666,6,Silver,run_20260808_212843,2026-08-08T21:28:54.819066+00:00
C00943,25672.61,3667.5157142857142,7,Platinum,run_20260808_212843,2026-08-08T21:28:54.819066+00:00
C00944,18349.7,4587.425,4,Gold,run_20260808_212843,2026-08-08T21:28:54.819066+00:00
C00945,54492.64,7784.662857142857,7,Bronze,run_20260808_212843,2026-08-08T21:28:54.819066+00:00
C00946,8329.95,8329.95,1,Platinum,run_20260808_212843,2026-08-08T21:28:54.819066+00:00
C00947,62661.55999999999,8951.651428571427,7,Bronze,run_20260808_212843,2026-08-08T21:28:54.819066+00:00
C00948,18305.62,3050.9366666666665,6,Gold,run_20260808_212843,2026-08-08T21:28:54.819066+00:00
C00949,42998.27,7166.378333333333,6,Bronze,run_20260808_212843,2026-08-08T21:28:54.819066+00:00
C00950,73333.63,9166.70375,8,Platinum,run_20260808_212843,2026-08-08T21:28:54.819066+00:00
C00951,41419.06,8283.812,5,Gold,run_20260808_212843,2026-08-08T21:28:54.819066+00:00
C00952,37262.520000000004,7452.504000000001,5,Gold,run_20260808_212843,2026-08-08T21:28:54.819066+00:00
C00953,64244.96000000001,9177.85142857143,7,Platinum,run_20260808_212843,2026-08-08T21:28:54.819066+00:00
C00954,43590.11,10897.5275,4,Gold,run_20260808_212843,2026-08-08T21:28:54.819066+00:00
C00955,72955.7,9119.4625,8,Bronze,run_20260808_212843,2026-08-08T21:28:54.819066+00:00
C00956,30026.440000000002,7506.610000000001,4,Silver,run_20260808_212843,2026-08-08T21:28:54.819066+00:00
C00957,25741.86,5148.372,5,Platinum,run_20260808_212843,2026-08-08T21:28:54.819066+00:00
C00958,48278.39,9655.678,5,Bronze,run_20260808_212843,2026-08-08T21:28:54.819066+00:00
C00959,20327.95,5081.9875,4,Gold,run_20260808_212843,2026-08-08T21:28:54.819066+00:00
C00960,4303.29,2151.645,2,Silver,run_20260808_212843,2026-08-08T21:28:54.819066+00:00
C00961,86394.47,8639.447,10,Bronze,run_20260808_212843,2026-08-08T21:28:54.819066+00:00
C00962,37030.700000000004,7406.140000000001,5,Platinum,run_20260808_212843,2026-08-08T21:28:54.819066+00:00
C00963,59331.380000000005,7416.422500000001,8,Gold,run_20260808_212843,2026-08-08T21:28:54.819066+00:00
C00964,104509.16,7464.9400000000005,14,Platinum,run_20260808_212843,2026-08-08T21:28:54.819066+00:00
C00965,19039.260000000002,3173.2100000000005,6,Bronze,run_20260808_212843,2026-08-08T21:28:54.819066+00:00
C00966,33693.07,4211.63375,8,Silver,run_20260808_212843,2026-08-08T21:28:54.819066+00:00
C00967,41198.090000000004,6866.348333333334,6,Bronze,run_20260808_212843,2026-08-08T21:28:54.819066+00:00
C00968,3009.54,3009.54,1,Bronze,run_20260808_212843,2026-08-08T21:28:54.819066+00:00
C00969,25876.77,5175.354,5,Gold,run_20260808_212843,2026-08-08T21:28:54.819066+00:00
C00970,63520.61,10586.768333333333,6,Platinum,run_20260808_212843,2026-08-08T21:28:54.819066+00:00
C00971,19938.059999999998,4984.514999999999,4,Bronze,run_20260808_212843,2026-08-08T21:28:54.819066+00:00
C00972,7120.53,7120.53,1,Bronze,run_20260808_212843,2026-08-08T21:28:54.819066+00:00
C00973,23444.7,23444.7,1,Silver,run_20260808_212843,2026-08-08T21:28:54.819066+00:00
C00974,36773.42,12257.806666666665,3,Silver,run_20260808_212843,2026-08-08T21:28:54.819066+00:00
C00975,9180.16,9180.16,1,Platinum,run_20260808_212843,2026-08-08T21:28:54.819066+00:00
C00976,33666.22,6733.244000000001,5,Platinum,run_20260808_212843,2026-08-08T21:28:54.819066+00:00
C00977,14876.37,14876.37,1,Gold,run_20260808_212843,2026-08-08T21:28:54.819066+00:00
C00978,26671.42,8890.473333333333,3,Platinum,run_20260808_212843,2026-08-08T21:28:54.819066+00:00
C00979,19383.48,4845.87,4,Silver,run_20260808_212843,2026-08-08T21:28:54.819066+00:00
C00980,15067.7,3766.925,4,Platinum,run_20260808_212843,2026-08-08T21:28:54.819066+00:00
C00981,58269.27,8324.181428571428,7,Bronze,run_20260808_212843,2026-08-08T21:28:54.819066+00:00
C00982,43903.17,8780.634,5,Platinum,run_20260808_212843,2026-08-08T21:28:54.819066+00:00
C00983,39835.9,6639.316666666667,6,Platinum,run_20260808_212843,2026-08-08T21:28:54.819066+00:00
C00984,42003.36,8400.672,5,Gold,run_20260808_212843,2026-08-08T21:28:54.819066+00:00
C00985,59471.42999999999,8495.91857142857,7,Bronze,run_20260808_212843,2026-08-08T21:28:54.819066+00:00
C00986,20397.21,10198.605,2,Gold,run_20260808_212843,2026-08-08T21:28:54.819066+00:00
C00987,91743.31,10193.701111111111,9,Silver,run_20260808_212843,2026-08-08T21:28:54.819066+00:00
C00988,80723.33,8072.3330000000005,10,Platinum,run_20260808_212843,2026-08-08T21:28:54.819066+00:00
C00989,39552.15,9888.0375,4,Platinum,run_20260808_212843,2026-08-08T21:28:54.819066+00:00
C00990,51825.7,5758.411111111111,9,Silver,run_20260808_212843,2026-08-08T21:28:54.819066+00:00
C00991,29288.32,7322.08,4,Gold,run_20260808_212843,2026-08-08T21:28:54.819066+00:00
C00992,28890.09,5778.018,5,Bronze,run_20260808_212843,2026-08-08T21:28:54.819066+00:00
C00993,33609.19,6721.838000000001,5,Gold,run_20260808_212843,2026-08-08T21:28:54.819066+00:00
C00994,14331.45,7165.725,2,Gold,run_20260808_212843,2026-08-08T21:28:54.819066+00:00
C00995,14026.93,3506.7325,4,Bronze,run_20260808_212843,2026-08-08T21:28:54.819066+00:00
C00996,61897.26,7737.1575,8,Platinum,run_20260808_212843,2026-08-08T21:28:54.819066+00:00
C00997,37695.28,9423.82,4,Gold,run_20260808_212843,2026-08-08T21:28:54.819066+00:00
C00998,24723.23,6180.8075,4,Silver,run_20260808_212843,2026-08-08T21:28:54.819066+00:00
C00999,47750.1,11937.525,4,Bronze,run_20260808_212843,2026-08-08T21:28:54.819066+00:00
C01000,48769.65,9753.93,5,Platinum,run_20260808_212843,2026-08-08T21:28:54.819066+00:00
C01001,6479.55,6479.55,1,Bronze,run_20260808_212843,2026-08-08T21:28:54.819066+00:00
C01002,32714.1,10904.699999999999,3,Silver,run_20260808_212843,2026-08-08T21:28:54.819066+00:00
C01003,38344.16,7668.832,5,Bronze,run_20260808_212843,2026-08-08T21:28:54.819066+00:00
C01004,33141.95,6628.389999999999,5,Bronze,run_20260808_212843,2026-08-08T21:28:54.819066+00:00
C01005,15821.54,5273.846666666667,3,Gold,run_20260808_212843,2026-08-08T21:28:54.819066+00:00
C01006,12951.59,3237.8975,4,Silver,run_20260808_212843,2026-08-08T21:28:54.819066+00:00
C01007,26335.91,6583.9775,4,Silver,run_20260808_212843,2026-08-08T21:28:54.819066+00:00
C01008,25114.11,6278.5275,4,Silver,run_20260808_212843,2026-08-08T21:28:54.819066+00:00
C01009,82744.31,10343.03875,8,Bronze,run_20260808_212843,2026-08-08T21:28:54.819066+00:00
C01010,19995.59,4998.8975,4,Silver,run_20260808_212843,2026-08-08T21:28:54.819066+00:00
C01011,28406.32,7101.58,4,Silver,run_20260808_212843,2026-08-08T21:28:54.819066+00:00
C01012,52352.59,6544.07375,8,Silver,run_20260808_212843,2026-08-08T21:28:54.819066+00:00
C01013,17271.2,5757.066666666667,3,Gold,run_20260808_212843,2026-08-08T21:28:54.819066+00:00
C01014,95587.11,7352.8546153846155,13,Silver,run_20260808_212843,2026-08-08T21:28:54.819066+00:00
C01015,57231.81,8175.972857142857,7,Bronze,run_20260808_212843,2026-08-08T21:28:54.819066+00:00
C01016,47096.65,9419.33,5,Gold,run_20260808_212843,2026-08-08T21:28:54.819066+00:00
C01017,58753.08,9792.18,6,Silver,run_20260808_212843,2026-08-08T21:28:54.819066+00:00
C01018,53990.670000000006,7712.952857142858,7,Silver,run_20260808_212843,2026-08-08T21:28:54.819066+00:00
C01019,32034.31,16017.155,2,Gold,run_20260808_212843,2026-08-08T21:28:54.819066+00:00
C01020,7174.02,2391.34,3,Silver,run_20260808_212843,2026-08-08T21:28:54.819066+00:00
C01021,26473.14,8824.38,3,Bronze,run_20260808_212843,2026-08-08T21:28:54.819066+00:00
C01022,104684.28,11631.586666666666,9,Bronze,run_20260808_212843,2026-08-08T21:28:54.819066+00:00
C01023,34578.75,8644.6875,4,Silver,run_20260808_212843,2026-08-08T21:28:54.819066+00:00
C01024,62680.83,7835.10375,8,Bronze,run_20260808_212843,2026-08-08T21:28:54.819066+00:00
C01025,32518.04,8129.51,4,Gold,run_20260808_212843,2026-08-08T21:28:54.819066+00:00
C01026,64009.590000000004,10668.265000000001,6,Silver,run_20260808_212843,2026-08-08T21:28:54.819066+00:00
C01027,32803.75,6560.75,5,Gold,run_20260808_212843,2026-08-08T21:28:54.819066+00:00
C01028,60928.36,10154.726666666667,6,Bronze,run_20260808_212843,2026-08-08T21:28:54.819066+00:00
C01029,18652.47,9326.235,2,Silver,run_20260808_212843,2026-08-08T21:28:54.819066+00:00
C01030,77923.14,12987.19,6,Gold,run_20260808_212843,2026-08-08T21:28:54.819066+00:00
C01031,45981.44,9196.288,5,Bronze,run_20260808_212843,2026-08-08T21:28:54.819066+00:00
C01032,65665.45,6566.545,10,Silver,run_20260808_212843,2026-08-08T21:28:54.819066+00:00
C01033,16005.330000000002,5335.110000000001,3,Platinum,run_20260808_212843,2026-08-08T21:28:54.819066+00:00
C01034,61529.42,10254.903333333334,6,Bronze,run_20260808_212843,2026-08-08T21:28:54.819066+00:00
C01035,36997.16,9249.29,4,Bronze,run_20260808_212843,2026-08-08T21:28:54.819066+00:00
C01036,107699.16,7692.797142857143,14,Platinum,run_20260808_212843,2026-08-08T21:28:54.819066+00:00
C01037,7985.83,3992.915,2,Platinum,run_20260808_212843,2026-08-08T21:28:54.819066+00:00
C01038,30891.96,4413.137142857143,7,Gold,run_20260808_212843,2026-08-08T21:28:54.819066+00:00
C01039,22066.12,5516.53,4,Bronze,run_20260808_212843,2026-08-08T21:28:54.819066+00:00
C01040,1543.73,1543.73,1,Platinum,run_20260808_212843,2026-08-08T21:28:54.819066+00:00
C01041,72607.99,9075.99875,8,Silver,run_20260808_212843,2026-08-08T21:28:54.819066+00:00
C01042,48863.0,12215.75,4,Bronze,run_20260808_212843,2026-08-08T21:28:54.819066+00:00
C01043,44184.479999999996,8836.895999999999,5,Gold,run_20260808_212843,2026-08-08T21:28:54.819066+00:00
C01044,44558.02,7426.336666666666,6,Platinum,run_20260808_212843,2026-08-08T21:28:54.819066+00:00
C01045,15138.99,5046.33,3,Bronze,run_20260808_212843,2026-08-08T21:28:54.819066+00:00
C01046,34559.54,4319.9425,8,Bronze,run_20260808_212843,2026-08-08T21:28:54.819066+00:00
C01047,15770.19,7885.095,2,Platinum,run_20260808_212843,2026-08-08T21:28:54.819066+00:00
C01048,18598.1,3719.62,5,Platinum,run_20260808_212843,2026-08-08T21:28:54.819066+00:00
C01049,44328.75,7388.125,6,Platinum,run_20260808_212843,2026-08-08T21:28:54.819066+00:00
C01050,29464.43,7366.1075,4,Bronze,run_20260808_212843,2026-08-08T21:28:54.819066+00:00
C01051,10446.88,5223.44,2,Platinum,run_20260808_212843,2026-08-08T21:28:54.819066+00:00
C01052,37919.75,7583.95,5,Platinum,run_20260808_212843,2026-08-08T21:28:54.819066+00:00
C01053,47782.08,9556.416000000001,5,Bronze,run_20260808_212843,2026-08-08T21:28:54.819066+00:00
C01054,89865.08,11233.135,8,Bronze,run_20260808_212843,2026-08-08T21:28:54.819066+00:00
C01055,23834.57,4766.914,5,Gold,run_20260808_212843,2026-08-08T21:28:54.819066+00:00
C01056,20417.48,6805.826666666667,3,Silver,run_20260808_212843,2026-08-08T21:28:54.819066+00:00
C01057,29707.22,9902.406666666668,3,Bronze,run_20260808_212843,2026-08-08T21:28:54.819066+00:00
C01058,45331.82,9066.364,5,Silver,run_20260808_212843,2026-08-08T21:28:54.819066+00:00
C01059,77349.3,15469.86,5,Gold,run_20260808_212843,2026-08-08T21:28:54.819066+00:00
C01060,71805.01,8975.62625,8,Gold,run_20260808_212843,2026-08-08T21:28:54.819066+00:00
C01061,59412.18,6601.3533333333335,9,Platinum,run_20260808_212843,2026-08-08T21:28:54.819066+00:00
C01062,59982.43,8568.918571428572,7,Gold,run_20260808_212843,2026-08-08T21:28:54.819066+00:00
C01063,21741.36,10870.68,2,Platinum,run_20260808_212843,2026-08-08T21:28:54.819066+00:00
C01064,9109.18,3036.3933333333334,3,Platinum,run_20260808_212843,2026-08-08T21:28:54.819066+00:00
C01065,64546.770000000004,9220.967142857144,7,Bronze,run_20260808_212843,2026-08-08T21:28:54.819066+00:00
C01066,71994.42,10284.917142857143,7,Bronze,run_20260808_212843,2026-08-08T21:28:54.819066+00:00
C01067,50727.68000000001,16909.22666666667,3,Silver,run_20260808_212843,2026-08-08T21:28:54.819066+00:00
C01068,16268.480000000001,4067.1200000000003,4,Platinum,run_20260808_212843,2026-08-08T21:28:54.819066+00:00
C01069,18873.48,3145.58,6,Platinum,run_20260808_212843,2026-08-08T21:28:54.819066+00:00
C01070,57726.88,7215.86,8,Silver,run_20260808_212843,2026-08-08T21:28:54.819066+00:00
C01071,35575.37,8893.8425,4,Platinum,run_20260808_212843,2026-08-08T21:28:54.819066+00:00
C01072,36370.36,5195.765714285714,7,Gold,run_20260808_212843,2026-08-08T21:28:54.819066+00:00
C01073,56691.93,8098.847142857143,7,Platinum,run_20260808_212843,2026-08-08T21:28:54.819066+00:00
C01074,24058.98,6014.745,4,Platinum,run_20260808_212843,2026-08-08T21:28:54.819066+00:00
C01075,9351.39,3117.1299999999997,3,Platinum,run_20260808_212843,2026-08-08T21:28:54.819066+00:00
C01076,31410.120000000003,6282.024,5,Bronze,run_20260808_212843,2026-08-08T21:28:54.819066+00:00
C01077,50834.68,10166.936,5,Gold,run_20260808_212843,2026-08-08T21:28:54.819066+00:00
C01078,40147.28,10036.82,4,Platinum,run_20260808_212843,2026-08-08T21:28:54.819066+00:00
C01079,24398.010000000002,6099.5025000000005,4,Gold,run_20260808_212843,2026-08-08T21:28:54.819066+00:00
C01080,34708.72,4958.388571428572,7,Gold,run_20260808_212843,2026-08-08T21:28:54.819066+00:00
C01081,47229.979999999996,9445.996,5,Gold,run_20260808_212843,2026-08-08T21:28:54.819066+00:00
C01082,28106.64,5621.3279999999995,5,Silver,run_20260808_212843,2026-08-08T21:28:54.819066+00:00
C01083,29285.89,4183.698571428571,7,Platinum,run_20260808_212843,2026-08-08T21:28:54.819066+00:00
C01084,11938.2,3979.4,3,Bronze,run_20260808_212843,2026-08-08T21:28:54.819066+00:00
C01085,57896.67,11579.333999999999,5,Bronze,run_20260808_212843,2026-08-08T21:28:54.819066+00:00
C01086,38484.409999999996,6414.068333333333,6,Bronze,run_20260808_212843,2026-08-08T21:28:54.819066+00:00
C01087,25866.59,6466.6475,4,Bronze,run_20260808_212843,2026-08-08T21:28:54.819066+00:00
C01088,29215.66,5843.132,5,Platinum,run_20260808_212843,2026-08-08T21:28:54.819066+00:00
C01089,35191.14,11730.38,3,Bronze,run_20260808_212843,2026-08-08T21:28:54.819066+00:00
C01090,18300.15,4575.0375,4,Gold,run_20260808_212843,2026-08-08T21:28:54.819066+00:00
C01091,42787.36,8557.472,5,Silver,run_20260808_212843,2026-08-08T21:28:54.819066+00:00
C01092,18878.17,3775.6339999999996,5,Bronze,run_20260808_212843,2026-08-08T21:28:54.819066+00:00
C01093,43047.240000000005,14349.080000000002,3,Gold,run_20260808_212843,2026-08-08T21:28:54.819066+00:00
C01094,64562.47,10760.411666666667,6,Bronze,run_20260808_212843,2026-08-08T21:28:54.819066+00:00
C01095,6440.46,2146.82,3,Platinum,run_20260808_212843,2026-08-08T21:28:54.819066+00:00
C01096,29506.79,7376.6975,4,Gold,run_20260808_212843,2026-08-08T21:28:54.819066+00:00
C01097,39035.229999999996,7807.045999999999,5,Platinum,run_20260808_212843,2026-08-08T21:28:54.819066+00:00
C01098,20052.29,6684.096666666667,3,Bronze,run_20260808_212843,2026-08-08T21:28:54.819066+00:00
C01099,7974.709999999999,2658.236666666666,3,Gold,run_20260808_212843,2026-08-08T21:28:54.819066+00:00
C01100,42094.55,10523.6375,4,Gold,run_20260808_212843,2026-08-08T21:28:54.819066+00:00
C01101,34540.57,8635.1425,4,Gold,run_20260808_212843,2026-08-08T21:28:54.819066+00:00
C01102,7307.03,2435.6766666666667,3,Bronze,run_20260808_212843,2026-08-08T21:28:54.819066+00:00
C01103,63483.36,12696.672,5,Silver,run_20260808_212843,2026-08-08T21:28:54.819066+00:00
C01104,41866.74,6977.79,6,Silver,run_20260808_212843,2026-08-08T21:28:54.819066+00:00
C01105,15539.42,5179.806666666666,3,Platinum,run_20260808_212843,2026-08-08T21:28:54.819066+00:00
C01106,51793.92,10358.784,5,Silver,run_20260808_212843,2026-08-08T21:28:54.819066+00:00
C01107,40580.450000000004,6763.408333333334,6,Bronze,run_20260808_212843,2026-08-08T21:28:54.819066+00:00
C01108,52005.5,13001.375,4,Gold,run_20260808_212843,2026-08-08T21:28:54.819066+00:00
C01109,27145.59,9048.53,3,Gold,run_20260808_212843,2026-08-08T21:28:54.819066+00:00
C01110,65131.7,9304.528571428571,7,Bronze,run_20260808_212843,2026-08-08T21:28:54.819066+00:00
C01111,61711.32,7713.915,8,Gold,run_20260808_212843,2026-08-08T21:28:54.819066+00:00
C01112,14421.1,14421.1,1,Silver,run_20260808_212843,2026-08-08T21:28:54.819066+00:00
C01113,34604.369999999995,6920.873999999999,5,Platinum,run_20260808_212843,2026-08-08T21:28:54.819066+00:00
C01114,26929.93,8976.643333333333,3,Bronze,run_20260808_212843,2026-08-08T21:28:54.819066+00:00
C01115,63956.65,9136.664285714285,7,Gold,run_20260808_212843,2026-08-08T21:28:54.819066+00:00
C01116,42830.27,10707.5675,4,Bronze,run_20260808_212843,2026-08-08T21:28:54.819066+00:00
C01117,27230.940000000002,6807.735000000001,4,Silver,run_20260808_212843,2026-08-08T21:28:54.819066+00:00
C01118,23363.81,4672.762000000001,5,Gold,run_20260808_212843,2026-08-08T21:28:54.819066+00:00
C01119,70790.41,10112.915714285715,7,Gold,run_20260808_212843,2026-08-08T21:28:54.819066+00:00
C01120,28598.48,9532.826666666666,3,Gold,run_20260808_212843,2026-08-08T21:28:54.819066+00:00
C01121,17328.18,2475.4542857142856,7,Gold,run_20260808_212843,2026-08-08T21:28:54.819066+00:00
C01122,17171.43,2861.905,6,Bronze,run_20260808_212843,2026-08-08T21:28:54.819066+00:00
C01123,57369.18,11473.836,5,Silver,run_20260808_212843,2026-08-08T21:28:54.819066+00:00
C01124,21057.43,7019.143333333333,3,Silver,run_20260808_212843,2026-08-08T21:28:54.819066+00:00
C01125,92515.79,13216.541428571427,7,Platinum,run_20260808_212843,2026-08-08T21:28:54.819066+00:00
C01126,34399.11,6879.822,5,Bronze,run_20260808_212843,2026-08-08T21:28:54.819066+00:00
C01127,19178.410000000003,6392.803333333334,3,Silver,run_20260808_212843,2026-08-08T21:28:54.819066+00:00
C01128,18718.96,4679.74,4,Bronze,run_20260808_212843,2026-08-08T21:28:54.819066+00:00
C01129,6104.79,2034.93,3,Bronze,run_20260808_212843,2026-08-08T21:28:54.819066+00:00
C01130,18542.98,6180.993333333333,3,Silver,run_20260808_212843,2026-08-08T21:28:54.819066+00:00
C01131,25269.46,6317.365,4,Platinum,run_20260808_212843,2026-08-08T21:28:54.819066+00:00
C01132,14909.66,3727.415,4,Platinum,run_20260808_212843,2026-08-08T21:28:54.819066+00:00
C01133,38724.1,5532.0142857142855,7,Platinum,run_20260808_212843,2026-08-08T21:28:54.819066+00:00
C01134,29660.800000000003,9886.933333333334,3,Gold,run_20260808_212843,2026-08-08T21:28:54.819066+00:00
C01135,30292.660000000003,7573.165000000001,4,Silver,run_20260808_212843,2026-08-08T21:28:54.819066+00:00
C01136,25266.58,12633.29,2,Gold,run_20260808_212843,2026-08-08T21:28:54.819066+00:00
C01137,4190.15,4190.15,1,Gold,run_20260808_212843,2026-08-08T21:28:54.819066+00:00
C01138,20239.71,4047.942,5,Gold,run_20260808_212843,2026-08-08T21:28:54.819066+00:00
C01139,62344.67,12468.934,5,Bronze,run_20260808_212843,2026-08-08T21:28:54.819066+00:00
C01140,41389.65,5912.807142857143,7,Bronze,run_20260808_212843,2026-08-08T21:28:54.819066+00:00
C01141,56596.02,5659.602,10,Silver,run_20260808_212843,2026-08-08T21:28:54.819066+00:00
C01142,87049.17,9672.13,9,Silver,run_20260808_212843,2026-08-08T21:28:54.819066+00:00
C01143,85058.04000000001,12151.148571428572,7,Bronze,run_20260808_212843,2026-08-08T21:28:54.819066+00:00
C01144,37334.68,9333.67,4,Bronze,run_20260808_212843,2026-08-08T21:28:54.819066+00:00
C01145,36849.89,9212.4725,4,Gold,run_20260808_212843,2026-08-08T21:28:54.819066+00:00
C01146,72154.62,10307.802857142857,7,Platinum,run_20260808_212843,2026-08-08T21:28:54.819066+00:00
C01147,30819.17,7704.7925,4,Platinum,run_20260808_212843,2026-08-08T21:28:54.819066+00:00
C01148,31298.66,15649.33,2,Platinum,run_20260808_212843,2026-08-08T21:28:54.819066+00:00
C01149,49522.380000000005,6190.297500000001,8,Platinum,run_20260808_212843,2026-08-08T21:28:54.819066+00:00
C01150,10771.06,3590.353333333333,3,Platinum,run_20260808_212843,2026-08-08T21:28:54.819066+00:00
C01151,29556.989999999998,9852.33,3,Gold,run_20260808_212843,2026-08-08T21:28:54.819066+00:00
C01152,53082.16,8847.026666666667,6,Silver,run_20260808_212843,2026-08-08T21:28:54.819066+00:00
C01153,45097.92,5637.24,8,Bronze,run_20260808_212843,2026-08-08T21:28:54.819066+00:00
C01154,16573.97,8286.985,2,Gold,run_20260808_212843,2026-08-08T21:28:54.819066+00:00
C01155,33755.95,8438.9875,4,Platinum,run_20260808_212843,2026-08-08T21:28:54.819066+00:00
C01156,27304.78,9101.593333333332,3,Bronze,run_20260808_212843,2026-08-08T21:28:54.819066+00:00
C01157,11205.4,2241.08,5,Gold,run_20260808_212843,2026-08-08T21:28:54.819066+00:00
C01158,38682.2,9670.55,4,Platinum,run_20260808_212843,2026-08-08T21:28:54.819066+00:00
C01159,45472.21,6496.03,7,Gold,run_20260808_212843,2026-08-08T21:28:54.819066+00:00
C01160,22370.65,4474.13,5,Bronze,run_20260808_212843,2026-08-08T21:28:54.819066+00:00
C01161,38041.22,7608.244000000001,5,Silver,run_20260808_212843,2026-08-08T21:28:54.819066+00:00
C01162,23991.420000000002,5997.8550000000005,4,Platinum,run_20260808_212843,2026-08-08T21:28:54.819066+00:00
C01163,28634.39,4772.3983333333335,6,Bronze,run_20260808_212843,2026-08-08T21:28:54.819066+00:00
C01164,10424.74,2606.185,4,Bronze,run_20260808_212843,2026-08-08T21:28:54.819066+00:00
C01165,45473.509999999995,7578.918333333332,6,Silver,run_20260808_212843,2026-08-08T21:28:54.819066+00:00
C01166,29553.42,5910.683999999999,5,Gold,run_20260808_212843,2026-08-08T21:28:54.819066+00:00
C01167,13544.460000000001,6772.2300000000005,2,Silver,run_20260808_212843,2026-08-08T21:28:54.819066+00:00
C01168,76313.65,7631.365,10,Silver,run_20260808_212843,2026-08-08T21:28:54.819066+00:00
C01169,31440.079999999998,7860.0199999999995,4,Gold,run_20260808_212843,2026-08-08T21:28:54.819066+00:00
C01170,46658.25,7776.375,6,Gold,run_20260808_212843,2026-08-08T21:28:54.819066+00:00
C01171,17803.31,8901.655,2,Gold,run_20260808_212843,2026-08-08T21:28:54.819066+00:00
C01172,24418.79,4883.758,5,Bronze,run_20260808_212843,2026-08-08T21:28:54.819066+00:00
C01173,41151.73,10287.9325,4,Bronze,run_20260808_212843,2026-08-08T21:28:54.819066+00:00
C01174,12739.289999999999,2547.8579999999997,5,Platinum,run_20260808_212843,2026-08-08T21:28:54.819066+00:00
C01175,19360.4,19360.4,1,Platinum,run_20260808_212843,2026-08-08T21:28:54.819066+00:00
C01176,48982.41,8163.735000000001,6,Silver,run_20260808_212843,2026-08-08T21:28:54.819066+00:00
C01177,31765.87,6353.174,5,Silver,run_20260808_212843,2026-08-08T21:28:54.819066+00:00
C01178,43491.28,7248.546666666666,6,Platinum,run_20260808_212843,2026-08-08T21:28:54.819066+00:00
C01179,42673.4,5334.175,8,Silver,run_20260808_212843,2026-08-08T21:28:54.819066+00:00
C01180,49942.45,7134.635714285714,7,Gold,run_20260808_212843,2026-08-08T21:28:54.819066+00:00
C01181,32082.71,10694.236666666666,3,Bronze,run_20260808_212843,2026-08-08T21:28:54.819066+00:00
C01182,25403.21,6350.8025,4,Platinum,run_20260808_212843,2026-08-08T21:28:54.819066+00:00
C01183,11156.85,3718.9500000000003,3,Bronze,run_20260808_212843,2026-08-08T21:28:54.819066+00:00
C01184,67005.70999999999,7445.078888888888,9,Platinum,run_20260808_212843,2026-08-08T21:28:54.819066+00:00
C01185,21676.989999999998,5419.2474999999995,4,Bronze,run_20260808_212843,2026-08-08T21:28:54.819066+00:00
C01186,16463.0,4115.75,4,Platinum,run_20260808_212843,2026-08-08T21:28:54.819066+00:00
C01187,55234.03,6904.25375,8,Bronze,run_20260808_212843,2026-08-08T21:28:54.819066+00:00
C01188,23034.899999999998,5758.724999999999,4,Gold,run_20260808_212843,2026-08-08T21:28:54.819066+00:00
C01189,76786.95,6980.631818181818,11,Platinum,run_20260808_212843,2026-08-08T21:28:54.819066+00:00
C01190,61685.76,7710.72,8,Platinum,run_20260808_212843,2026-08-08T21:28:54.819066+00:00
C01191,60350.409999999996,12070.081999999999,5,Platinum,run_20260808_212843,2026-08-08T21:28:54.819066+00:00
C01192,31162.47,10387.49,3,Gold,run_20260808_212843,2026-08-08T21:28:54.819066+00:00
C01193,56610.22,7076.2775,8,Bronze,run_20260808_212843,2026-08-08T21:28:54.819066+00:00
C01194,44752.24,11188.06,4,Platinum,run_20260808_212843,2026-08-08T21:28:54.819066+00:00
C01195,37776.36,7555.272,5,Bronze,run_20260808_212843,2026-08-08T21:28:54.819066+00:00
C01196,40835.36,5833.622857142857,7,Gold,run_20260808_212843,2026-08-08T21:28:54.819066+00:00
C01197,37225.23,6204.205000000001,6,Silver,run_20260808_212843,2026-08-08T21:28:54.819066+00:00
C01198,25515.6,4252.599999999999,6,Platinum,run_20260808_212843,2026-08-08T21:28:54.819066+00:00
C01199,89658.61,8965.861,10,Gold,run_20260808_212843,2026-08-08T21:28:54.819066+00:00
C01200,27433.57,5486.714,5,Bronze,run_20260808_212843,2026-08-08T21:28:54.819066+00:00
C01201,25316.28,3616.6114285714284,7,Platinum,run_20260808_212843,2026-08-08T21:28:54.819066+00:00
C01202,40428.7,10107.175,4,Bronze,run_20260808_212843,2026-08-08T21:28:54.819066+00:00
C01203,18502.61,6167.536666666667,3,Silver,run_20260808_212843,2026-08-08T21:28:54.819066+00:00
C01204,52414.42,7487.774285714286,7,Platinum,run_20260808_212843,2026-08-08T21:28:54.819066+00:00
C01205,79593.09,8843.676666666666,9,Platinum,run_20260808_212843,2026-08-08T21:28:54.819066+00:00
C01207,63163.63,9023.375714285714,7,Platinum,run_20260808_212843,2026-08-08T21:28:54.819066+00:00
C01208,30140.85,6028.17,5,Gold,run_20260808_212843,2026-08-08T21:28:54.819066+00:00
C01209,19053.32,4763.33,4,Gold,run_20260808_212843,2026-08-08T21:28:54.819066+00:00
C01210,22448.089999999997,7482.696666666666,3,Silver,run_20260808_212843,2026-08-08T21:28:54.819066+00:00
C01211,58505.56,14626.39,4,Gold,run_20260808_212843,2026-08-08T21:28:54.819066+00:00
C01212,19264.75,9632.375,2,Silver,run_20260808_212843,2026-08-08T21:28:54.819066+00:00
C01213,9404.130000000001,2351.0325000000003,4,Bronze,run_20260808_212843,2026-08-08T21:28:54.819066+00:00
C01215,32977.479999999996,6595.495999999999,5,Silver,run_20260808_212843,2026-08-08T21:28:54.819066+00:00
C01216,20923.54,6974.513333333333,3,Gold,run_20260808_212843,2026-08-08T21:28:54.819066+00:00
C01217,24494.24,8164.746666666667,3,Gold,run_20260808_212843,2026-08-08T21:28:54.819066+00:00
C01218,64973.59,9281.941428571428,7,Silver,run_20260808_212843,2026-08-08T21:28:54.819066+00:00
C01219,45104.96,5638.12,8,Silver,run_20260808_212843,2026-08-08T21:28:54.819066+00:00
C01220,33835.75,8458.9375,4,Bronze,run_20260808_212843,2026-08-08T21:28:54.819066+00:00
C01221,41111.05,8222.210000000001,5,Silver,run_20260808_212843,2026-08-08T21:28:54.819066+00:00
C01222,20411.469999999998,5102.867499999999,4,Gold,run_20260808_212843,2026-08-08T21:28:54.819066+00:00
C01223,52856.84,10571.367999999999,5,Silver,run_20260808_212843,2026-08-08T21:28:54.819066+00:00
C01224,38178.4,5454.057142857143,7,Silver,run_20260808_212843,2026-08-08T21:28:54.819066+00:00
C01225,43894.8,7315.8,6,Silver,run_20260808_212843,2026-08-08T21:28:54.819066+00:00
C01226,23861.98,4772.396,5,Bronze,run_20260808_212843,2026-08-08T21:28:54.819066+00:00
C01227,37705.47,5386.495714285715,7,Silver,run_20260808_212843,2026-08-08T21:28:54.819066+00:00
C01228,22216.16,11108.08,2,Platinum,run_20260808_212843,2026-08-08T21:28:54.819066+00:00
C01229,89496.08,14916.013333333334,6,Platinum,run_20260808_212843,2026-08-08T21:28:54.819066+00:00
C01230,36085.259999999995,9021.314999999999,4,Platinum,run_20260808_212843,2026-08-08T21:28:54.819066+00:00
C01231,76367.56,10909.651428571427,7,Gold,run_20260808_212843,2026-08-08T21:28:54.819066+00:00
C01232,33009.05,6601.81,5,Gold,run_20260808_212843,2026-08-08T21:28:54.819066+00:00
C01233,3479.7,3479.7,1,Silver,run_20260808_212843,2026-08-08T21:28:54.819066+00:00
C01234,52120.37,5791.152222222223,9,Platinum,run_20260808_212843,2026-08-08T21:28:54.819066+00:00
C01235,68804.44,7644.937777777778,9,Bronze,run_20260808_212843,2026-08-08T21:28:54.819066+00:00
C01236,48084.56,12021.14,4,Platinum,run_20260808_212843,2026-08-08T21:28:54.819066+00:00
C01237,74420.72,8268.968888888889,9,Platinum,run_20260808_212843,2026-08-08T21:28:54.819066+00:00
C01238,4817.55,1605.8500000000001,3,Gold,run_20260808_212843,2026-08-08T21:28:54.819066+00:00
C01239,12437.759999999998,6218.879999999999,2,Gold,run_20260808_212843,2026-08-08T21:28:54.819066+00:00
C01240,68710.46,9815.78,7,Bronze,run_20260808_212843,2026-08-08T21:28:54.819066+00:00
C01241,49536.14,7076.591428571429,7,Gold,run_20260808_212843,2026-08-08T21:28:54.819066+00:00
C01242,13869.210000000001,6934.6050000000005,2,Bronze,run_20260808_212843,2026-08-08T21:28:54.819066+00:00
C01243,62075.25,10345.875,6,Gold,run_20260808_212843,2026-08-08T21:28:54.819066+00:00
C01244,31972.28,5328.713333333333,6,Platinum,run_20260808_212843,2026-08-08T21:28:54.819066+00:00
C01245,36328.42,7265.683999999999,5,Platinum,run_20260808_212843,2026-08-08T21:28:54.819066+00:00
C01246,27107.010000000002,6776.7525000000005,4,Bronze,run_20260808_212843,2026-08-08T21:28:54.819066+00:00
C01247,30067.76,5011.293333333333,6,Bronze,run_20260808_212843,2026-08-08T21:28:54.819066+00:00
C01248,58227.36,9704.56,6,Gold,run_20260808_212843,2026-08-08T21:28:54.819066+00:00
C01249,33258.66,6651.732000000001,5,Gold,run_20260808_212843,2026-08-08T21:28:54.819066+00:00
C01250,46514.57,7752.428333333333,6,Bronze,run_20260808_212843,2026-08-08T21:28:54.819066+00:00
C01251,28151.25,5630.25,5,Bronze,run_20260808_212843,2026-08-08T21:28:54.819066+00:00
C01252,59534.05,7441.75625,8,Platinum,run_20260808_212843,2026-08-08T21:28:54.819066+00:00
C01253,54149.17,7735.595714285714,7,Platinum,run_20260808_212843,2026-08-08T21:28:54.819066+00:00
C01254,34087.21,11362.403333333334,3,Bronze,run_20260808_212843,2026-08-08T21:28:54.819066+00:00
C01255,24354.11,3479.1585714285716,7,Platinum,run_20260808_212843,2026-08-08T21:28:54.819066+00:00
C01256,15852.54,5284.18,3,Silver,run_20260808_212843,2026-08-08T21:28:54.819066+00:00
C01257,16467.04,4116.76,4,Gold,run_20260808_212843,2026-08-08T21:28:54.819066+00:00
C01258,37935.39,5419.341428571429,7,Platinum,run_20260808_212843,2026-08-08T21:28:54.819066+00:00
C01259,26325.28,6581.32,4,Silver,run_20260808_212843,2026-08-08T21:28:54.819066+00:00
C01260,2618.87,2618.87,1,Bronze,run_20260808_212843,2026-08-08T21:28:54.819066+00:00
C01261,57334.24,6370.471111111111,9,Platinum,run_20260808_212843,2026-08-08T21:28:54.819066+00:00
C01262,26774.629999999997,8924.876666666665,3,Bronze,run_20260808_212843,2026-08-08T21:28:54.819066+00:00
C01263,54658.36,9109.726666666667,6,Gold,run_20260808_212843,2026-08-08T21:28:54.819066+00:00
C01264,51065.96,7295.137142857143,7,Bronze,run_20260808_212843,2026-08-08T21:28:54.819066+00:00
C01265,18455.9,4613.975,4,Silver,run_20260808_212843,2026-08-08T21:28:54.819066+00:00
C01266,17603.309999999998,5867.7699999999995,3,Bronze,run_20260808_212843,2026-08-08T21:28:54.819066+00:00
C01267,52978.31,5297.831,10,Silver,run_20260808_212843,2026-08-08T21:28:54.819066+00:00
C01268,68349.70999999999,9764.244285714285,7,Platinum,run_20260808_212843,2026-08-08T21:28:54.819066+00:00
C01269,50682.869999999995,10136.573999999999,5,Platinum,run_20260808_212843,2026-08-08T21:28:54.819066+00:00
C01270,46583.450000000004,15527.816666666668,3,Silver,run_20260808_212843,2026-08-08T21:28:54.819066+00:00
C01271,26650.23,5330.046,5,Gold,run_20260808_212843,2026-08-08T21:28:54.819066+00:00
C01272,53121.34,10624.268,5,Gold,run_20260808_212843,2026-08-08T21:28:54.819066+00:00
C01273,22158.79,11079.395,2,Gold,run_20260808_212843,2026-08-08T21:28:54.819066+00:00
C01274,22409.86,5602.465,4,Platinum,run_20260808_212843,2026-08-08T21:28:54.819066+00:00
C01275,20322.88,6774.293333333334,3,Platinum,run_20260808_212843,2026-08-08T21:28:54.819066+00:00
C01276,779.38,779.38,1,Gold,run_20260808_212843,2026-08-08T21:28:54.819066+00:00
C01277,36900.02,9225.005,4,Bronze,run_20260808_212843,2026-08-08T21:28:54.819066+00:00
C01278,16536.89,8268.445,2,Gold,run_20260808_212843,2026-08-08T21:28:54.819066+00:00
C01279,21429.63,7143.21,3,Bronze,run_20260808_212843,2026-08-08T21:28:54.819066+00:00
C01280,81717.95,9079.772222222222,9,Gold,run_20260808_212843,2026-08-08T21:28:54.819066+00:00
C01281,28481.23,9493.743333333334,3,Bronze,run_20260808_212843,2026-08-08T21:28:54.819066+00:00
C01282,32237.19,6447.438,5,Platinum,run_20260808_212843,2026-08-08T21:28:54.819066+00:00
C01283,60650.43,6065.043,10,Gold,run_20260808_212843,2026-08-08T21:28:54.819066+00:00
C01284,56457.56999999999,11291.514,5,Gold,run_20260808_212843,2026-08-08T21:28:54.819066+00:00
C01285,25579.43,12789.715,2,Silver,run_20260808_212843,2026-08-08T21:28:54.819066+00:00
C01286,38630.87,9657.7175,4,Gold,run_20260808_212843,2026-08-08T21:28:54.819066+00:00
C01287,51976.14,12994.035,4,Bronze,run_20260808_212843,2026-08-08T21:28:54.819066+00:00
C01288,60740.01,7592.50125,8,Silver,run_20260808_212843,2026-08-08T21:28:54.819066+00:00
C01289,44882.42,8976.484,5,Gold,run_20260808_212843,2026-08-08T21:28:54.819066+00:00
C01290,34001.34,5666.889999999999,6,Gold,run_20260808_212843,2026-08-08T21:28:54.819066+00:00
C01291,26269.940000000002,4378.323333333334,6,Platinum,run_20260808_212843,2026-08-08T21:28:54.819066+00:00
C01292,21368.01,5342.0025,4,Silver,run_20260808_212843,2026-08-08T21:28:54.819066+00:00
C01293,8253.73,4126.865,2,Bronze,run_20260808_212843,2026-08-08T21:28:54.819066+00:00
C01294,61192.78,6119.278,10,Gold,run_20260808_212843,2026-08-08T21:28:54.819066+00:00
C01295,79523.1,8835.900000000001,9,Platinum,run_20260808_212843,2026-08-08T21:28:54.819066+00:00
C01296,47888.99,6841.284285714285,7,Gold,run_20260808_212843,2026-08-08T21:28:54.819066+00:00
C01297,32148.069999999996,6429.614,5,Silver,run_20260808_212843,2026-08-08T21:28:54.819066+00:00
C01298,16336.220000000001,4084.0550000000003,4,Bronze,run_20260808_212843,2026-08-08T21:28:54.819066+00:00
C01299,13904.2,4634.733333333334,3,Platinum,run_20260808_212843,2026-08-08T21:28:54.819066+00:00
C01300,35469.32,8867.33,4,Gold,run_20260808_212843,2026-08-08T21:28:54.819066+00:00
C01301,38580.29,7716.058,5,Bronze,run_20260808_212843,2026-08-08T21:28:54.819066+00:00
C01302,19465.88,4866.47,4,Gold,run_20260808_212843,2026-08-08T21:28:54.819066+00:00
C01303,76890.86,8543.42888888889,9,Gold,run_20260808_212843,2026-08-08T21:28:54.819066+00:00
C01304,25382.3,8460.766666666666,3,Silver,run_20260808_212843,2026-08-08T21:28:54.819066+00:00
C01305,42550.130000000005,6078.590000000001,7,Silver,run_20260808_212843,2026-08-08T21:28:54.819066+00:00
C01306,36680.35,9170.0875,4,Gold,run_20260808_212843,2026-08-08T21:28:54.819066+00:00
C01307,88214.51000000001,11026.813750000001,8,Platinum,run_20260808_212843,2026-08-08T21:28:54.819066+00:00
C01308,36616.93,12205.643333333333,3,Silver,run_20260808_212843,2026-08-08T21:28:54.819066+00:00
C01309,34753.1,6950.62,5,Silver,run_20260808_212843,2026-08-08T21:28:54.819066+00:00
C01310,93849.5,11731.1875,8,Silver,run_20260808_212843,2026-08-08T21:28:54.819066+00:00
C01311,53570.19,8928.365,6,Silver,run_20260808_212843,2026-08-08T21:28:54.819066+00:00
C01312,43114.48,8622.896,5,Bronze,run_20260808_212843,2026-08-08T21:28:54.819066+00:00
C01313,44906.85,11226.7125,4,Gold,run_20260808_212843,2026-08-08T21:28:54.819066+00:00
C01314,45976.740000000005,6568.105714285715,7,Bronze,run_20260808_212843,2026-08-08T21:28:54.819066+00:00
C01315,43645.759999999995,8729.151999999998,5,Bronze,run_20260808_212843,2026-08-08T21:28:54.819066+00:00
C01316,28725.56,9575.186666666666,3,Gold,run_20260808_212843,2026-08-08T21:28:54.819066+00:00
C01317,37269.259999999995,6211.543333333332,6,Silver,run_20260808_212843,2026-08-08T21:28:54.819066+00:00
C01318,27135.0,4522.5,6,Platinum,run_20260808_212843,2026-08-08T21:28:54.819066+00:00
C01319,61386.69,8769.527142857143,7,Silver,run_20260808_212843,2026-08-08T21:28:54.819066+00:00
C01320,46928.03,6704.004285714285,7,Silver,run_20260808_212843,2026-08-08T21:28:54.819066+00:00
C01321,17615.63,5871.876666666667,3,Silver,run_20260808_212843,2026-08-08T21:28:54.819066+00:00
C01322,9512.71,2378.1775,4,Silver,run_20260808_212843,2026-08-08T21:28:54.819066+00:00
C01323,9071.39,4535.695,2,Platinum,run_20260808_212843,2026-08-08T21:28:54.819066+00:00
C01324,32500.5,5416.75,6,Bronze,run_20260808_212843,2026-08-08T21:28:54.819066+00:00
C01325,10014.869999999999,3338.2899999999995,3,Platinum,run_20260808_212843,2026-08-08T21:28:54.819066+00:00
C01326,76026.48,8447.386666666665,9,Gold,run_20260808_212843,2026-08-08T21:28:54.819066+00:00
C01327,60517.45,12103.49,5,Silver,run_20260808_212843,2026-08-08T21:28:54.819066+00:00
C01328,28587.45,4764.575,6,Platinum,run_20260808_212843,2026-08-08T21:28:54.819066+00:00
C01329,3636.33,3636.33,1,Gold,run_20260808_212843,2026-08-08T21:28:54.819066+00:00
C01330,48487.479999999996,8081.246666666666,6,Platinum,run_20260808_212843,2026-08-08T21:28:54.819066+00:00
C01331,26267.34,8755.78,3,Silver,run_20260808_212843,2026-08-08T21:28:54.819066+00:00
C01332,31931.34,7982.835,4,Silver,run_20260808_212843,2026-08-08T21:28:54.819066+00:00
C01333,41416.22,10354.055,4,Gold,run_20260808_212843,2026-08-08T21:28:54.819066+00:00
C01334,44635.71,6376.53,7,Platinum,run_20260808_212843,2026-08-08T21:28:54.819066+00:00
C01335,21518.2,5379.55,4,Silver,run_20260808_212843,2026-08-08T21:28:54.819066+00:00
C01336,39849.78,7969.956,5,Gold,run_20260808_212843,2026-08-08T21:28:54.819066+00:00
C01337,23653.440000000002,7884.4800000000005,3,Platinum,run_20260808_212843,2026-08-08T21:28:54.819066+00:00
C01338,25716.26,4286.043333333333,6,Platinum,run_20260808_212843,2026-08-08T21:28:54.819066+00:00
C01339,42811.770000000004,6115.967142857144,7,Gold,run_20260808_212843,2026-08-08T21:28:54.819066+00:00
C01340,12210.57,4070.19,3,Platinum,run_20260808_212843,2026-08-08T21:28:54.819066+00:00
C01341,79854.85,13309.141666666668,6,Platinum,run_20260808_212843,2026-08-08T21:28:54.819066+00:00
C01342,90302.14,11287.7675,8,Silver,run_20260808_212843,2026-08-08T21:28:54.819066+00:00
C01343,41551.64,6925.2733333333335,6,Silver,run_20260808_212843,2026-08-08T21:28:54.819066+00:00
C01344,18515.69,6171.8966666666665,3,Silver,run_20260808_212843,2026-08-08T21:28:54.819066+00:00
C01345,48780.55,6968.650000000001,7,Gold,run_20260808_212843,2026-08-08T21:28:54.819066+00:00
C01346,26235.269999999997,4372.544999999999,6,Bronze,run_20260808_212843,2026-08-08T21:28:54.819066+00:00
C01347,26804.35,13402.175,2,Platinum,run_20260808_212843,2026-08-08T21:28:54.819066+00:00
C01348,28865.8,5773.16,5,Gold,run_20260808_212843,2026-08-08T21:28:54.819066+00:00
C01349,1593.86,1593.86,1,Bronze,run_20260808_212843,2026-08-08T21:28:54.819066+00:00
C01350,45979.48,5108.831111111112,9,Bronze,run_20260808_212843,2026-08-08T21:28:54.819066+00:00
C01351,62262.34,7782.7925,8,Gold,run_20260808_212843,2026-08-08T21:28:54.819066+00:00
C01352,32283.620000000003,8070.905000000001,4,Bronze,run_20260808_212843,2026-08-08T21:28:54.819066+00:00
C01353,28306.1,7076.525,4,Silver,run_20260808_212843,2026-08-08T21:28:54.819066+00:00
C01354,53428.14,8904.69,6,Gold,run_20260808_212843,2026-08-08T21:28:54.819066+00:00
C01355,58021.5,8288.785714285714,7,Platinum,run_20260808_212843,2026-08-08T21:28:54.819066+00:00
C01356,67344.91,13468.982,5,Silver,run_20260808_212843,2026-08-08T21:28:54.819066+00:00
C01357,50083.53,6260.44125,8,Platinum,run_20260808_212843,2026-08-08T21:28:54.819066+00:00
C01358,23818.949999999997,5954.737499999999,4,Bronze,run_20260808_212843,2026-08-08T21:28:54.819066+00:00
C01359,60980.9,12196.18,5,Silver,run_20260808_212843,2026-08-08T21:28:54.819066+00:00
C01360,42077.590000000004,7012.931666666667,6,Platinum,run_20260808_212843,2026-08-08T21:28:54.819066+00:00
C01361,22070.35,22070.35,1,Gold,run_20260808_212843,2026-08-08T21:28:54.819066+00:00
C01362,72312.31999999999,8034.702222222221,9,Bronze,run_20260808_212843,2026-08-08T21:28:54.819066+00:00
C01363,19575.74,4893.935,4,Platinum,run_20260808_212843,2026-08-08T21:28:54.819066+00:00
C01364,4123.14,4123.14,1,Bronze,run_20260808_212843,2026-08-08T21:28:54.819066+00:00
C01365,59326.3,7415.7875,8,Platinum,run_20260808_212843,2026-08-08T21:28:54.819066+00:00
C01366,13821.0,2303.5,6,Gold,run_20260808_212843,2026-08-08T21:28:54.819066+00:00
C01367,100656.09,10065.609,10,Silver,run_20260808_212843,2026-08-08T21:28:54.819066+00:00
C01368,50487.5,6310.9375,8,Platinum,run_20260808_212843,2026-08-08T21:28:54.819066+00:00
C01369,15192.83,7596.415,2,Bronze,run_20260808_212843,2026-08-08T21:28:54.819066+00:00
C01370,41969.61,8393.922,5,Gold,run_20260808_212843,2026-08-08T21:28:54.819066+00:00
C01371,65046.57000000001,13009.314000000002,5,Silver,run_20260808_212843,2026-08-08T21:28:54.819066+00:00
C01372,37439.93,9359.9825,4,Bronze,run_20260808_212843,2026-08-08T21:28:54.819066+00:00
C01373,6019.0,1504.75,4,Gold,run_20260808_212843,2026-08-08T21:28:54.819066+00:00
C01374,58238.29,8319.755714285715,7,Bronze,run_20260808_212843,2026-08-08T21:28:54.819066+00:00
C01375,5560.38,2780.19,2,Gold,run_20260808_212843,2026-08-08T21:28:54.819066+00:00
C01376,27884.260000000002,9294.753333333334,3,Silver,run_20260808_212843,2026-08-08T21:28:54.819066+00:00
C01377,51025.46,7289.351428571428,7,Silver,run_20260808_212843,2026-08-08T21:28:54.819066+00:00
C01378,41341.409999999996,10335.352499999999,4,Bronze,run_20260808_212843,2026-08-08T21:28:54.819066+00:00
C01379,28530.989999999998,9510.33,3,Gold,run_20260808_212843,2026-08-08T21:28:54.819066+00:00
C01380,23470.74,5867.685,4,Platinum,run_20260808_212843,2026-08-08T21:28:54.819066+00:00
C01381,18152.12,6050.706666666666,3,Silver,run_20260808_212843,2026-08-08T21:28:54.819066+00:00
C01382,25326.59,8442.196666666667,3,Platinum,run_20260808_212843,2026-08-08T21:28:54.819066+00:00
C01383,56355.2,11271.039999999999,5,Platinum,run_20260808_212843,2026-08-08T21:28:54.819066+00:00
C01384,48992.270000000004,8165.378333333334,6,Bronze,run_20260808_212843,2026-08-08T21:28:54.819066+00:00
C01386,33080.8,16540.4,2,Bronze,run_20260808_212843,2026-08-08T21:28:54.819066+00:00
C01387,65549.29000000001,9364.184285714287,7,Gold,run_20260808_212843,2026-08-08T21:28:54.819066+00:00
C01388,30660.739999999998,4380.105714285714,7,Silver,run_20260808_212843,2026-08-08T21:28:54.819066+00:00
C01389,28590.86,5718.1720000000005,5,Silver,run_20260808_212843,2026-08-08T21:28:54.819066+00:00
C01390,30072.34,7518.085,4,Platinum,run_20260808_212843,2026-08-08T21:28:54.819066+00:00
C01391,21144.91,10572.455,2,Bronze,run_20260808_212843,2026-08-08T21:28:54.819066+00:00
C01392,33846.86,6769.372,5,Gold,run_20260808_212843,2026-08-08T21:28:54.819066+00:00
C01393,82568.5,7506.227272727273,11,Silver,run_20260808_212843,2026-08-08T21:28:54.819066+00:00
C01394,35914.689999999995,8978.672499999999,4,Gold,run_20260808_212843,2026-08-08T21:28:54.819066+00:00
C01395,9511.560000000001,3170.5200000000004,3,Bronze,run_20260808_212843,2026-08-08T21:28:54.819066+00:00
C01396,41949.03,8389.806,5,Bronze,run_20260808_212843,2026-08-08T21:28:54.819066+00:00
C01397,73863.75,8207.083333333334,9,Silver,run_20260808_212843,2026-08-08T21:28:54.819066+00:00
C01398,61927.79,8846.827142857142,7,Platinum,run_20260808_212843,2026-08-08T21:28:54.819066+00:00
C01399,53559.06,10711.812,5,Platinum,run_20260808_212843,2026-08-08T21:28:54.819066+00:00
C01400,55335.13,7905.018571428571,7,Bronze,run_20260808_212843,2026-08-08T21:28:54.819066+00:00
C01401,26847.93,13423.965,2,Bronze,run_20260808_212843,2026-08-08T21:28:54.819066+00:00
C01402,29126.16,7281.54,4,Platinum,run_20260808_212843,2026-08-08T21:28:54.819066+00:00
C01403,63481.92,9068.845714285713,7,Bronze,run_20260808_212843,2026-08-08T21:28:54.819066+00:00
C01404,34998.64,8749.66,4,Silver,run_20260808_212843,2026-08-08T21:28:54.819066+00:00
C01405,92598.97,9259.897,10,Silver,run_20260808_212843,2026-08-08T21:28:54.819066+00:00
C01406,60191.590000000004,10031.931666666667,6,Gold,run_20260808_212843,2026-08-08T21:28:54.819066+00:00
C01407,49566.33,8261.055,6,Platinum,run_20260808_212843,2026-08-08T21:28:54.819066+00:00
C01408,14767.66,3691.915,4,Bronze,run_20260808_212843,2026-08-08T21:28:54.819066+00:00
C01409,22470.34,5617.585,4,Gold,run_20260808_212843,2026-08-08T21:28:54.819066+00:00
C01410,21633.08,5408.27,4,Silver,run_20260808_212843,2026-08-08T21:28:54.819066+00:00
C01411,110042.18,10003.834545454545,11,Platinum,run_20260808_212843,2026-08-08T21:28:54.819066+00:00
C01412,26449.230000000003,6612.307500000001,4,Silver,run_20260808_212843,2026-08-08T21:28:54.819066+00:00
C01413,30656.68,6131.336,5,Bronze,run_20260808_212843,2026-08-08T21:28:54.819066+00:00
C01414,54863.25,9143.875,6,Gold,run_20260808_212843,2026-08-08T21:28:54.819066+00:00
C01415,10764.74,5382.37,2,Bronze,run_20260808_212843,2026-08-08T21:28:54.819066+00:00
C01416,75093.94,12515.656666666668,6,Bronze,run_20260808_212843,2026-08-08T21:28:54.819066+00:00
C01417,32217.05,8054.2625,4,Platinum,run_20260808_212843,2026-08-08T21:28:54.819066+00:00
C01418,32128.45,6425.6900000000005,5,Platinum,run_20260808_212843,2026-08-08T21:28:54.819066+00:00
C01419,30541.6,5090.266666666666,6,Bronze,run_20260808_212843,2026-08-08T21:28:54.819066+00:00
C01420,14580.18,3645.045,4,Platinum,run_20260808_212843,2026-08-08T21:28:54.819066+00:00
C01421,60538.049999999996,6726.45,9,Gold,run_20260808_212843,2026-08-08T21:28:54.819066+00:00
C01422,43939.97,7323.328333333334,6,Gold,run_20260808_212843,2026-08-08T21:28:54.819066+00:00
C01423,7145.320000000001,2381.7733333333335,3,Bronze,run_20260808_212843,2026-08-08T21:28:54.819066+00:00
C01424,38153.700000000004,6358.950000000001,6,Gold,run_20260808_212843,2026-08-08T21:28:54.819066+00:00
C01425,28439.620000000003,9479.873333333335,3,Bronze,run_20260808_212843,2026-08-08T21:28:54.819066+00:00
C01426,50183.53,8363.921666666667,6,Gold,run_20260808_212843,2026-08-08T21:28:54.819066+00:00
C01427,53391.61,8898.601666666667,6,Silver,run_20260808_212843,2026-08-08T21:28:54.819066+00:00
C01428,8801.02,4400.51,2,Bronze,run_20260808_212843,2026-08-08T21:28:54.819066+00:00
C01429,33398.89,8349.7225,4,Gold,run_20260808_212843,2026-08-08T21:28:54.819066+00:00
C01430,4971.2,4971.2,1,Silver,run_20260808_212843,2026-08-08T21:28:54.819066+00:00
C01431,55687.11,11137.422,5,Bronze,run_20260808_212843,2026-08-08T21:28:54.819066+00:00
C01432,55054.22,7864.888571428572,7,Gold,run_20260808_212843,2026-08-08T21:28:54.819066+00:00
C01433,8109.23,2703.0766666666664,3,Gold,run_20260808_212843,2026-08-08T21:28:54.819066+00:00
C01434,76352.47,10907.495714285715,7,Silver,run_20260808_212843,2026-08-08T21:28:54.819066+00:00
C01435,741.92,741.92,1,Platinum,run_20260808_212843,2026-08-08T21:28:54.819066+00:00
C01436,62688.19,7836.02375,8,Platinum,run_20260808_212843,2026-08-08T21:28:54.819066+00:00
C01437,33265.78,6653.156,5,Silver,run_20260808_212843,2026-08-08T21:28:54.819066+00:00
C01438,35971.369999999995,8992.842499999999,4,Silver,run_20260808_212843,2026-08-08T21:28:54.819066+00:00
C01439,87227.19,12461.027142857143,7,Bronze,run_20260808_212843,2026-08-08T21:28:54.819066+00:00
C01440,35589.740000000005,8897.435000000001,4,Platinum,run_20260808_212843,2026-08-08T21:28:54.819066+00:00
C01441,76614.1,9576.7625,8,Bronze,run_20260808_212843,2026-08-08T21:28:54.819066+00:00
C01442,35254.88,8813.72,4,Gold,run_20260808_212843,2026-08-08T21:28:54.819066+00:00
C01443,109825.61,9152.134166666667,12,Silver,run_20260808_212843,2026-08-08T21:28:54.819066+00:00
C01444,43621.61,8724.322,5,Bronze,run_20260808_212843,2026-08-08T21:28:54.819066+00:00
C01445,2109.36,2109.36,1,Silver,run_20260808_212843,2026-08-08T21:28:54.819066+00:00
C01446,44783.32,8956.664,5,Bronze,run_20260808_212843,2026-08-08T21:28:54.819066+00:00
C01447,4451.65,2225.825,2,Gold,run_20260808_212843,2026-08-08T21:28:54.819066+00:00
C01448,30954.04,5159.006666666667,6,Gold,run_20260808_212843,2026-08-08T21:28:54.819066+00:00
C01449,8321.99,2080.4975,4,Platinum,run_20260808_212843,2026-08-08T21:28:54.819066+00:00
C01450,45095.66,9019.132000000001,5,Platinum,run_20260808_212843,2026-08-08T21:28:54.819066+00:00
C01451,49151.62,9830.324,5,Gold,run_20260808_212843,2026-08-08T21:28:54.819066+00:00
C01452,80658.91,13443.151666666667,6,Bronze,run_20260808_212843,2026-08-08T21:28:54.819066+00:00
C01453,53843.8,13460.95,4,Silver,run_20260808_212843,2026-08-08T21:28:54.819066+00:00
C01454,33992.56,8498.14,4,Gold,run_20260808_212843,2026-08-08T21:28:54.819066+00:00
C01455,35115.63,5016.518571428571,7,Gold,run_20260808_212843,2026-08-08T21:28:54.819066+00:00
C01456,32594.52,5432.42,6,Bronze,run_20260808_212843,2026-08-08T21:28:54.819066+00:00
C01457,28458.13,4065.447142857143,7,Gold,run_20260808_212843,2026-08-08T21:28:54.819066+00:00
C01458,70109.52,7010.952,10,Gold,run_20260808_212843,2026-08-08T21:28:54.819066+00:00
C01459,12105.91,4035.3033333333333,3,Bronze,run_20260808_212843,2026-08-08T21:28:54.819066+00:00
C01460,50704.29,8450.715,6,Gold,run_20260808_212843,2026-08-08T21:28:54.819066+00:00
C01461,17381.86,4345.465,4,Platinum,run_20260808_212843,2026-08-08T21:28:54.819066+00:00
C01462,19410.870000000003,3882.1740000000004,5,Platinum,run_20260808_212843,2026-08-08T21:28:54.819066+00:00
C01463,20320.510000000002,6773.503333333334,3,Platinum,run_20260808_212843,2026-08-08T21:28:54.819066+00:00
C01464,30208.78,6041.755999999999,5,Platinum,run_20260808_212843,2026-08-08T21:28:54.819066+00:00
C01465,10885.14,3628.3799999999997,3,Gold,run_20260808_212843,2026-08-08T21:28:54.819066+00:00
C01466,16549.94,5516.6466666666665,3,Silver,run_20260808_212843,2026-08-08T21:28:54.819066+00:00
C01467,32981.78,10993.926666666666,3,Platinum,run_20260808_212843,2026-08-08T21:28:54.819066+00:00
C01468,15263.55,3815.8875,4,Platinum,run_20260808_212843,2026-08-08T21:28:54.819066+00:00
C01469,12525.78,6262.89,2,Gold,run_20260808_212843,2026-08-08T21:28:54.819066+00:00
C01471,22273.11,3712.185,6,Bronze,run_20260808_212843,2026-08-08T21:28:54.819066+00:00
C01472,23515.620000000003,4703.124000000001,5,Platinum,run_20260808_212843,2026-08-08T21:28:54.819066+00:00
C01473,27000.11,9000.036666666667,3,Bronze,run_20260808_212843,2026-08-08T21:28:54.819066+00:00
C01474,42131.579999999994,14043.859999999999,3,Platinum,run_20260808_212843,2026-08-08T21:28:54.819066+00:00
C01475,43254.119999999995,7209.0199999999995,6,Silver,run_20260808_212843,2026-08-08T21:28:54.819066+00:00
C01476,66885.21,6080.473636363637,11,Gold,run_20260808_212843,2026-08-08T21:28:54.819066+00:00
C01477,392.6,392.6,1,Gold,run_20260808_212843,2026-08-08T21:28:54.819066+00:00
C01478,36727.11,6121.185,6,Bronze,run_20260808_212843,2026-08-08T21:28:54.819066+00:00
C01479,39064.67,5580.667142857143,7,Bronze,run_20260808_212843,2026-08-08T21:28:54.819066+00:00
C01480,9131.5,3043.8333333333335,3,Gold,run_20260808_212843,2026-08-08T21:28:54.819066+00:00
C01481,15557.710000000001,3889.4275000000002,4,Gold,run_20260808_212843,2026-08-08T21:28:54.819066+00:00
C01482,38667.21,7733.442,5,Gold,run_20260808_212843,2026-08-08T21:28:54.819066+00:00
C01483,53112.95,8852.158333333333,6,Platinum,run_20260808_212843,2026-08-08T21:28:54.819066+00:00
C01484,52746.45,7535.207142857143,7,Platinum,run_20260808_212843,2026-08-08T21:28:54.819066+00:00
C01485,14735.42,4911.806666666666,3,Silver,run_20260808_212843,2026-08-08T21:28:54.819066+00:00
C01486,65320.86,13064.172,5,Platinum,run_20260808_212843,2026-08-08T21:28:54.819066+00:00
C01487,64775.1,7197.233333333334,9,Gold,run_20260808_212843,2026-08-08T21:28:54.819066+00:00
C01488,8276.33,4138.165,2,Platinum,run_20260808_212843,2026-08-08T21:28:54.819066+00:00
C01489,59138.939999999995,11827.787999999999,5,Bronze,run_20260808_212843,2026-08-08T21:28:54.819066+00:00
C01490,6367.17,3183.585,2,Gold,run_20260808_212843,2026-08-08T21:28:54.819066+00:00
C01491,38427.8,12809.266666666668,3,Platinum,run_20260808_212843,2026-08-08T21:28:54.819066+00:00
C01493,113282.22,12586.913333333334,9,Bronze,run_20260808_212843,2026-08-08T21:28:54.819066+00:00
C01494,47817.45,9563.49,5,Bronze,run_20260808_212843,2026-08-08T21:28:54.819066+00:00
C01495,13381.970000000001,4460.656666666667,3,Platinum,run_20260808_212843,2026-08-08T21:28:54.819066+00:00
C01496,87170.52,14528.42,6,Gold,run_20260808_212843,2026-08-08T21:28:54.819066+00:00
C01497,43463.18,14487.726666666667,3,Silver,run_20260808_212843,2026-08-08T21:28:54.819066+00:00
C01498,71515.23,7151.522999999999,10,Bronze,run_20260808_212843,2026-08-08T21:28:54.819066+00:00
C01499,50137.34,6267.1675,8,Silver,run_20260808_212843,2026-08-08T21:28:54.819066+00:00
C01500,2200.53,2200.53,1,Platinum,run_20260808_212843,2026-08-08T21:28:54.819066+00:00
C01501,18036.04,6012.013333333333,3,Bronze,run_20260808_212843,2026-08-08T21:28:54.819066+00:00
C01502,53051.33,7578.761428571429,7,Silver,run_20260808_212843,2026-08-08T21:28:54.819066+00:00
C01503,22686.88,11343.44,2,Bronze,run_20260808_212843,2026-08-08T21:28:54.819066+00:00
C01504,20318.64,6772.88,3,Silver,run_20260808_212843,2026-08-08T21:28:54.819066+00:00
C01505,38906.61,6484.435,6,Gold,run_20260808_212843,2026-08-08T21:28:54.819066+00:00
C01506,30561.32,10187.106666666667,3,Gold,run_20260808_212843,2026-08-08T21:28:54.819066+00:00
C01507,1597.28,1597.28,1,Platinum,run_20260808_212843,2026-08-08T21:28:54.819066+00:00
C01508,21654.41,3609.068333333333,6,Bronze,run_20260808_212843,2026-08-08T21:28:54.819066+00:00
C01509,57168.28,11433.655999999999,5,Silver,run_20260808_212843,2026-08-08T21:28:54.819066+00:00
C01510,42966.91,8593.382000000001,5,Platinum,run_20260808_212843,2026-08-08T21:28:54.819066+00:00
C01511,95011.95,11876.49375,8,Gold,run_20260808_212843,2026-08-08T21:28:54.819066+00:00
C01512,40260.42,10065.105,4,Gold,run_20260808_212843,2026-08-08T21:28:54.819066+00:00
C01513,40828.58,6804.763333333333,6,Platinum,run_20260808_212843,2026-08-08T21:28:54.819066+00:00
C01514,35383.15,8845.7875,4,Bronze,run_20260808_212843,2026-08-08T21:28:54.819066+00:00
C01515,33521.34,5586.889999999999,6,Silver,run_20260808_212843,2026-08-08T21:28:54.819066+00:00
C01516,43550.8,10887.7,4,Gold,run_20260808_212843,2026-08-08T21:28:54.819066+00:00
C01517,35413.55,7082.710000000001,5,Platinum,run_20260808_212843,2026-08-08T21:28:54.819066+00:00
C01518,42344.38,8468.876,5,Gold,run_20260808_212843,2026-08-08T21:28:54.819066+00:00
C01519,35465.23,7093.046,5,Gold,run_20260808_212843,2026-08-08T21:28:54.819066+00:00
C01520,57318.48,9553.08,6,Silver,run_20260808_212843,2026-08-08T21:28:54.819066+00:00
C01521,67910.16,7545.573333333334,9,Bronze,run_20260808_212843,2026-08-08T21:28:54.819066+00:00
C01522,48468.46,9693.692,5,Bronze,run_20260808_212843,2026-08-08T21:28:54.819066+00:00
C01523,62925.63,6292.563,10,Silver,run_20260808_212843,2026-08-08T21:28:54.819066+00:00
C01524,22835.46,5708.865,4,Platinum,run_20260808_212843,2026-08-08T21:28:54.819066+00:00
C01525,6981.93,3490.965,2,Platinum,run_20260808_212843,2026-08-08T21:28:54.819066+00:00
C01526,71573.18000000001,8946.647500000001,8,Bronze,run_20260808_212843,2026-08-08T21:28:54.819066+00:00
C01527,12069.17,4023.056666666667,3,Gold,run_20260808_212843,2026-08-08T21:28:54.819066+00:00
C01528,58579.81,8368.544285714286,7,Gold,run_20260808_212843,2026-08-08T21:28:54.819066+00:00
C01529,47684.630000000005,6812.090000000001,7,Platinum,run_20260808_212843,2026-08-08T21:28:54.819066+00:00
C01530,32210.99,6442.198,5,Silver,run_20260808_212843,2026-08-08T21:28:54.819066+00:00
C01531,14176.61,4725.536666666667,3,Gold,run_20260808_212843,2026-08-08T21:28:54.819066+00:00
C01532,72437.8,9054.725,8,Platinum,run_20260808_212843,2026-08-08T21:28:54.819066+00:00
C01533,37512.81,6252.134999999999,6,Silver,run_20260808_212843,2026-08-08T21:28:54.819066+00:00
C01534,48568.299999999996,6938.328571428571,7,Bronze,run_20260808_212843,2026-08-08T21:28:54.819066+00:00
C01535,68449.61,13689.922,5,Silver,run_20260808_212843,2026-08-08T21:28:54.819066+00:00
C01536,25206.38,6301.595,4,Bronze,run_20260808_212843,2026-08-08T21:28:54.819066+00:00
C01537,44617.88,6373.982857142857,7,Platinum,run_20260808_212843,2026-08-08T21:28:54.819066+00:00
C01538,77285.4,12880.9,6,Silver,run_20260808_212843,2026-08-08T21:28:54.819066+00:00
C01539,47493.22,7915.536666666667,6,Platinum,run_20260808_212843,2026-08-08T21:28:54.819066+00:00
C01540,8246.28,8246.28,1,Bronze,run_20260808_212843,2026-08-08T21:28:54.819066+00:00
C01541,16018.63,4004.6575,4,Gold,run_20260808_212843,2026-08-08T21:28:54.819066+00:00
C01542,36664.69,6110.781666666667,6,Gold,run_20260808_212843,2026-08-08T21:28:54.819066+00:00
C01543,37413.880000000005,6235.646666666667,6,Bronze,run_20260808_212843,2026-08-08T21:28:54.819066+00:00
C01544,40487.119999999995,10121.779999999999,4,Gold,run_20260808_212843,2026-08-08T21:28:54.819066+00:00
C01545,22081.71,5520.4275,4,Gold,run_20260808_212843,2026-08-08T21:28:54.819066+00:00
C01546,70289.31,11714.885,6,Silver,run_20260808_212843,2026-08-08T21:28:54.819066+00:00
C01547,37485.45,6247.575,6,Silver,run_20260808_212843,2026-08-08T21:28:54.819066+00:00
C01548,52877.259999999995,10575.452,5,Gold,run_20260808_212843,2026-08-08T21:28:54.819066+00:00
C01549,22595.570000000003,7531.8566666666675,3,Silver,run_20260808_212843,2026-08-08T21:28:54.819066+00:00
C01550,61535.44,12307.088,5,Bronze,run_20260808_212843,2026-08-08T21:28:54.819066+00:00
C01551,58829.06,8404.151428571427,7,Silver,run_20260808_212843,2026-08-08T21:28:54.819066+00:00
C01552,22022.0,5505.5,4,Silver,run_20260808_212843,2026-08-08T21:28:54.819066+00:00
C01553,38557.3,5508.185714285714,7,Silver,run_20260808_212843,2026-08-08T21:28:54.819066+00:00
C01554,23956.050000000003,5989.012500000001,4,Platinum,run_20260808_212843,2026-08-08T21:28:54.819066+00:00
C01555,17118.79,4279.6975,4,Bronze,run_20260808_212843,2026-08-08T21:28:54.819066+00:00
C01556,47753.66,7958.943333333334,6,Gold,run_20260808_212843,2026-08-08T21:28:54.819066+00:00
C01557,16557.77,4139.4425,4,Gold,run_20260808_212843,2026-08-08T21:28:54.819066+00:00
C01558,71701.91,10243.130000000001,7,Platinum,run_20260808_212843,2026-08-08T21:28:54.819066+00:00
C01559,55084.75,7869.25,7,Silver,run_20260808_212843,2026-08-08T21:28:54.819066+00:00
C01560,7315.11,7315.11,1,Bronze,run_20260808_212843,2026-08-08T21:28:54.819066+00:00
C01561,36792.56,5256.08,7,Bronze,run_20260808_212843,2026-08-08T21:28:54.819066+00:00
C01562,62337.34,7792.1675,8,Gold,run_20260808_212843,2026-08-08T21:28:54.819066+00:00
C01563,56489.840000000004,8069.977142857143,7,Platinum,run_20260808_212843,2026-08-08T21:28:54.819066+00:00
C01564,13892.8,3473.2,4,Platinum,run_20260808_212843,2026-08-08T21:28:54.819066+00:00
C01565,39993.33,5713.332857142857,7,Platinum,run_20260808_212843,2026-08-08T21:28:54.819066+00:00
C01566,28930.95,7232.7375,4,Platinum,run_20260808_212843,2026-08-08T21:28:54.819066+00:00
C01567,20116.53,4023.3059999999996,5,Bronze,run_20260808_212843,2026-08-08T21:28:54.819066+00:00
C01568,29959.17,5991.834,5,Silver,run_20260808_212843,2026-08-08T21:28:54.819066+00:00
C01569,54902.57,7843.2242857142855,7,Gold,run_20260808_212843,2026-08-08T21:28:54.819066+00:00
C01570,4698.2,2349.1,2,Bronze,run_20260808_212843,2026-08-08T21:28:54.819066+00:00
C01571,41923.04,4192.304,10,Platinum,run_20260808_212843,2026-08-08T21:28:54.819066+00:00
C01572,20690.77,10345.385,2,Platinum,run_20260808_212843,2026-08-08T21:28:54.819066+00:00
C01573,52666.43,10533.286,5,Gold,run_20260808_212843,2026-08-08T21:28:54.819066+00:00
C01574,44509.880000000005,5563.735000000001,8,Silver,run_20260808_212843,2026-08-08T21:28:54.819066+00:00
C01575,72501.51000000001,12083.585000000001,6,Silver,run_20260808_212843,2026-08-08T21:28:54.819066+00:00
C01576,55512.35,9252.058333333332,6,Silver,run_20260808_212843,2026-08-08T21:28:54.819066+00:00
C01577,50326.69,12581.6725,4,Platinum,run_20260808_212843,2026-08-08T21:28:54.819066+00:00
C01578,53971.63,10794.326,5,Bronze,run_20260808_212843,2026-08-08T21:28:54.819066+00:00
C01579,24034.26,8011.419999999999,3,Bronze,run_20260808_212843,2026-08-08T21:28:54.819066+00:00
C01580,30978.67,5163.111666666667,6,Silver,run_20260808_212843,2026-08-08T21:28:54.819066+00:00
C01581,16187.269999999999,4046.8174999999997,4,Gold,run_20260808_212843,2026-08-08T21:28:54.819066+00:00
C01582,18070.73,3614.1459999999997,5,Silver,run_20260808_212843,2026-08-08T21:28:54.819066+00:00
C01583,36722.24,7344.447999999999,5,Silver,run_20260808_212843,2026-08-08T21:28:54.819066+00:00
C01584,87021.81999999999,6693.986153846154,13,Gold,run_20260808_212843,2026-08-08T21:28:54.819066+00:00
C01585,28713.58,14356.79,2,Silver,run_20260808_212843,2026-08-08T21:28:54.819066+00:00
C01586,23272.850000000002,7757.616666666668,3,Gold,run_20260808_212843,2026-08-08T21:28:54.819066+00:00
C01587,64935.96,8116.995,8,Gold,run_20260808_212843,2026-08-08T21:28:54.819066+00:00
C01588,45263.11,7543.8516666666665,6,Bronze,run_20260808_212843,2026-08-08T21:28:54.819066+00:00
C01589,20360.6,5090.15,4,Gold,run_20260808_212843,2026-08-08T21:28:54.819066+00:00
C01590,34221.71,4277.71375,8,Silver,run_20260808_212843,2026-08-08T21:28:54.819066+00:00
C01591,20150.83,10075.415,2,Gold,run_20260808_212843,2026-08-08T21:28:54.819066+00:00
C01592,16907.1,5635.7,3,Silver,run_20260808_212843,2026-08-08T21:28:54.819066+00:00
C01593,24706.760000000002,4117.793333333334,6,Gold,run_20260808_212843,2026-08-08T21:28:54.819066+00:00
C01594,37050.520000000004,12350.173333333334,3,Bronze,run_20260808_212843,2026-08-08T21:28:54.819066+00:00
C01595,19955.300000000003,3991.0600000000004,5,Silver,run_20260808_212843,2026-08-08T21:28:54.819066+00:00
C01596,35608.36,11869.453333333333,3,Silver,run_20260808_212843,2026-08-08T21:28:54.819066+00:00
C01597,85006.4,12143.771428571428,7,Silver,run_20260808_212843,2026-08-08T21:28:54.819066+00:00
C01598,65486.600000000006,16371.650000000001,4,Gold,run_20260808_212843,2026-08-08T21:28:54.819066+00:00
C01599,13720.14,6860.07,2,Bronze,run_20260808_212843,2026-08-08T21:28:54.819066+00:00
C01600,27610.479999999996,5522.096,5,Bronze,run_20260808_212843,2026-08-08T21:28:54.819066+00:00
C01601,29769.31,7442.3275,4,Bronze,run_20260808_212843,2026-08-08T21:28:54.819066+00:00
C01602,30612.09,6122.418,5,Bronze,run_20260808_212843,2026-08-08T21:28:54.819066+00:00
C01603,85768.20999999999,14294.701666666666,6,Gold,run_20260808_212843,2026-08-08T21:28:54.819066+00:00
C01604,32889.37,8222.3425,4,Silver,run_20260808_212843,2026-08-08T21:28:54.819066+00:00
C01605,42858.74,10714.685,4,Platinum,run_20260808_212843,2026-08-08T21:28:54.819066+00:00
C01606,59777.35,8539.621428571429,7,Bronze,run_20260808_212843,2026-08-08T21:28:54.819066+00:00
C01607,10979.97,2744.9925,4,Platinum,run_20260808_212843,2026-08-08T21:28:54.819066+00:00
C01608,38020.38,7604.075999999999,5,Gold,run_20260808_212843,2026-08-08T21:28:54.819066+00:00
C01609,72194.3,12032.383333333333,6,Gold,run_20260808_212843,2026-08-08T21:28:54.819066+00:00
C01610,65543.89,13108.778,5,Platinum,run_20260808_212843,2026-08-08T21:28:54.819066+00:00
C01611,1860.6,1860.6,1,Silver,run_20260808_212843,2026-08-08T21:28:54.819066+00:00
C01612,35503.71,5071.958571428571,7,Platinum,run_20260808_212843,2026-08-08T21:28:54.819066+00:00
C01613,29288.77,4184.11,7,Gold,run_20260808_212843,2026-08-08T21:28:54.819066+00:00
C01614,52393.130000000005,8732.188333333334,6,Platinum,run_20260808_212843,2026-08-08T21:28:54.819066+00:00
C01615,32217.559999999998,8054.389999999999,4,Bronze,run_20260808_212843,2026-08-08T21:28:54.819066+00:00
C01616,68260.18000000001,8532.522500000001,8,Bronze,run_20260808_212843,2026-08-08T21:28:54.819066+00:00
C01617,29895.73,9965.243333333334,3,Silver,run_20260808_212843,2026-08-08T21:28:54.819066+00:00
C01618,37935.87,12645.29,3,Platinum,run_20260808_212843,2026-08-08T21:28:54.819066+00:00
C01619,65451.240000000005,16362.810000000001,4,Platinum,run_20260808_212843,2026-08-08T21:28:54.819066+00:00
C01620,32855.729999999996,8213.932499999999,4,Platinum,run_20260808_212843,2026-08-08T21:28:54.819066+00:00
C01621,27167.94,9055.98,3,Platinum,run_20260808_212843,2026-08-08T21:28:54.819066+00:00
C01622,73894.28,8210.475555555555,9,Silver,run_20260808_212843,2026-08-08T21:28:54.819066+00:00
C01623,20911.92,3485.3199999999997,6,Gold,run_20260808_212843,2026-08-08T21:28:54.819066+00:00
C01624,67072.86,9581.837142857143,7,Silver,run_20260808_212843,2026-08-08T21:28:54.819066+00:00
C01625,71998.01,7199.8009999999995,10,Gold,run_20260808_212843,2026-08-08T21:28:54.819066+00:00
C01626,83617.38,8361.738000000001,10,Gold,run_20260808_212843,2026-08-08T21:28:54.819066+00:00
C01627,48242.759999999995,6030.344999999999,8,Gold,run_20260808_212843,2026-08-08T21:28:54.819066+00:00
C01628,61756.19,6175.619000000001,10,Platinum,run_20260808_212843,2026-08-08T21:28:54.819066+00:00
C01629,76149.23,10878.461428571429,7,Silver,run_20260808_212843,2026-08-08T21:28:54.819066+00:00
C01630,39650.33,5664.332857142857,7,Gold,run_20260808_212843,2026-08-08T21:28:54.819066+00:00
C01631,56426.17,7053.27125,8,Bronze,run_20260808_212843,2026-08-08T21:28:54.819066+00:00
C01632,54713.01,9118.835000000001,6,Gold,run_20260808_212843,2026-08-08T21:28:54.819066+00:00
C01633,81310.12,9034.457777777778,9,Silver,run_20260808_212843,2026-08-08T21:28:54.819066+00:00
C01634,28627.53,7156.8825,4,Platinum,run_20260808_212843,2026-08-08T21:28:54.819066+00:00
C01635,26691.01,6672.7525,4,Bronze,run_20260808_212843,2026-08-08T21:28:54.819066+00:00
C01636,22598.22,7532.740000000001,3,Gold,run_20260808_212843,2026-08-08T21:28:54.819066+00:00
C01637,31923.199999999997,10641.066666666666,3,Platinum,run_20260808_212843,2026-08-08T21:28:54.819066+00:00
C01638,20038.73,3339.7883333333334,6,Silver,run_20260808_212843,2026-08-08T21:28:54.819066+00:00
C01639,5014.76,1671.5866666666668,3,Silver,run_20260808_212843,2026-08-08T21:28:54.819066+00:00
C01640,23074.339999999997,4614.8679999999995,5,Bronze,run_20260808_212843,2026-08-08T21:28:54.819066+00:00
C01641,29571.29,5914.258,5,Bronze,run_20260808_212843,2026-08-08T21:28:54.819066+00:00
C01642,22707.33,3243.904285714286,7,Gold,run_20260808_212843,2026-08-08T21:28:54.819066+00:00
C01643,43702.93,5462.86625,8,Platinum,run_20260808_212843,2026-08-08T21:28:54.819066+00:00
C01644,29035.51,7258.8775,4,Platinum,run_20260808_212843,2026-08-08T21:28:54.819066+00:00
C01645,58620.369999999995,6513.374444444444,9,Silver,run_20260808_212843,2026-08-08T21:28:54.819066+00:00
C01646,15193.08,5064.36,3,Silver,run_20260808_212843,2026-08-08T21:28:54.819066+00:00
C01647,66526.64,8315.83,8,Gold,run_20260808_212843,2026-08-08T21:28:54.819066+00:00
C01648,27766.16,9255.386666666667,3,Gold,run_20260808_212843,2026-08-08T21:28:54.819066+00:00
C01649,21982.55,10991.275,2,Silver,run_20260808_212843,2026-08-08T21:28:54.819066+00:00
C01650,26898.46,6724.615,4,Silver,run_20260808_212843,2026-08-08T21:28:54.819066+00:00
C01651,62124.270000000004,8874.895714285714,7,Platinum,run_20260808_212843,2026-08-08T21:28:54.819066+00:00
C01652,40575.28,10143.82,4,Platinum,run_20260808_212843,2026-08-08T21:28:54.819066+00:00
C01653,52451.57,8741.928333333333,6,Platinum,run_20260808_212843,2026-08-08T21:28:54.819066+00:00
C01654,66831.32,9547.33142857143,7,Gold,run_20260808_212843,2026-08-08T21:28:54.819066+00:00
C01655,45341.31,7556.884999999999,6,Platinum,run_20260808_212843,2026-08-08T21:28:54.819066+00:00
C01656,60089.58,8584.225714285714,7,Bronze,run_20260808_212843,2026-08-08T21:28:54.819066+00:00
C01657,4437.34,4437.34,1,Bronze,run_20260808_212843,2026-08-08T21:28:54.819066+00:00
C01658,62577.66,8939.665714285715,7,Platinum,run_20260808_212843,2026-08-08T21:28:54.819066+00:00
C01659,55557.61,7936.801428571429,7,Platinum,run_20260808_212843,2026-08-08T21:28:54.819066+00:00
C01660,16063.83,5354.61,3,Silver,run_20260808_212843,2026-08-08T21:28:54.819066+00:00
C01661,24021.25,6005.3125,4,Silver,run_20260808_212843,2026-08-08T21:28:54.819066+00:00
C01662,44385.97,8877.194,5,Gold,run_20260808_212843,2026-08-08T21:28:54.819066+00:00
C01663,14281.11,7140.555,2,Bronze,run_20260808_212843,2026-08-08T21:28:54.819066+00:00
C01664,54924.020000000004,7846.288571428572,7,Bronze,run_20260808_212843,2026-08-08T21:28:54.819066+00:00
C01665,79563.68,11366.24,7,Gold,run_20260808_212843,2026-08-08T21:28:54.819066+00:00
C01666,62823.01,7852.87625,8,Platinum,run_20260808_212843,2026-08-08T21:28:54.819066+00:00
C01667,20408.920000000002,10204.460000000001,2,Platinum,run_20260808_212843,2026-08-08T21:28:54.819066+00:00
C01668,17159.22,5719.740000000001,3,Gold,run_20260808_212843,2026-08-08T21:28:54.819066+00:00
C01669,45372.8,9074.560000000001,5,Bronze,run_20260808_212843,2026-08-08T21:28:54.819066+00:00
C01670,12333.470000000001,4111.156666666667,3,Bronze,run_20260808_212843,2026-08-08T21:28:54.819066+00:00
C01671,30028.999999999996,7507.249999999999,4,Platinum,run_20260808_212843,2026-08-08T21:28:54.819066+00:00
C01672,30034.519999999997,7508.629999999999,4,Silver,run_20260808_212843,2026-08-08T21:28:54.819066+00:00
C01673,26495.91,6623.9775,4,Gold,run_20260808_212843,2026-08-08T21:28:54.819066+00:00
C01674,12687.04,6343.52,2,Gold,run_20260808_212843,2026-08-08T21:28:54.819066+00:00
C01675,60163.41,7520.42625,8,Platinum,run_20260808_212843,2026-08-08T21:28:54.819066+00:00
C01676,39504.799999999996,9876.199999999999,4,Gold,run_20260808_212843,2026-08-08T21:28:54.819066+00:00
C01677,39768.549999999996,7953.709999999999,5,Bronze,run_20260808_212843,2026-08-08T21:28:54.819066+00:00
C01678,9733.15,3244.383333333333,3,Platinum,run_20260808_212843,2026-08-08T21:28:54.819066+00:00
C01679,28990.09,7247.5225,4,Bronze,run_20260808_212843,2026-08-08T21:28:54.819066+00:00
C01680,24782.5,12391.25,2,Silver,run_20260808_212843,2026-08-08T21:28:54.819066+00:00
C01681,39904.62,9976.155,4,Gold,run_20260808_212843,2026-08-08T21:28:54.819066+00:00
C01682,19595.11,3265.851666666667,6,Gold,run_20260808_212843,2026-08-08T21:28:54.819066+00:00
C01683,44911.17,7485.195,6,Bronze,run_20260808_212843,2026-08-08T21:28:54.819066+00:00
C01684,26319.78,6579.945,4,Platinum,run_20260808_212843,2026-08-08T21:28:54.819066+00:00
C01685,11574.9,3858.2999999999997,3,Platinum,run_20260808_212843,2026-08-08T21:28:54.819066+00:00
C01686,87888.44,10986.055,8,Gold,run_20260808_212843,2026-08-08T21:28:54.819066+00:00
C01687,17660.86,5886.953333333334,3,Bronze,run_20260808_212843,2026-08-08T21:28:54.819066+00:00
C01688,13683.38,6841.69,2,Silver,run_20260808_212843,2026-08-08T21:28:54.819066+00:00
C01689,26130.7,8710.233333333334,3,Bronze,run_20260808_212843,2026-08-08T21:28:54.819066+00:00
C01690,58844.81,11768.962,5,Platinum,run_20260808_212843,2026-08-08T21:28:54.819066+00:00
C01691,21219.89,5304.9725,4,Gold,run_20260808_212843,2026-08-08T21:28:54.819066+00:00
C01692,70637.7,8829.7125,8,Gold,run_20260808_212843,2026-08-08T21:28:54.819066+00:00
C01693,25466.69,5093.338,5,Gold,run_20260808_212843,2026-08-08T21:28:54.819066+00:00
C01694,43801.600000000006,14600.533333333335,3,Silver,run_20260808_212843,2026-08-08T21:28:54.819066+00:00
C01695,32851.159999999996,8212.789999999999,4,Silver,run_20260808_212843,2026-08-08T21:28:54.819066+00:00
C01696,12025.12,2405.0240000000003,5,Platinum,run_20260808_212843,2026-08-08T21:28:54.819066+00:00
C01697,36521.33,7304.2660000000005,5,Bronze,run_20260808_212843,2026-08-08T21:28:54.819066+00:00
C01698,49506.94,8251.156666666668,6,Bronze,run_20260808_212843,2026-08-08T21:28:54.819066+00:00
C01699,43801.75,8760.35,5,Bronze,run_20260808_212843,2026-08-08T21:28:54.819066+00:00
C01700,32710.91,5451.818333333334,6,Silver,run_20260808_212843,2026-08-08T21:28:54.819066+00:00
C01701,2349.49,1174.745,2,Gold,run_20260808_212843,2026-08-08T21:28:54.819066+00:00
C01702,28468.05,4744.675,6,Platinum,run_20260808_212843,2026-08-08T21:28:54.819066+00:00
C01703,42813.31,7135.551666666666,6,Platinum,run_20260808_212843,2026-08-08T21:28:54.819066+00:00
C01704,70460.85,8807.60625,8,Silver,run_20260808_212843,2026-08-08T21:28:54.819066+00:00
C01705,74804.37,8311.596666666666,9,Silver,run_20260808_212843,2026-08-08T21:28:54.819066+00:00
C01706,16242.740000000002,5414.246666666667,3,Gold,run_20260808_212843,2026-08-08T21:28:54.819066+00:00
C01707,51302.869999999995,8550.478333333333,6,Gold,run_20260808_212843,2026-08-08T21:28:54.819066+00:00
C01708,43418.24,8683.648,5,Silver,run_20260808_212843,2026-08-08T21:28:54.819066+00:00
C01709,20227.55,10113.775,2,Platinum,run_20260808_212843,2026-08-08T21:28:54.819066+00:00
C01710,44334.31,8866.862,5,Gold,run_20260808_212843,2026-08-08T21:28:54.819066+00:00
C01711,96780.20999999999,13825.744285714285,7,Gold,run_20260808_212843,2026-08-08T21:28:54.819066+00:00
C01712,34808.619999999995,11602.873333333331,3,Platinum,run_20260808_212843,2026-08-08T21:28:54.819066+00:00
C01713,22518.29,5629.5725,4,Gold,run_20260808_212843,2026-08-08T21:28:54.819066+00:00
C01714,78335.06,13055.843333333332,6,Platinum,run_20260808_212843,2026-08-08T21:28:54.819066+00:00
C01715,27395.37,9131.789999999999,3,Bronze,run_20260808_212843,2026-08-08T21:28:54.819066+00:00
C01716,55814.09,11162.818,5,Gold,run_20260808_212843,2026-08-08T21:28:54.819066+00:00
C01717,20236.7,4047.34,5,Gold,run_20260808_212843,2026-08-08T21:28:54.819066+00:00
C01718,52903.99,10580.797999999999,5,Bronze,run_20260808_212843,2026-08-08T21:28:54.819066+00:00
C01719,48808.35,9761.67,5,Platinum,run_20260808_212843,2026-08-08T21:28:54.819066+00:00
C01720,1734.16,1734.16,1,Gold,run_20260808_212843,2026-08-08T21:28:54.819066+00:00
C01721,24581.35,4916.2699999999995,5,Bronze,run_20260808_212843,2026-08-08T21:28:54.819066+00:00
C01722,66504.42,7389.38,9,Platinum,run_20260808_212843,2026-08-08T21:28:54.819066+00:00
C01723,84656.38,9406.264444444445,9,Gold,run_20260808_212843,2026-08-08T21:28:54.819066+00:00
C01724,39921.44,9980.36,4,Silver,run_20260808_212843,2026-08-08T21:28:54.819066+00:00
C01725,38927.2,7785.44,5,Bronze,run_20260808_212843,2026-08-08T21:28:54.819066+00:00
C01726,24580.38,4916.076,5,Platinum,run_20260808_212843,2026-08-08T21:28:54.819066+00:00
C01727,51151.78999999999,5683.532222222221,9,Silver,run_20260808_212843,2026-08-08T21:28:54.819066+00:00
C01728,11941.689999999999,5970.844999999999,2,Platinum,run_20260808_212843,2026-08-08T21:28:54.819066+00:00
C01729,33615.58,5602.596666666667,6,Silver,run_20260808_212843,2026-08-08T21:28:54.819066+00:00
C01730,23789.579999999998,7929.86,3,Silver,run_20260808_212843,2026-08-08T21:28:54.819066+00:00
C01731,16026.66,8013.33,2,Bronze,run_20260808_212843,2026-08-08T21:28:54.819066+00:00
C01732,59607.07,7450.88375,8,Bronze,run_20260808_212843,2026-08-08T21:28:54.819066+00:00
C01733,71273.48,8909.185,8,Silver,run_20260808_212843,2026-08-08T21:28:54.819066+00:00
C01734,53922.270000000004,13480.567500000001,4,Bronze,run_20260808_212843,2026-08-08T21:28:54.819066+00:00
C01735,27231.35,5446.2699999999995,5,Platinum,run_20260808_212843,2026-08-08T21:28:54.819066+00:00
C01736,20482.34,6827.446666666667,3,Gold,run_20260808_212843,2026-08-08T21:28:54.819066+00:00
C01737,41355.66,8271.132000000001,5,Platinum,run_20260808_212843,2026-08-08T21:28:54.819066+00:00
C01738,28524.77,7131.1925,4,Silver,run_20260808_212843,2026-08-08T21:28:54.819066+00:00
C01739,17049.05,17049.05,1,Platinum,run_20260808_212843,2026-08-08T21:28:54.819066+00:00
C01740,39604.439999999995,9901.109999999999,4,Silver,run_20260808_212843,2026-08-08T21:28:54.819066+00:00
C01741,41536.85,10384.2125,4,Platinum,run_20260808_212843,2026-08-08T21:28:54.819066+00:00
C01742,72367.21,9045.90125,8,Platinum,run_20260808_212843,2026-08-08T21:28:54.819066+00:00
C01743,15681.44,7840.72,2,Bronze,run_20260808_212843,2026-08-08T21:28:54.819066+00:00
C01744,43820.79,4868.9766666666665,9,Silver,run_20260808_212843,2026-08-08T21:28:54.819066+00:00
C01745,61002.68,12200.536,5,Silver,run_20260808_212843,2026-08-08T21:28:54.819066+00:00
C01746,55203.72,7886.245714285715,7,Gold,run_20260808_212843,2026-08-08T21:28:54.819066+00:00
C01747,49464.63,7066.375714285714,7,Platinum,run_20260808_212843,2026-08-08T21:28:54.819066+00:00
C01748,70506.37,10072.33857142857,7,Platinum,run_20260808_212843,2026-08-08T21:28:54.819066+00:00
C01749,49166.57,8194.428333333333,6,Gold,run_20260808_212843,2026-08-08T21:28:54.819066+00:00
C01750,16889.23,4222.3075,4,Silver,run_20260808_212843,2026-08-08T21:28:54.819066+00:00
C01751,60483.42,6720.38,9,Platinum,run_20260808_212843,2026-08-08T21:28:54.819066+00:00
C01752,45984.76,7664.126666666667,6,Gold,run_20260808_212843,2026-08-08T21:28:54.819066+00:00
C01753,50418.740000000005,10083.748000000001,5,Gold,run_20260808_212843,2026-08-08T21:28:54.819066+00:00
C01754,26891.809999999998,8963.936666666666,3,Gold,run_20260808_212843,2026-08-08T21:28:54.819066+00:00
C01755,20260.91,10130.455,2,Platinum,run_20260808_212843,2026-08-08T21:28:54.819066+00:00
C01756,38012.57,9503.1425,4,Silver,run_20260808_212843,2026-08-08T21:28:54.819066+00:00
C01757,59561.79,8508.827142857142,7,Silver,run_20260808_212843,2026-08-08T21:28:54.819066+00:00
C01758,12187.92,6093.96,2,Gold,run_20260808_212843,2026-08-08T21:28:54.819066+00:00
C01759,42105.53,6015.075714285714,7,Gold,run_20260808_212843,2026-08-08T21:28:54.819066+00:00
C01760,20988.14,5247.035,4,Silver,run_20260808_212843,2026-08-08T21:28:54.819066+00:00
C01761,39957.240000000005,5708.177142857144,7,Gold,run_20260808_212843,2026-08-08T21:28:54.819066+00:00
C01762,36720.29,9180.0725,4,Gold,run_20260808_212843,2026-08-08T21:28:54.819066+00:00
C01763,20182.3,5045.575,4,Silver,run_20260808_212843,2026-08-08T21:28:54.819066+00:00
C01764,30982.39,5163.731666666667,6,Platinum,run_20260808_212843,2026-08-08T21:28:54.819066+00:00
C01765,40647.0,6774.5,6,Gold,run_20260808_212843,2026-08-08T21:28:54.819066+00:00
C01766,32966.57,10988.856666666667,3,Platinum,run_20260808_212843,2026-08-08T21:28:54.819066+00:00
C01767,59547.899999999994,8506.842857142856,7,Gold,run_20260808_212843,2026-08-08T21:28:54.819066+00:00
C01768,42635.39,7105.8983333333335,6,Gold,run_20260808_212843,2026-08-08T21:28:54.819066+00:00
C01769,3307.28,1102.4266666666667,3,Gold,run_20260808_212843,2026-08-08T21:28:54.819066+00:00
C01770,38971.58,7794.316000000001,5,Bronze,run_20260808_212843,2026-08-08T21:28:54.819066+00:00
C01771,34386.17,11462.056666666665,3,Platinum,run_20260808_212843,2026-08-08T21:28:54.819066+00:00
C01772,26717.81,4452.968333333333,6,Platinum,run_20260808_212843,2026-08-08T21:28:54.819066+00:00
C01773,49538.47,8256.411666666667,6,Gold,run_20260808_212843,2026-08-08T21:28:54.819066+00:00
C01774,2658.4,2658.4,1,Silver,run_20260808_212843,2026-08-08T21:28:54.819066+00:00
C01775,67843.26,7538.139999999999,9,Gold,run_20260808_212843,2026-08-08T21:28:54.819066+00:00
C01776,68548.76,8568.595,8,Bronze,run_20260808_212843,2026-08-08T21:28:54.819066+00:00
C01777,62559.32,12511.864,5,Gold,run_20260808_212843,2026-08-08T21:28:54.819066+00:00
C01778,30097.52,10032.506666666666,3,Bronze,run_20260808_212843,2026-08-08T21:28:54.819066+00:00
C01779,17046.010000000002,3409.202,5,Gold,run_20260808_212843,2026-08-08T21:28:54.819066+00:00
C01780,30496.25,5082.708333333333,6,Platinum,run_20260808_212843,2026-08-08T21:28:54.819066+00:00
C01781,5965.8,2982.9,2,Gold,run_20260808_212843,2026-08-08T21:28:54.819066+00:00
C01782,28540.78,7135.195,4,Platinum,run_20260808_212843,2026-08-08T21:28:54.819066+00:00
C01783,49659.16,5517.684444444445,9,Silver,run_20260808_212843,2026-08-08T21:28:54.819066+00:00
C01784,40612.86,6768.81,6,Silver,run_20260808_212843,2026-08-08T21:28:54.819066+00:00
C01785,9873.51,9873.51,1,Gold,run_20260808_212843,2026-08-08T21:28:54.819066+00:00
C01786,28026.94,5605.388,5,Gold,run_20260808_212843,2026-08-08T21:28:54.819066+00:00
C01787,43635.39,6233.627142857143,7,Silver,run_20260808_212843,2026-08-08T21:28:54.819066+00:00
C01788,18143.47,6047.823333333334,3,Bronze,run_20260808_212843,2026-08-08T21:28:54.819066+00:00
C01789,50566.479999999996,10113.295999999998,5,Silver,run_20260808_212843,2026-08-08T21:28:54.819066+00:00
C01790,23798.019999999997,4759.603999999999,5,Silver,run_20260808_212843,2026-08-08T21:28:54.819066+00:00
C01791,39359.72,6559.953333333334,6,Bronze,run_20260808_212843,2026-08-08T21:28:54.819066+00:00
C01792,23419.88,7806.626666666667,3,Silver,run_20260808_212843,2026-08-08T21:28:54.819066+00:00
C01793,29106.33,7276.5825,4,Silver,run_20260808_212843,2026-08-08T21:28:54.819066+00:00
C01794,21322.49,5330.6225,4,Bronze,run_20260808_212843,2026-08-08T21:28:54.819066+00:00
C01795,56585.979999999996,8083.711428571428,7,Bronze,run_20260808_212843,2026-08-08T21:28:54.819066+00:00
C01796,75708.28,10815.468571428572,7,Platinum,run_20260808_212843,2026-08-08T21:28:54.819066+00:00
C01797,35472.200000000004,8868.050000000001,4,Gold,run_20260808_212843,2026-08-08T21:28:54.819066+00:00
C01798,72220.26000000001,12036.710000000001,6,Platinum,run_20260808_212843,2026-08-08T21:28:54.819066+00:00
C01799,9946.150000000001,3315.3833333333337,3,Bronze,run_20260808_212843,2026-08-08T21:28:54.819066+00:00
C01800,37067.21,5295.315714285714,7,Silver,run_20260808_212843,2026-08-08T21:28:54.819066+00:00
C01801,40103.82000000001,10025.955000000002,4,Bronze,run_20260808_212843,2026-08-08T21:28:54.819066+00:00
C01802,44294.21,4921.578888888889,9,Silver,run_20260808_212843,2026-08-08T21:28:54.819066+00:00
C01803,58257.83,8322.547142857144,7,Platinum,run_20260808_212843,2026-08-08T21:28:54.819066+00:00
C01804,25581.53,8527.176666666666,3,Platinum,run_20260808_212843,2026-08-08T21:28:54.819066+00:00
C01805,29659.19,4943.198333333333,6,Platinum,run_20260808_212843,2026-08-08T21:28:54.819066+00:00
C01806,75867.44,12644.573333333334,6,Silver,run_20260808_212843,2026-08-08T21:28:54.819066+00:00
C01807,18421.45,9210.725,2,Gold,run_20260808_212843,2026-08-08T21:28:54.819066+00:00
C01808,55590.92,6948.865,8,Gold,run_20260808_212843,2026-08-08T21:28:54.819066+00:00
C01809,64620.93,12924.186,5,Gold,run_20260808_212843,2026-08-08T21:28:54.819066+00:00
C01810,47892.18,7982.03,6,Bronze,run_20260808_212843,2026-08-08T21:28:54.819066+00:00
C01811,52890.55,5876.727777777778,9,Bronze,run_20260808_212843,2026-08-08T21:28:54.819066+00:00
C01812,26249.3,8749.766666666666,3,Silver,run_20260808_212843,2026-08-08T21:28:54.819066+00:00
C01813,90059.81,9005.981,10,Bronze,run_20260808_212843,2026-08-08T21:28:54.819066+00:00
C01814,45085.270000000004,7514.211666666667,6,Silver,run_20260808_212843,2026-08-08T21:28:54.819066+00:00
C01815,45933.130000000005,6561.875714285715,7,Platinum,run_20260808_212843,2026-08-08T21:28:54.819066+00:00
C01816,30098.5,5016.416666666667,6,Silver,run_20260808_212843,2026-08-08T21:28:54.819066+00:00
C01817,52083.490000000005,10416.698,5,Bronze,run_20260808_212843,2026-08-08T21:28:54.819066+00:00
C01818,61851.35,6872.372222222222,9,Platinum,run_20260808_212843,2026-08-08T21:28:54.819066+00:00
C01819,25960.989999999998,6490.2474999999995,4,Platinum,run_20260808_212843,2026-08-08T21:28:54.819066+00:00
C01820,15004.15,15004.15,1,Silver,run_20260808_212843,2026-08-08T21:28:54.819066+00:00
C01821,41439.61,8287.922,5,Gold,run_20260808_212843,2026-08-08T21:28:54.819066+00:00
C01822,21061.17,10530.585,2,Bronze,run_20260808_212843,2026-08-08T21:28:54.819066+00:00
C01823,43510.700000000004,10877.675000000001,4,Bronze,run_20260808_212843,2026-08-08T21:28:54.819066+00:00
C01824,32537.19,5422.865,6,Gold,run_20260808_212843,2026-08-08T21:28:54.819066+00:00
C01825,71350.79,14270.158,5,Bronze,run_20260808_212843,2026-08-08T21:28:54.819066+00:00
C01826,46471.880000000005,9294.376,5,Gold,run_20260808_212843,2026-08-08T21:28:54.819066+00:00
C01827,50706.7,7243.814285714286,7,Gold,run_20260808_212843,2026-08-08T21:28:54.819066+00:00
C01828,35353.76,5892.293333333334,6,Platinum,run_20260808_212843,2026-08-08T21:28:54.819066+00:00
C01829,31737.98,5289.663333333333,6,Platinum,run_20260808_212843,2026-08-08T21:28:54.819066+00:00
C01830,21344.449999999997,4268.889999999999,5,Silver,run_20260808_212843,2026-08-08T21:28:54.819066+00:00
C01831,15186.14,7593.07,2,Platinum,run_20260808_212843,2026-08-08T21:28:54.819066+00:00
C01832,44797.49,11199.3725,4,Gold,run_20260808_212843,2026-08-08T21:28:54.819066+00:00
C01833,8986.95,4493.475,2,Silver,run_20260808_212843,2026-08-08T21:28:54.819066+00:00
C01834,35216.78,8804.195,4,Bronze,run_20260808_212843,2026-08-08T21:28:54.819066+00:00
C01835,4265.98,4265.98,1,Gold,run_20260808_212843,2026-08-08T21:28:54.819066+00:00
C01836,24161.68,8053.893333333333,3,Silver,run_20260808_212843,2026-08-08T21:28:54.819066+00:00
C01837,44870.4,5608.8,8,Platinum,run_20260808_212843,2026-08-08T21:28:54.819066+00:00
C01838,41884.18,8376.836,5,Gold,run_20260808_212843,2026-08-08T21:28:54.819066+00:00
C01839,23979.57,4795.914,5,Silver,run_20260808_212843,2026-08-08T21:28:54.819066+00:00
C01840,41571.85,8314.369999999999,5,Bronze,run_20260808_212843,2026-08-08T21:28:54.819066+00:00
C01841,86164.18,8616.418,10,Gold,run_20260808_212843,2026-08-08T21:28:54.819066+00:00
C01842,3626.1,3626.1,1,Gold,run_20260808_212843,2026-08-08T21:28:54.819066+00:00
C01843,41519.71,8303.942,5,Silver,run_20260808_212843,2026-08-08T21:28:54.819066+00:00
C01844,23986.219999999998,5996.554999999999,4,Silver,run_20260808_212843,2026-08-08T21:28:54.819066+00:00
C01845,47443.49,6777.641428571428,7,Platinum,run_20260808_212843,2026-08-08T21:28:54.819066+00:00
C01846,40636.75,8127.35,5,Platinum,run_20260808_212843,2026-08-08T21:28:54.819066+00:00
C01847,47202.59,9440.518,5,Gold,run_20260808_212843,2026-08-08T21:28:54.819066+00:00
C01848,25272.61,6318.1525,4,Bronze,run_20260808_212843,2026-08-08T21:28:54.819066+00:00
C01849,64458.07000000001,10743.011666666667,6,Platinum,run_20260808_212843,2026-08-08T21:28:54.819066+00:00
C01850,67341.1,9620.157142857144,7,Bronze,run_20260808_212843,2026-08-08T21:28:54.819066+00:00
C01851,48117.5,9623.5,5,Silver,run_20260808_212843,2026-08-08T21:28:54.819066+00:00
C01852,42279.93,6039.99,7,Silver,run_20260808_212843,2026-08-08T21:28:54.819066+00:00
C01853,21419.22,4283.844,5,Platinum,run_20260808_212843,2026-08-08T21:28:54.819066+00:00
C01854,42673.07,7112.178333333333,6,Gold,run_20260808_212843,2026-08-08T21:28:54.819066+00:00
C01855,31940.15,7985.0375,4,Silver,run_20260808_212843,2026-08-08T21:28:54.819066+00:00
C01856,13101.69,13101.69,1,Bronze,run_20260808_212843,2026-08-08T21:28:54.819066+00:00
C01857,53500.71,7642.958571428571,7,Gold,run_20260808_212843,2026-08-08T21:28:54.819066+00:00
C01858,5978.74,5978.74,1,Platinum,run_20260808_212843,2026-08-08T21:28:54.819066+00:00
C01859,55990.97,7998.71,7,Silver,run_20260808_212843,2026-08-08T21:28:54.819066+00:00
C01860,69813.61,13962.722,5,Platinum,run_20260808_212843,2026-08-08T21:28:54.819066+00:00
C01861,40160.95,8032.19,5,Gold,run_20260808_212843,2026-08-08T21:28:54.819066+00:00
C01862,43002.22,14334.073333333334,3,Gold,run_20260808_212843,2026-08-08T21:28:54.819066+00:00
C01863,45943.82,9188.764,5,Gold,run_20260808_212843,2026-08-08T21:28:54.819066+00:00
C01864,19762.66,3293.7766666666666,6,Bronze,run_20260808_212843,2026-08-08T21:28:54.819066+00:00
C01865,26653.72,3331.715,8,Gold,run_20260808_212843,2026-08-08T21:28:54.819066+00:00
C01866,50584.19,10116.838,5,Gold,run_20260808_212843,2026-08-08T21:28:54.819066+00:00
C01867,38610.14,6435.0233333333335,6,Silver,run_20260808_212843,2026-08-08T21:28:54.819066+00:00
C01868,56863.3,8123.328571428572,7,Bronze,run_20260808_212843,2026-08-08T21:28:54.819066+00:00
C01869,58739.66,11747.932,5,Bronze,run_20260808_212843,2026-08-08T21:28:54.819066+00:00
C01870,33088.56,11029.519999999999,3,Platinum,run_20260808_212843,2026-08-08T21:28:54.819066+00:00
C01871,47758.63,15919.543333333333,3,Gold,run_20260808_212843,2026-08-08T21:28:54.819066+00:00
C01872,7063.34,2354.4466666666667,3,Silver,run_20260808_212843,2026-08-08T21:28:54.819066+00:00
C01873,45289.36,11322.34,4,Platinum,run_20260808_212843,2026-08-08T21:28:54.819066+00:00
C01874,30945.670000000002,10315.223333333333,3,Gold,run_20260808_212843,2026-08-08T21:28:54.819066+00:00
C01875,97383.83,8853.075454545455,11,Bronze,run_20260808_212843,2026-08-08T21:28:54.819066+00:00
C01876,47915.15,9583.03,5,Gold,run_20260808_212843,2026-08-08T21:28:54.819066+00:00
C01877,35407.72,5058.245714285715,7,Gold,run_20260808_212843,2026-08-08T21:28:54.819066+00:00
C01878,44633.68,8926.736,5,Silver,run_20260808_212843,2026-08-08T21:28:54.819066+00:00
C01879,40814.39,8162.878,5,Silver,run_20260808_212843,2026-08-08T21:28:54.819066+00:00
C01880,8175.45,2725.15,3,Silver,run_20260808_212843,2026-08-08T21:28:54.819066+00:00
C01881,27688.87,6922.2175,4,Platinum,run_20260808_212843,2026-08-08T21:28:54.819066+00:00
C01882,66573.22,8321.6525,8,Silver,run_20260808_212843,2026-08-08T21:28:54.819066+00:00
C01883,59509.649999999994,9918.275,6,Platinum,run_20260808_212843,2026-08-08T21:28:54.819066+00:00
C01884,11045.419999999998,5522.709999999999,2,Gold,run_20260808_212843,2026-08-08T21:28:54.819066+00:00
C01885,34835.6,5805.933333333333,6,Platinum,run_20260808_212843,2026-08-08T21:28:54.819066+00:00
C01886,23283.14,4656.628,5,Platinum,run_20260808_212843,2026-08-08T21:28:54.819066+00:00
C01887,41732.149999999994,13910.716666666665,3,Silver,run_20260808_212843,2026-08-08T21:28:54.819066+00:00
C01888,53576.909999999996,10715.382,5,Silver,run_20260808_212843,2026-08-08T21:28:54.819066+00:00
C01889,23169.93,5792.4825,4,Bronze,run_20260808_212843,2026-08-08T21:28:54.819066+00:00
C01890,40936.03,8187.206,5,Platinum,run_20260808_212843,2026-08-08T21:28:54.819066+00:00
C01891,45722.97,7620.495,6,Gold,run_20260808_212843,2026-08-08T21:28:54.819066+00:00
C01892,45437.58,9087.516,5,Bronze,run_20260808_212843,2026-08-08T21:28:54.819066+00:00
C01893,15128.380000000001,3782.0950000000003,4,Bronze,run_20260808_212843,2026-08-08T21:28:54.819066+00:00
C01894,49178.01,8196.335000000001,6,Bronze,run_20260808_212843,2026-08-08T21:28:54.819066+00:00
C01895,14021.95,7010.975,2,Silver,run_20260808_212843,2026-08-08T21:28:54.819066+00:00
C01896,25131.760000000002,12565.880000000001,2,Silver,run_20260808_212843,2026-08-08T21:28:54.819066+00:00
C01897,40968.97,10242.2425,4,Silver,run_20260808_212843,2026-08-08T21:28:54.819066+00:00
C01898,58303.71000000001,9717.285000000002,6,Gold,run_20260808_212843,2026-08-08T21:28:54.819066+00:00
C01899,20359.68,6786.56,3,Platinum,run_20260808_212843,2026-08-08T21:28:54.819066+00:00
C01900,26137.66,5227.532,5,Bronze,run_20260808_212843,2026-08-08T21:28:54.819066+00:00
C01901,35262.4,5037.4857142857145,7,Silver,run_20260808_212843,2026-08-08T21:28:54.819066+00:00
C01902,18153.07,9076.535,2,Platinum,run_20260808_212843,2026-08-08T21:28:54.819066+00:00
C01903,8833.130000000001,2208.2825000000003,4,Bronze,run_20260808_212843,2026-08-08T21:28:54.819066+00:00
C01904,38255.53,12751.843333333332,3,Platinum,run_20260808_212843,2026-08-08T21:28:54.819066+00:00
C01905,52875.57,13218.8925,4,Bronze,run_20260808_212843,2026-08-08T21:28:54.819066+00:00
C01906,17472.93,5824.31,3,Platinum,run_20260808_212843,2026-08-08T21:28:54.819066+00:00
C01907,42140.07,7023.345,6,Silver,run_20260808_212843,2026-08-08T21:28:54.819066+00:00
C01908,57750.350000000006,7218.793750000001,8,Platinum,run_20260808_212843,2026-08-08T21:28:54.819066+00:00
C01909,23409.34,4681.868,5,Platinum,run_20260808_212843,2026-08-08T21:28:54.819066+00:00
C01910,36999.39,6166.565,6,Bronze,run_20260808_212843,2026-08-08T21:28:54.819066+00:00
C01911,20948.46,6982.82,3,Platinum,run_20260808_212843,2026-08-08T21:28:54.819066+00:00
C01912,20212.239999999998,10106.119999999999,2,Gold,run_20260808_212843,2026-08-08T21:28:54.819066+00:00
C01913,27806.199999999997,13903.099999999999,2,Bronze,run_20260808_212843,2026-08-08T21:28:54.819066+00:00
C01914,57500.13,9583.355,6,Platinum,run_20260808_212843,2026-08-08T21:28:54.819066+00:00
C01915,69525.3,9932.185714285715,7,Gold,run_20260808_212843,2026-08-08T21:28:54.819066+00:00
C01916,51637.12,8606.186666666666,6,Bronze,run_20260808_212843,2026-08-08T21:28:54.819066+00:00
C01917,25213.2,8404.4,3,Silver,run_20260808_212843,2026-08-08T21:28:54.819066+00:00
C01918,33633.33,4204.16625,8,Bronze,run_20260808_212843,2026-08-08T21:28:54.819066+00:00
C01919,36079.93,9019.9825,4,Bronze,run_20260808_212843,2026-08-08T21:28:54.819066+00:00
C01920,56891.65,7111.45625,8,Platinum,run_20260808_212843,2026-08-08T21:28:54.819066+00:00
C01921,70302.83,10043.261428571428,7,Gold,run_20260808_212843,2026-08-08T21:28:54.819066+00:00
C01922,10644.119999999999,5322.0599999999995,2,Bronze,run_20260808_212843,2026-08-08T21:28:54.819066+00:00
C01923,35572.2,7114.44,5,Bronze,run_20260808_212843,2026-08-08T21:28:54.819066+00:00
C01924,30831.44,15415.72,2,Bronze,run_20260808_212843,2026-08-08T21:28:54.819066+00:00
C01925,18416.06,6138.686666666667,3,Platinum,run_20260808_212843,2026-08-08T21:28:54.819066+00:00
C01926,73295.82,7329.582,10,Bronze,run_20260808_212843,2026-08-08T21:28:54.819066+00:00
C01927,70707.77,10101.11,7,Gold,run_20260808_212843,2026-08-08T21:28:54.819066+00:00
C01928,43437.2,4343.719999999999,10,Platinum,run_20260808_212843,2026-08-08T21:28:54.819066+00:00
C01929,77028.88,7702.888000000001,10,Silver,run_20260808_212843,2026-08-08T21:28:54.819066+00:00
C01930,54134.89,9022.481666666667,6,Silver,run_20260808_212843,2026-08-08T21:28:54.819066+00:00
C01931,45239.95,7539.991666666666,6,Platinum,run_20260808_212843,2026-08-08T21:28:54.819066+00:00
C01932,29121.49,9707.163333333334,3,Gold,run_20260808_212843,2026-08-08T21:28:54.819066+00:00
C01933,32206.620000000003,6441.3240000000005,5,Platinum,run_20260808_212843,2026-08-08T21:28:54.819066+00:00
C01934,64658.95,9236.992857142857,7,Platinum,run_20260808_212843,2026-08-08T21:28:54.819066+00:00
C01935,35232.05,8808.0125,4,Platinum,run_20260808_212843,2026-08-08T21:28:54.819066+00:00
C01936,32452.21,8113.0525,4,Platinum,run_20260808_212843,2026-08-08T21:28:54.819066+00:00
C01937,19115.2,3823.04,5,Bronze,run_20260808_212843,2026-08-08T21:28:54.819066+00:00
C01938,22913.48,5728.37,4,Silver,run_20260808_212843,2026-08-08T21:28:54.819066+00:00
C01939,16632.7,8316.35,2,Gold,run_20260808_212843,2026-08-08T21:28:54.819066+00:00
C01940,80576.98,8952.997777777777,9,Bronze,run_20260808_212843,2026-08-08T21:28:54.819066+00:00
C01941,24658.47,6164.6175,4,Silver,run_20260808_212843,2026-08-08T21:28:54.819066+00:00
C01942,56188.28,14047.07,4,Platinum,run_20260808_212843,2026-08-08T21:28:54.819066+00:00
C01943,16156.509999999998,3231.3019999999997,5,Silver,run_20260808_212843,2026-08-08T21:28:54.819066+00:00
C01944,83214.82,16642.964,5,Silver,run_20260808_212843,2026-08-08T21:28:54.819066+00:00
C01945,53346.25,6668.28125,8,Bronze,run_20260808_212843,2026-08-08T21:28:54.819066+00:00
C01946,6176.95,2058.983333333333,3,Bronze,run_20260808_212843,2026-08-08T21:28:54.819066+00:00
C01947,49538.020000000004,9907.604000000001,5,Gold,run_20260808_212843,2026-08-08T21:28:54.819066+00:00
C01948,53735.04,8955.84,6,Platinum,run_20260808_212843,2026-08-08T21:28:54.819066+00:00
C01949,46427.600000000006,9285.52,5,Platinum,run_20260808_212843,2026-08-08T21:28:54.819066+00:00
C01950,55906.8,11181.36,5,Platinum,run_20260808_212843,2026-08-08T21:28:54.819066+00:00
C01951,34419.590000000004,6883.918000000001,5,Silver,run_20260808_212843,2026-08-08T21:28:54.819066+00:00
C01952,92103.45,15350.574999999999,6,Silver,run_20260808_212843,2026-08-08T21:28:54.819066+00:00
C01953,12356.5,3089.125,4,Platinum,run_20260808_212843,2026-08-08T21:28:54.819066+00:00
C01954,30637.29,15318.645,2,Gold,run_20260808_212843,2026-08-08T21:28:54.819066+00:00
C01955,31124.15,7781.0375,4,Silver,run_20260808_212843,2026-08-08T21:28:54.819066+00:00
C01956,6222.51,1555.6275,4,Gold,run_20260808_212843,2026-08-08T21:28:54.819066+00:00
C01957,40363.1,6727.183333333333,6,Silver,run_20260808_212843,2026-08-08T21:28:54.819066+00:00
C01958,52845.97,6605.74625,8,Bronze,run_20260808_212843,2026-08-08T21:28:54.819066+00:00
C01959,16653.64,5551.213333333333,3,Bronze,run_20260808_212843,2026-08-08T21:28:54.819066+00:00
C01960,27485.3,9161.766666666666,3,Platinum,run_20260808_212843,2026-08-08T21:28:54.819066+00:00
C01961,25436.71,5087.342,5,Bronze,run_20260808_212843,2026-08-08T21:28:54.819066+00:00
C01962,39075.729999999996,4884.4662499999995,8,Silver,run_20260808_212843,2026-08-08T21:28:54.819066+00:00
C01963,62897.74,6988.637777777778,9,Silver,run_20260808_212843,2026-08-08T21:28:54.819066+00:00
C01964,26990.19,4498.365,6,Bronze,run_20260808_212843,2026-08-08T21:28:54.819066+00:00
C01965,19285.33,4821.3325,4,Bronze,run_20260808_212843,2026-08-08T21:28:54.819066+00:00
C01966,34404.68,3822.742222222222,9,Bronze,run_20260808_212843,2026-08-08T21:28:54.819066+00:00
C01967,19605.17,4901.2925,4,Platinum,run_20260808_212843,2026-08-08T21:28:54.819066+00:00
C01968,24867.36,12433.68,2,Bronze,run_20260808_212843,2026-08-08T21:28:54.819066+00:00
C01969,29468.28,9822.76,3,Silver,run_20260808_212843,2026-08-08T21:28:54.819066+00:00
C01970,60736.72,8676.674285714285,7,Bronze,run_20260808_212843,2026-08-08T21:28:54.819066+00:00
C01971,24655.620000000003,12327.810000000001,2,Platinum,run_20260808_212843,2026-08-08T21:28:54.819066+00:00
C01972,22101.059999999998,11050.529999999999,2,Platinum,run_20260808_212843,2026-08-08T21:28:54.819066+00:00
C01973,48372.42,8062.07,6,Silver,run_20260808_212843,2026-08-08T21:28:54.819066+00:00
C01974,119894.74,9222.672307692308,13,Silver,run_20260808_212843,2026-08-08T21:28:54.819066+00:00
C01975,47256.18,4296.016363636364,11,Bronze,run_20260808_212843,2026-08-08T21:28:54.819066+00:00
C01976,42745.14,6106.448571428571,7,Silver,run_20260808_212843,2026-08-08T21:28:54.819066+00:00
C01977,13444.310000000001,6722.155000000001,2,Gold,run_20260808_212843,2026-08-08T21:28:54.819066+00:00
C01978,50356.61,12589.1525,4,Silver,run_20260808_212843,2026-08-08T21:28:54.819066+00:00
C01979,58697.28,8385.325714285715,7,Gold,run_20260808_212843,2026-08-08T21:28:54.819066+00:00
C01980,38313.21,7662.642,5,Gold,run_20260808_212843,2026-08-08T21:28:54.819066+00:00
C01981,50514.38,8419.063333333334,6,Silver,run_20260808_212843,2026-08-08T21:28:54.819066+00:00
C01982,26334.9,8778.300000000001,3,Gold,run_20260808_212843,2026-08-08T21:28:54.819066+00:00
C01983,43719.4,7286.566666666667,6,Silver,run_20260808_212843,2026-08-08T21:28:54.819066+00:00
C01984,46145.740000000005,9229.148000000001,5,Silver,run_20260808_212843,2026-08-08T21:28:54.819066+00:00
C01985,49577.03,9915.405999999999,5,Platinum,run_20260808_212843,2026-08-08T21:28:54.819066+00:00
C01986,50974.86,10194.972,5,Gold,run_20260808_212843,2026-08-08T21:28:54.819066+00:00
C01987,42759.02,7126.503333333333,6,Gold,run_20260808_212843,2026-08-08T21:28:54.819066+00:00
C01988,14758.02,7379.01,2,Bronze,run_20260808_212843,2026-08-08T21:28:54.819066+00:00
C01989,36782.42,6130.403333333333,6,Silver,run_20260808_212843,2026-08-08T21:28:54.819066+00:00
C01990,13979.44,3494.86,4,Platinum,run_20260808_212843,2026-08-08T21:28:54.819066+00:00
C01991,12992.21,4330.736666666667,3,Platinum,run_20260808_212843,2026-08-08T21:28:54.819066+00:00
C01992,33158.74,5526.456666666666,6,Bronze,run_20260808_212843,2026-08-08T21:28:54.819066+00:00
C01993,28984.08,7246.02,4,Gold,run_20260808_212843,2026-08-08T21:28:54.819066+00:00
C01994,14744.46,4914.82,3,Platinum,run_20260808_212843,2026-08-08T21:28:54.819066+00:00
C01995,25242.440000000002,6310.610000000001,4,Gold,run_20260808_212843,2026-08-08T21:28:54.819066+00:00
C01996,54606.75,7800.964285714285,7,Platinum,run_20260808_212843,2026-08-08T21:28:54.819066+00:00
C01997,32614.489999999998,5435.748333333333,6,Platinum,run_20260808_212843,2026-08-08T21:28:54.819066+00:00
C01998,17489.800000000003,8744.900000000001,2,Silver,run_20260808_212843,2026-08-08T21:28:54.819066+00:00
C01999,38959.52,9739.88,4,Gold,run_20260808_212843,2026-08-08T21:28:54.819066+00:00
C02000,18834.16,6278.053333333333,3,Platinum,run_20260808_212843,2026-08-08T21:28:54.819066+00:00
C02001,27431.07,4571.845,6,Silver,run_20260808_212843,2026-08-08T21:28:54.819066+00:00
C02002,58732.04,7341.505,8,Platinum,run_20260808_212843,2026-08-08T21:28:54.819066+00:00
C02003,38100.81,6350.134999999999,6,Silver,run_20260808_212843,2026-08-08T21:28:54.819066+00:00
C02004,60789.270000000004,8684.18142857143,7,Silver,run_20260808_212843,2026-08-08T21:28:54.819066+00:00
C02005,35366.74,7073.348,5,Gold,run_20260808_212843,2026-08-08T21:28:54.819066+00:00
C02006,24610.719999999998,4922.143999999999,5,Silver,run_20260808_212843,2026-08-08T21:28:54.819066+00:00
C02007,30593.85,6118.7699999999995,5,Platinum,run_20260808_212843,2026-08-08T21:28:54.819066+00:00
C02008,27390.03,6847.5075,4,Bronze,run_20260808_212843,2026-08-08T21:28:54.819066+00:00
C02009,70148.37,7794.263333333332,9,Platinum,run_20260808_212843,2026-08-08T21:28:54.819066+00:00
C02010,54862.35,6857.79375,8,Platinum,run_20260808_212843,2026-08-08T21:28:54.819066+00:00
C02011,46585.08,6655.011428571429,7,Silver,run_20260808_212843,2026-08-08T21:28:54.819066+00:00
C02012,14884.220000000001,2976.844,5,Platinum,run_20260808_212843,2026-08-08T21:28:54.819066+00:00
C02013,60263.31,8609.044285714286,7,Silver,run_20260808_212843,2026-08-08T21:28:54.819066+00:00
C02014,97252.42,8841.129090909091,11,Gold,run_20260808_212843,2026-08-08T21:28:54.819066+00:00
C02015,32132.11,8033.0275,4,Silver,run_20260808_212843,2026-08-08T21:28:54.819066+00:00
C02016,36486.98,6081.163333333334,6,Gold,run_20260808_212843,2026-08-08T21:28:54.819066+00:00
C02017,34975.98,5829.330000000001,6,Bronze,run_20260808_212843,2026-08-08T21:28:54.819066+00:00
C02018,58821.52,9803.586666666666,6,Platinum,run_20260808_212843,2026-08-08T21:28:54.819066+00:00
C02019,44243.869999999995,7373.978333333333,6,Gold,run_20260808_212843,2026-08-08T21:28:54.819066+00:00
C02020,20391.79,5097.9475,4,Bronze,run_20260808_212843,2026-08-08T21:28:54.819066+00:00
C02021,43665.09,4851.676666666666,9,Silver,run_20260808_212843,2026-08-08T21:28:54.819066+00:00
C02022,45500.619999999995,11375.154999999999,4,Bronze,run_20260808_212843,2026-08-08T21:28:54.819066+00:00
C02023,39612.69,6602.115000000001,6,Gold,run_20260808_212843,2026-08-08T21:28:54.819066+00:00
C02024,19816.89,4954.2225,4,Platinum,run_20260808_212843,2026-08-08T21:28:54.819066+00:00
C02025,23620.489999999998,4724.098,5,Bronze,run_20260808_212843,2026-08-08T21:28:54.819066+00:00
C02026,9789.54,3263.1800000000003,3,Bronze,run_20260808_212843,2026-08-08T21:28:54.819066+00:00
C02027,34141.14,4267.6425,8,Silver,run_20260808_212843,2026-08-08T21:28:54.819066+00:00
C02028,43112.799999999996,7185.466666666666,6,Silver,run_20260808_212843,2026-08-08T21:28:54.819066+00:00
C02029,65258.24,8157.28,8,Platinum,run_20260808_212843,2026-08-08T21:28:54.819066+00:00
C02030,19511.49,4877.8725,4,Silver,run_20260808_212843,2026-08-08T21:28:54.819066+00:00
C02031,31843.29,5307.215,6,Gold,run_20260808_212843,2026-08-08T21:28:54.819066+00:00
C02032,21493.829999999998,5373.4574999999995,4,Gold,run_20260808_212843,2026-08-08T21:28:54.819066+00:00
C02033,28850.21,5770.0419999999995,5,Bronze,run_20260808_212843,2026-08-08T21:28:54.819066+00:00
C02034,7031.49,2343.83,3,Silver,run_20260808_212843,2026-08-08T21:28:54.819066+00:00
C02035,16181.08,5393.693333333334,3,Silver,run_20260808_212843,2026-08-08T21:28:54.819066+00:00
C02036,22490.0,11245.0,2,Bronze,run_20260808_212843,2026-08-08T21:28:54.819066+00:00
C02037,36861.83,12287.276666666667,3,Platinum,run_20260808_212843,2026-08-08T21:28:54.819066+00:00
C02038,27831.54,5566.308,5,Silver,run_20260808_212843,2026-08-08T21:28:54.819066+00:00
C02039,29986.5,4997.75,6,Silver,run_20260808_212843,2026-08-08T21:28:54.819066+00:00
C02040,42361.56,10590.39,4,Platinum,run_20260808_212843,2026-08-08T21:28:54.819066+00:00
C02041,56198.479999999996,8028.354285714285,7,Silver,run_20260808_212843,2026-08-08T21:28:54.819066+00:00
C02042,59397.47,9899.578333333333,6,Gold,run_20260808_212843,2026-08-08T21:28:54.819066+00:00
C02043,35248.09,5874.681666666666,6,Gold,run_20260808_212843,2026-08-08T21:28:54.819066+00:00
C02045,37011.79,6168.631666666667,6,Platinum,run_20260808_212843,2026-08-08T21:28:54.819066+00:00
C02046,10029.48,5014.74,2,Gold,run_20260808_212843,2026-08-08T21:28:54.819066+00:00
C02047,32764.78,6552.956,5,Gold,run_20260808_212843,2026-08-08T21:28:54.819066+00:00
C02048,28744.53,7186.1325,4,Gold,run_20260808_212843,2026-08-08T21:28:54.819066+00:00
C02049,37762.1,12587.366666666667,3,Gold,run_20260808_212843,2026-08-08T21:28:54.819066+00:00
C02050,18237.54,6079.18,3,Platinum,run_20260808_212843,2026-08-08T21:28:54.819066+00:00
C02051,33582.07,8395.5175,4,Platinum,run_20260808_212843,2026-08-08T21:28:54.819066+00:00
C02052,12636.53,3159.1325,4,Bronze,run_20260808_212843,2026-08-08T21:28:54.819066+00:00
C02053,36485.06,9121.265,4,Platinum,run_20260808_212843,2026-08-08T21:28:54.819066+00:00
C02054,43964.33,7327.388333333333,6,Gold,run_20260808_212843,2026-08-08T21:28:54.819066+00:00
C02055,16356.13,2726.0216666666665,6,Silver,run_20260808_212843,2026-08-08T21:28:54.819066+00:00
C02056,74990.33,10712.904285714287,7,Gold,run_20260808_212843,2026-08-08T21:28:54.819066+00:00
C02057,34276.34,6855.267999999999,5,Gold,run_20260808_212843,2026-08-08T21:28:54.819066+00:00
C02058,19644.54,6548.18,3,Platinum,run_20260808_212843,2026-08-08T21:28:54.819066+00:00
C02059,26834.25,8944.75,3,Bronze,run_20260808_212843,2026-08-08T21:28:54.819066+00:00
C02060,11283.81,5641.905,2,Silver,run_20260808_212843,2026-08-08T21:28:54.819066+00:00
C02061,36758.9,6126.483333333334,6,Silver,run_20260808_212843,2026-08-08T21:28:54.819066+00:00
C02062,24971.190000000002,12485.595000000001,2,Bronze,run_20260808_212843,2026-08-08T21:28:54.819066+00:00
C02063,58026.32,9671.053333333333,6,Gold,run_20260808_212843,2026-08-08T21:28:54.819066+00:00
C02064,30532.670000000002,7633.1675000000005,4,Platinum,run_20260808_212843,2026-08-08T21:28:54.819066+00:00
C02065,52130.7,8688.449999999999,6,Gold,run_20260808_212843,2026-08-08T21:28:54.819066+00:00
C02066,5506.99,1835.6633333333332,3,Silver,run_20260808_212843,2026-08-08T21:28:54.819066+00:00
C02067,31022.51,10340.836666666666,3,Silver,run_20260808_212843,2026-08-08T21:28:54.819066+00:00
C02068,42152.96,5269.12,8,Gold,run_20260808_212843,2026-08-08T21:28:54.819066+00:00
C02069,65238.25,13047.65,5,Silver,run_20260808_212843,2026-08-08T21:28:54.819066+00:00
C02070,41354.67,8270.934,5,Platinum,run_20260808_212843,2026-08-08T21:28:54.819066+00:00
C02071,12790.220000000001,4263.406666666667,3,Silver,run_20260808_212843,2026-08-08T21:28:54.819066+00:00
C02072,48280.91,8046.818333333334,6,Platinum,run_20260808_212843,2026-08-08T21:28:54.819066+00:00
C02073,9366.439999999999,4683.219999999999,2,Gold,run_20260808_212843,2026-08-08T21:28:54.819066+00:00
C02074,35998.15,17999.075,2,Gold,run_20260808_212843,2026-08-08T21:28:54.819066+00:00
C02075,69638.47,9948.352857142858,7,Platinum,run_20260808_212843,2026-08-08T21:28:54.819066+00:00
C02076,12017.37,4005.7900000000004,3,Platinum,run_20260808_212843,2026-08-08T21:28:54.819066+00:00
C02077,20575.260000000002,6858.420000000001,3,Platinum,run_20260808_212843,2026-08-08T21:28:54.819066+00:00
C02078,41553.01,13851.003333333334,3,Silver,run_20260808_212843,2026-08-08T21:28:54.819066+00:00
C02079,35878.44,7175.688,5,Gold,run_20260808_212843,2026-08-08T21:28:54.819066+00:00
C02080,42726.9,10681.725,4,Silver,run_20260808_212843,2026-08-08T21:28:54.819066+00:00
C02081,20298.23,5074.5575,4,Silver,run_20260808_212843,2026-08-08T21:28:54.819066+00:00
C02082,149153.17,10653.797857142858,14,Platinum,run_20260808_212843,2026-08-08T21:28:54.819066+00:00
C02083,20938.67,6979.556666666666,3,Silver,run_20260808_212843,2026-08-08T21:28:54.819066+00:00
C02084,52289.72,10457.944,5,Bronze,run_20260808_212843,2026-08-08T21:28:54.819066+00:00
C02085,30888.39,7722.0975,4,Bronze,run_20260808_212843,2026-08-08T21:28:54.819066+00:00
C02086,70476.8,10068.114285714286,7,Bronze,run_20260808_212843,2026-08-08T21:28:54.819066+00:00
C02087,70502.07,7050.207,10,Bronze,run_20260808_212843,2026-08-08T21:28:54.819066+00:00
C02088,48016.02,8002.669999999999,6,Bronze,run_20260808_212843,2026-08-08T21:28:54.819066+00:00
C02089,20390.16,5097.54,4,Platinum,run_20260808_212843,2026-08-08T21:28:54.819066+00:00
C02090,28075.67,9358.556666666665,3,Silver,run_20260808_212843,2026-08-08T21:28:54.819066+00:00
C02091,21176.44,4235.288,5,Silver,run_20260808_212843,2026-08-08T21:28:54.819066+00:00
C02092,45893.87,7648.9783333333335,6,Bronze,run_20260808_212843,2026-08-08T21:28:54.819066+00:00
C02093,28689.4,4098.4857142857145,7,Silver,run_20260808_212843,2026-08-08T21:28:54.819066+00:00
C02094,29562.73,9854.243333333334,3,Bronze,run_20260808_212843,2026-08-08T21:28:54.819066+00:00
C02095,16585.7,3317.1400000000003,5,Silver,run_20260808_212843,2026-08-08T21:28:54.819066+00:00
C02096,18880.72,6293.573333333334,3,Platinum,run_20260808_212843,2026-08-08T21:28:54.819066+00:00
C02097,39037.22,6506.203333333334,6,Gold,run_20260808_212843,2026-08-08T21:28:54.819066+00:00
C02098,5519.35,1839.7833333333335,3,Bronze,run_20260808_212843,2026-08-08T21:28:54.819066+00:00
C02099,43268.99,10817.2475,4,Platinum,run_20260808_212843,2026-08-08T21:28:54.819066+00:00
C02100,25009.06,5001.812,5,Platinum,run_20260808_212843,2026-08-08T21:28:54.819066+00:00
C02101,38490.28,7698.056,5,Bronze,run_20260808_212843,2026-08-08T21:28:54.819066+00:00
C02102,2148.87,2148.87,1,Bronze,run_20260808_212843,2026-08-08T21:28:54.819066+00:00
C02103,67917.37,13583.473999999998,5,Platinum,run_20260808_212843,2026-08-08T21:28:54.819066+00:00
C02104,27910.68,9303.56,3,Bronze,run_20260808_212843,2026-08-08T21:28:54.819066+00:00
C02105,42325.07,8465.014,5,Bronze,run_20260808_212843,2026-08-08T21:28:54.819066+00:00
C02106,38744.86,7748.972,5,Gold,run_20260808_212843,2026-08-08T21:28:54.819066+00:00
C02107,11818.41,5909.205,2,Gold,run_20260808_212843,2026-08-08T21:28:54.819066+00:00
C02108,28173.3,7043.325,4,Bronze,run_20260808_212843,2026-08-08T21:28:54.819066+00:00
C02109,43183.75,7197.291666666667,6,Platinum,run_20260808_212843,2026-08-08T21:28:54.819066+00:00
C02110,47495.42,9499.083999999999,5,Silver,run_20260808_212843,2026-08-08T21:28:54.819066+00:00
C02111,55752.229999999996,7964.604285714285,7,Bronze,run_20260808_212843,2026-08-08T21:28:54.819066+00:00
C02112,3093.4,3093.4,1,Bronze,run_20260808_212843,2026-08-08T21:28:54.819066+00:00
C02113,23428.65,11714.325,2,Silver,run_20260808_212843,2026-08-08T21:28:54.819066+00:00
C02114,15886.2,7943.1,2,Silver,run_20260808_212843,2026-08-08T21:28:54.819066+00:00
C02115,38124.479999999996,12708.159999999998,3,Silver,run_20260808_212843,2026-08-08T21:28:54.819066+00:00
C02116,16919.780000000002,4229.945000000001,4,Gold,run_20260808_212843,2026-08-08T21:28:54.819066+00:00
C02117,60204.22,8600.602857142858,7,Gold,run_20260808_212843,2026-08-08T21:28:54.819066+00:00
C02118,14223.83,3555.9575,4,Gold,run_20260808_212843,2026-08-08T21:28:54.819066+00:00
C02119,46474.12,11618.53,4,Platinum,run_20260808_212843,2026-08-08T21:28:54.819066+00:00
C02120,32380.18,5396.696666666667,6,Bronze,run_20260808_212843,2026-08-08T21:28:54.819066+00:00
C02121,19010.12,6336.706666666666,3,Gold,run_20260808_212843,2026-08-08T21:28:54.819066+00:00
C02122,39136.79,7827.358,5,Platinum,run_20260808_212843,2026-08-08T21:28:54.819066+00:00
C02123,50595.68,10119.136,5,Platinum,run_20260808_212843,2026-08-08T21:28:54.819066+00:00
C02124,41205.78,10301.445,4,Silver,run_20260808_212843,2026-08-08T21:28:54.819066+00:00
C02125,31784.33,4540.618571428572,7,Silver,run_20260808_212843,2026-08-08T21:28:54.819066+00:00
C02126,18591.84,6197.28,3,Gold,run_20260808_212843,2026-08-08T21:28:54.819066+00:00
C02127,29452.73,5890.546,5,Bronze,run_20260808_212843,2026-08-08T21:28:54.819066+00:00
C02128,47629.21,9525.842,5,Bronze,run_20260808_212843,2026-08-08T21:28:54.819066+00:00
C02129,50058.51,6257.31375,8,Bronze,run_20260808_212843,2026-08-08T21:28:54.819066+00:00
C02130,25121.11,12560.555,2,Platinum,run_20260808_212843,2026-08-08T21:28:54.819066+00:00
C02131,42497.98,8499.596000000001,5,Platinum,run_20260808_212843,2026-08-08T21:28:54.819066+00:00
C02132,40197.4,5742.4857142857145,7,Platinum,run_20260808_212843,2026-08-08T21:28:54.819066+00:00
C02133,18702.100000000002,4675.525000000001,4,Platinum,run_20260808_212843,2026-08-08T21:28:54.819066+00:00
C02134,12047.5,3011.875,4,Bronze,run_20260808_212843,2026-08-08T21:28:54.819066+00:00
C02135,59956.07,9992.678333333333,6,Bronze,run_20260808_212843,2026-08-08T21:28:54.819066+00:00
C02136,45332.61,5666.57625,8,Silver,run_20260808_212843,2026-08-08T21:28:54.819066+00:00
C02137,41593.31,5941.901428571428,7,Bronze,run_20260808_212843,2026-08-08T21:28:54.819066+00:00
C02138,26251.609999999997,4375.2683333333325,6,Platinum,run_20260808_212843,2026-08-08T21:28:54.819066+00:00
C02139,73945.41,9243.17625,8,Platinum,run_20260808_212843,2026-08-08T21:28:54.819066+00:00
C02140,28196.52,14098.26,2,Gold,run_20260808_212843,2026-08-08T21:28:54.819066+00:00
C02141,4734.71,2367.355,2,Bronze,run_20260808_212843,2026-08-08T21:28:54.819066+00:00
C02142,86026.33,10753.29125,8,Bronze,run_20260808_212843,2026-08-08T21:28:54.819066+00:00
C02143,28607.29,4767.881666666667,6,Silver,run_20260808_212843,2026-08-08T21:28:54.819066+00:00
C02144,70690.15,14138.029999999999,5,Silver,run_20260808_212843,2026-08-08T21:28:54.819066+00:00
C02145,65670.97,10945.161666666667,6,Platinum,run_20260808_212843,2026-08-08T21:28:54.819066+00:00
C02146,13037.960000000001,4345.986666666667,3,Gold,run_20260808_212843,2026-08-08T21:28:54.819066+00:00
C02147,34213.47,5702.245,6,Bronze,run_20260808_212843,2026-08-08T21:28:54.819066+00:00
C02148,6644.48,6644.48,1,Bronze,run_20260808_212843,2026-08-08T21:28:54.819066+00:00
C02149,18833.75,4708.4375,4,Gold,run_20260808_212843,2026-08-08T21:28:54.819066+00:00
C02150,49699.0,12424.75,4,Bronze,run_20260808_212843,2026-08-08T21:28:54.819066+00:00
C02151,47351.35,5918.91875,8,Silver,run_20260808_212843,2026-08-08T21:28:54.819066+00:00
C02152,16286.67,4071.6675,4,Gold,run_20260808_212843,2026-08-08T21:28:54.819066+00:00
C02153,9991.58,4995.79,2,Bronze,run_20260808_212843,2026-08-08T21:28:54.819066+00:00
C02154,35308.1,8827.025,4,Silver,run_20260808_212843,2026-08-08T21:28:54.819066+00:00
C02155,32856.479999999996,6571.295999999999,5,Silver,run_20260808_212843,2026-08-08T21:28:54.819066+00:00
C02156,37357.840000000004,7471.568000000001,5,Platinum,run_20260808_212843,2026-08-08T21:28:54.819066+00:00
C02157,26685.25,13342.625,2,Bronze,run_20260808_212843,2026-08-08T21:28:54.819066+00:00
C02158,44676.87,8935.374,5,Gold,run_20260808_212843,2026-08-08T21:28:54.819066+00:00
C02159,79096.44,11299.49142857143,7,Silver,run_20260808_212843,2026-08-08T21:28:54.819066+00:00
C02160,57066.19,11413.238000000001,5,Silver,run_20260808_212843,2026-08-08T21:28:54.819066+00:00
C02161,20317.559999999998,5079.389999999999,4,Platinum,run_20260808_212843,2026-08-08T21:28:54.819066+00:00
C02162,7288.89,3644.445,2,Gold,run_20260808_212843,2026-08-08T21:28:54.819066+00:00
C02163,41650.83,8330.166000000001,5,Platinum,run_20260808_212843,2026-08-08T21:28:54.819066+00:00
C02164,5820.81,5820.81,1,Silver,run_20260808_212843,2026-08-08T21:28:54.819066+00:00
C02165,36829.560000000005,12276.520000000002,3,Bronze,run_20260808_212843,2026-08-08T21:28:54.819066+00:00
C02166,15263.27,3052.654,5,Gold,run_20260808_212843,2026-08-08T21:28:54.819066+00:00
C02167,29924.46,14962.23,2,Bronze,run_20260808_212843,2026-08-08T21:28:54.819066+00:00
C02168,17304.940000000002,8652.470000000001,2,Bronze,run_20260808_212843,2026-08-08T21:28:54.819066+00:00
C02169,64442.44,10740.406666666668,6,Platinum,run_20260808_212843,2026-08-08T21:28:54.819066+00:00
C02170,75259.7,6271.641666666666,12,Silver,run_20260808_212843,2026-08-08T21:28:54.819066+00:00
C02171,72552.54,9069.0675,8,Bronze,run_20260808_212843,2026-08-08T21:28:54.819066+00:00
C02172,36204.18,9051.045,4,Gold,run_20260808_212843,2026-08-08T21:28:54.819066+00:00
C02173,5819.8099999999995,2909.9049999999997,2,Platinum,run_20260808_212843,2026-08-08T21:28:54.819066+00:00
C02174,32303.68,8075.92,4,Gold,run_20260808_212843,2026-08-08T21:28:54.819066+00:00
C02175,32347.02,6469.404,5,Bronze,run_20260808_212843,2026-08-08T21:28:54.819066+00:00
C02176,28542.66,7135.665,4,Gold,run_20260808_212843,2026-08-08T21:28:54.819066+00:00
C02177,74594.69,12432.448333333334,6,Platinum,run_20260808_212843,2026-08-08T21:28:54.819066+00:00
C02178,10032.66,5016.33,2,Platinum,run_20260808_212843,2026-08-08T21:28:54.819066+00:00
C02179,14625.689999999999,7312.844999999999,2,Silver,run_20260808_212843,2026-08-08T21:28:54.819066+00:00
C02180,73724.74,8191.637777777778,9,Gold,run_20260808_212843,2026-08-08T21:28:54.819066+00:00
C02181,49591.02,7084.431428571428,7,Platinum,run_20260808_212843,2026-08-08T21:28:54.819066+00:00
C02182,56833.93,8119.132857142858,7,Platinum,run_20260808_212843,2026-08-08T21:28:54.819066+00:00
C02183,24017.68,6004.42,4,Silver,run_20260808_212843,2026-08-08T21:28:54.819066+00:00
C02184,21652.81,4330.562,5,Platinum,run_20260808_212843,2026-08-08T21:28:54.819066+00:00
C02185,40231.54,10057.885,4,Bronze,run_20260808_212843,2026-08-08T21:28:54.819066+00:00
C02186,10575.529999999999,5287.764999999999,2,Gold,run_20260808_212843,2026-08-08T21:28:54.819066+00:00
C02187,45984.84,9196.967999999999,5,Silver,run_20260808_212843,2026-08-08T21:28:54.819066+00:00
C02188,62756.53,6972.947777777777,9,Bronze,run_20260808_212843,2026-08-08T21:28:54.819066+00:00
C02189,67020.20999999999,8377.526249999999,8,Bronze,run_20260808_212843,2026-08-08T21:28:54.819066+00:00
C02190,61571.28999999999,7696.411249999999,8,Gold,run_20260808_212843,2026-08-08T21:28:54.819066+00:00
C02191,31073.14,6214.628,5,Silver,run_20260808_212843,2026-08-08T21:28:54.819066+00:00
C02192,10030.26,3343.42,3,Platinum,run_20260808_212843,2026-08-08T21:28:54.819066+00:00
C02193,48945.47,9789.094000000001,5,Silver,run_20260808_212843,2026-08-08T21:28:54.819066+00:00
C02194,24953.77,8317.923333333334,3,Platinum,run_20260808_212843,2026-08-08T21:28:54.819066+00:00
C02195,72059.61,8006.623333333333,9,Gold,run_20260808_212843,2026-08-08T21:28:54.819066+00:00
C02196,116931.28,9744.273333333333,12,Gold,run_20260808_212843,2026-08-08T21:28:54.819066+00:00
C02197,31778.4,4539.771428571429,7,Bronze,run_20260808_212843,2026-08-08T21:28:54.819066+00:00
C02198,30048.45,6009.6900000000005,5,Bronze,run_20260808_212843,2026-08-08T21:28:54.819066+00:00
C02199,11337.22,2834.305,4,Bronze,run_20260808_212843,2026-08-08T21:28:54.819066+00:00
C02200,48175.32,5352.8133333333335,9,Gold,run_20260808_212843,2026-08-08T21:28:54.819066+00:00
C02201,29260.11,7315.0275,4,Platinum,run_20260808_212843,2026-08-08T21:28:54.819066+00:00
C02202,31659.79,10553.263333333334,3,Gold,run_20260808_212843,2026-08-08T21:28:54.819066+00:00
C02203,47461.850000000006,6780.264285714286,7,Gold,run_20260808_212843,2026-08-08T21:28:54.819066+00:00
C02204,26537.59,4422.931666666666,6,Bronze,run_20260808_212843,2026-08-08T21:28:54.819066+00:00
C02205,36250.32,7250.064,5,Silver,run_20260808_212843,2026-08-08T21:28:54.819066+00:00
C02206,27337.12,6834.28,4,Bronze,run_20260808_212843,2026-08-08T21:28:54.819066+00:00
C02207,23121.8,3303.1142857142854,7,Silver,run_20260808_212843,2026-08-08T21:28:54.819066+00:00
C02208,15720.189999999999,7860.094999999999,2,Platinum,run_20260808_212843,2026-08-08T21:28:54.819066+00:00
C02209,16936.73,8468.365,2,Platinum,run_20260808_212843,2026-08-08T21:28:54.819066+00:00
C02210,41766.38,6961.063333333333,6,Platinum,run_20260808_212843,2026-08-08T21:28:54.819066+00:00
C02211,69223.51,9889.072857142857,7,Bronze,run_20260808_212843,2026-08-08T21:28:54.819066+00:00
C02212,36322.7,6053.783333333333,6,Bronze,run_20260808_212843,2026-08-08T21:28:54.819066+00:00
C02213,37424.36,6237.393333333333,6,Bronze,run_20260808_212843,2026-08-08T21:28:54.819066+00:00
C02214,47648.84,7941.473333333332,6,Gold,run_20260808_212843,2026-08-08T21:28:54.819066+00:00
C02215,63301.16,5275.096666666667,12,Bronze,run_20260808_212843,2026-08-08T21:28:54.819066+00:00
C02216,12169.08,4056.36,3,Gold,run_20260808_212843,2026-08-08T21:28:54.819066+00:00
C02217,35175.54,5025.077142857143,7,Platinum,run_20260808_212843,2026-08-08T21:28:54.819066+00:00
C02218,13452.03,13452.03,1,Bronze,run_20260808_212843,2026-08-08T21:28:54.819066+00:00
C02219,58795.4,6532.822222222222,9,Gold,run_20260808_212843,2026-08-08T21:28:54.819066+00:00
C02220,38309.29,9577.3225,4,Platinum,run_20260808_212843,2026-08-08T21:28:54.819066+00:00
C02221,60260.45,7532.55625,8,Platinum,run_20260808_212843,2026-08-08T21:28:54.819066+00:00
C02222,47257.8,9451.560000000001,5,Bronze,run_20260808_212843,2026-08-08T21:28:54.819066+00:00
C02223,63794.259999999995,9113.465714285714,7,Silver,run_20260808_212843,2026-08-08T21:28:54.819066+00:00
C02224,28220.57,4703.428333333333,6,Silver,run_20260808_212843,2026-08-08T21:28:54.819066+00:00
C02225,44939.600000000006,8987.920000000002,5,Platinum,run_20260808_212843,2026-08-08T21:28:54.819066+00:00
C02226,57708.07,9618.011666666667,6,Silver,run_20260808_212843,2026-08-08T21:28:54.819066+00:00
C02227,52444.119999999995,13111.029999999999,4,Silver,run_20260808_212843,2026-08-08T21:28:54.819066+00:00
C02228,56399.2,14099.8,4,Gold,run_20260808_212843,2026-08-08T21:28:54.819066+00:00
C02229,44910.74,8982.148,5,Gold,run_20260808_212843,2026-08-08T21:28:54.819066+00:00
C02230,4572.04,4572.04,1,Gold,run_20260808_212843,2026-08-08T21:28:54.819066+00:00
C02231,40088.71000000001,8017.742000000001,5,Platinum,run_20260808_212843,2026-08-08T21:28:54.819066+00:00
C02232,48520.98,6931.568571428572,7,Silver,run_20260808_212843,2026-08-08T21:28:54.819066+00:00
C02233,27510.54,4585.09,6,Bronze,run_20260808_212843,2026-08-08T21:28:54.819066+00:00
C02234,28007.52,5601.504,5,Silver,run_20260808_212843,2026-08-08T21:28:54.819066+00:00
C02235,55345.99,9224.331666666667,6,Platinum,run_20260808_212843,2026-08-08T21:28:54.819066+00:00
C02236,80031.66,13338.61,6,Gold,run_20260808_212843,2026-08-08T21:28:54.819066+00:00
C02237,36086.990000000005,9021.747500000001,4,Platinum,run_20260808_212843,2026-08-08T21:28:54.819066+00:00
C02238,55137.32,7876.76,7,Gold,run_20260808_212843,2026-08-08T21:28:54.819066+00:00
C02239,25349.0,6337.25,4,Platinum,run_20260808_212843,2026-08-08T21:28:54.819066+00:00
C02240,85694.61,10711.82625,8,Bronze,run_20260808_212843,2026-08-08T21:28:54.819066+00:00
C02241,2842.4500000000003,947.4833333333335,3,Gold,run_20260808_212843,2026-08-08T21:28:54.819066+00:00
C02242,8549.289999999999,2849.763333333333,3,Gold,run_20260808_212843,2026-08-08T21:28:54.819066+00:00
C02243,41990.07,6998.345,6,Silver,run_20260808_212843,2026-08-08T21:28:54.819066+00:00
C02244,17693.989999999998,3538.798,5,Platinum,run_20260808_212843,2026-08-08T21:28:54.819066+00:00
C02245,37360.65,9340.1625,4,Silver,run_20260808_212843,2026-08-08T21:28:54.819066+00:00
C02246,73819.67,10545.667142857143,7,Platinum,run_20260808_212843,2026-08-08T21:28:54.819066+00:00
C02247,48951.369999999995,8158.561666666666,6,Bronze,run_20260808_212843,2026-08-08T21:28:54.819066+00:00
C02248,29375.86,7343.965,4,Silver,run_20260808_212843,2026-08-08T21:28:54.819066+00:00
C02249,17402.7,5800.900000000001,3,Gold,run_20260808_212843,2026-08-08T21:28:54.819066+00:00
C02250,38279.619999999995,6379.936666666666,6,Bronze,run_20260808_212843,2026-08-08T21:28:54.819066+00:00
C02251,10682.609999999999,5341.304999999999,2,Platinum,run_20260808_212843,2026-08-08T21:28:54.819066+00:00
C02252,72570.89,7257.089,10,Gold,run_20260808_212843,2026-08-08T21:28:54.819066+00:00
C02253,39458.01,19729.005,2,Platinum,run_20260808_212843,2026-08-08T21:28:54.819066+00:00
C02254,60353.83,10058.971666666666,6,Gold,run_20260808_212843,2026-08-08T21:28:54.819066+00:00
C02256,24015.36,6003.84,4,Gold,run_20260808_212843,2026-08-08T21:28:54.819066+00:00
C02257,41891.59,5984.512857142857,7,Platinum,run_20260808_212843,2026-08-08T21:28:54.819066+00:00
C02258,19345.13,6448.376666666667,3,Silver,run_20260808_212843,2026-08-08T21:28:54.819066+00:00
C02259,58099.33,8299.904285714287,7,Gold,run_20260808_212843,2026-08-08T21:28:54.819066+00:00
C02260,27161.84,6790.46,4,Gold,run_20260808_212843,2026-08-08T21:28:54.819066+00:00
C02261,59807.549999999996,8543.935714285713,7,Silver,run_20260808_212843,2026-08-08T21:28:54.819066+00:00
C02262,65720.39,8215.04875,8,Platinum,run_20260808_212843,2026-08-08T21:28:54.819066+00:00
C02263,62886.909999999996,7860.8637499999995,8,Gold,run_20260808_212843,2026-08-08T21:28:54.819066+00:00
C02264,43823.01,8764.602,5,Silver,run_20260808_212843,2026-08-08T21:28:54.819066+00:00
C02265,58275.28999999999,9712.548333333332,6,Platinum,run_20260808_212843,2026-08-08T21:28:54.819066+00:00
C02266,31765.739999999998,10588.58,3,Gold,run_20260808_212843,2026-08-08T21:28:54.819066+00:00
C02267,20235.12,3372.52,6,Gold,run_20260808_212843,2026-08-08T21:28:54.819066+00:00
C02268,57879.33,9646.555,6,Platinum,run_20260808_212843,2026-08-08T21:28:54.819066+00:00
C02269,51946.12,6493.265,8,Silver,run_20260808_212843,2026-08-08T21:28:54.819066+00:00
C02270,66731.14,11121.856666666667,6,Gold,run_20260808_212843,2026-08-08T21:28:54.819066+00:00
C02271,50996.3,16998.766666666666,3,Platinum,run_20260808_212843,2026-08-08T21:28:54.819066+00:00
C02272,58332.28,8333.182857142858,7,Gold,run_20260808_212843,2026-08-08T21:28:54.819066+00:00
C02273,26561.3,5312.26,5,Platinum,run_20260808_212843,2026-08-08T21:28:54.819066+00:00
C02274,47073.92,7845.653333333333,6,Gold,run_20260808_212843,2026-08-08T21:28:54.819066+00:00
C02275,31215.32,6243.064,5,Bronze,run_20260808_212843,2026-08-08T21:28:54.819066+00:00
C02276,7101.150000000001,2367.05,3,Silver,run_20260808_212843,2026-08-08T21:28:54.819066+00:00
C02277,25291.47,4215.245,6,Silver,run_20260808_212843,2026-08-08T21:28:54.819066+00:00
C02278,27635.75,6908.9375,4,Bronze,run_20260808_212843,2026-08-08T21:28:54.819066+00:00
C02279,41671.34,8334.268,5,Platinum,run_20260808_212843,2026-08-08T21:28:54.819066+00:00
C02280,60479.07,5498.097272727273,11,Silver,run_20260808_212843,2026-08-08T21:28:54.819066+00:00
C02281,17383.74,3476.7480000000005,5,Platinum,run_20260808_212843,2026-08-08T21:28:54.819066+00:00
C02282,73196.72,8132.968888888889,9,Gold,run_20260808_212843,2026-08-08T21:28:54.819066+00:00
C02283,65670.75,7296.75,9,Bronze,run_20260808_212843,2026-08-08T21:28:54.819066+00:00
C02284,42693.34,6099.0485714285705,7,Platinum,run_20260808_212843,2026-08-08T21:28:54.819066+00:00
C02285,16465.809999999998,5488.603333333333,3,Platinum,run_20260808_212843,2026-08-08T21:28:54.819066+00:00
C02286,83434.14,16686.828,5,Silver,run_20260808_212843,2026-08-08T21:28:54.819066+00:00
C02287,18327.53,6109.176666666666,3,Gold,run_20260808_212843,2026-08-08T21:28:54.819066+00:00
C02288,48600.16,6942.88,7,Silver,run_20260808_212843,2026-08-08T21:28:54.819066+00:00
C02289,9034.17,4517.085,2,Gold,run_20260808_212843,2026-08-08T21:28:54.819066+00:00
C02290,17695.3,3539.06,5,Silver,run_20260808_212843,2026-08-08T21:28:54.819066+00:00
C02291,61730.91,10288.485,6,Platinum,run_20260808_212843,2026-08-08T21:28:54.819066+00:00
C02292,28708.14,4784.69,6,Platinum,run_20260808_212843,2026-08-08T21:28:54.819066+00:00
C02293,34287.83,5714.638333333333,6,Bronze,run_20260808_212843,2026-08-08T21:28:54.819066+00:00
C02294,62636.14,6959.571111111111,9,Platinum,run_20260808_212843,2026-08-08T21:28:54.819066+00:00
C02295,29951.09,5990.218,5,Platinum,run_20260808_212843,2026-08-08T21:28:54.819066+00:00
C02296,20148.45,3358.0750000000003,6,Platinum,run_20260808_212843,2026-08-08T21:28:54.819066+00:00
C02297,68709.27,17177.3175,4,Platinum,run_20260808_212843,2026-08-08T21:28:54.819066+00:00
C02298,20095.91,5023.9775,4,Bronze,run_20260808_212843,2026-08-08T21:28:54.819066+00:00
C02299,9243.619999999999,4621.8099999999995,2,Gold,run_20260808_212843,2026-08-08T21:28:54.819066+00:00
C02300,83880.22,11982.888571428572,7,Bronze,run_20260808_212843,2026-08-08T21:28:54.819066+00:00
C02301,30338.489999999998,5056.415,6,Bronze,run_20260808_212843,2026-08-08T21:28:54.819066+00:00
C02302,13827.16,6913.58,2,Silver,run_20260808_212843,2026-08-08T21:28:54.819066+00:00
C02303,85192.23,14198.705,6,Gold,run_20260808_212843,2026-08-08T21:28:54.819066+00:00
C02304,33700.66,11233.553333333335,3,Silver,run_20260808_212843,2026-08-08T21:28:54.819066+00:00
C02305,34185.07,6837.014,5,Bronze,run_20260808_212843,2026-08-08T21:28:54.819066+00:00
C02306,23692.65,5923.1625,4,Platinum,run_20260808_212843,2026-08-08T21:28:54.819066+00:00
C02307,43284.86,6183.551428571429,7,Gold,run_20260808_212843,2026-08-08T21:28:54.819066+00:00
C02308,19701.89,4925.4725,4,Platinum,run_20260808_212843,2026-08-08T21:28:54.819066+00:00
C02309,35828.64,5971.44,6,Bronze,run_20260808_212843,2026-08-08T21:28:54.819066+00:00
C02310,55813.73,7973.39,7,Bronze,run_20260808_212843,2026-08-08T21:28:54.819066+00:00
C02311,33322.13,6664.4259999999995,5,Bronze,run_20260808_212843,2026-08-08T21:28:54.819066+00:00
C02312,49524.340000000004,8254.056666666667,6,Gold,run_20260808_212843,2026-08-08T21:28:54.819066+00:00
C02313,67539.45999999999,9648.494285714285,7,Silver,run_20260808_212843,2026-08-08T21:28:54.819066+00:00
C02314,58048.0,8292.57142857143,7,Silver,run_20260808_212843,2026-08-08T21:28:54.819066+00:00
C02315,7769.34,7769.34,1,Platinum,run_20260808_212843,2026-08-08T21:28:54.819066+00:00
C02316,26469.01,8823.003333333332,3,Gold,run_20260808_212843,2026-08-08T21:28:54.819066+00:00
C02317,75499.23,10785.604285714286,7,Platinum,run_20260808_212843,2026-08-08T21:28:54.819066+00:00
C02318,62221.74,12444.348,5,Platinum,run_20260808_212843,2026-08-08T21:28:54.819066+00:00
C02319,19321.940000000002,3864.3880000000004,5,Silver,run_20260808_212843,2026-08-08T21:28:54.819066+00:00
C02320,66290.44,13258.088,5,Gold,run_20260808_212843,2026-08-08T21:28:54.819066+00:00
C02321,47035.9,9407.18,5,Bronze,run_20260808_212843,2026-08-08T21:28:54.819066+00:00
C02322,45740.9,7623.483333333334,6,Platinum,run_20260808_212843,2026-08-08T21:28:54.819066+00:00
C02323,70996.23,8874.52875,8,Bronze,run_20260808_212843,2026-08-08T21:28:54.819066+00:00
C02324,47991.770000000004,11997.942500000001,4,Gold,run_20260808_212843,2026-08-08T21:28:54.819066+00:00
C02325,29442.86,4907.143333333333,6,Platinum,run_20260808_212843,2026-08-08T21:28:54.819066+00:00
C02326,45330.97,6475.852857142857,7,Bronze,run_20260808_212843,2026-08-08T21:28:54.819066+00:00
C02327,46418.3,6631.185714285714,7,Bronze,run_20260808_212843,2026-08-08T21:28:54.819066+00:00
C02328,35596.92,5932.82,6,Silver,run_20260808_212843,2026-08-08T21:28:54.819066+00:00
C02329,57166.08,9527.68,6,Gold,run_20260808_212843,2026-08-08T21:28:54.819066+00:00
C02330,9287.91,9287.91,1,Gold,run_20260808_212843,2026-08-08T21:28:54.819066+00:00
C02331,23054.079999999998,3842.3466666666664,6,Gold,run_20260808_212843,2026-08-08T21:28:54.819066+00:00
C02332,32312.35,4616.05,7,Platinum,run_20260808_212843,2026-08-08T21:28:54.819066+00:00
C02333,46220.68,7703.446666666667,6,Silver,run_20260808_212843,2026-08-08T21:28:54.819066+00:00
C02334,40929.79,6821.631666666667,6,Platinum,run_20260808_212843,2026-08-08T21:28:54.819066+00:00
C02335,27936.16,6984.04,4,Gold,run_20260808_212843,2026-08-08T21:28:54.819066+00:00
C02336,55520.08,7931.4400000000005,7,Platinum,run_20260808_212843,2026-08-08T21:28:54.819066+00:00
C02337,15224.0,2537.3333333333335,6,Bronze,run_20260808_212843,2026-08-08T21:28:54.819066+00:00
C02338,39290.14,9822.535,4,Platinum,run_20260808_212843,2026-08-08T21:28:54.819066+00:00
C02339,48384.740000000005,8064.123333333334,6,Platinum,run_20260808_212843,2026-08-08T21:28:54.819066+00:00
C02340,25167.72,8389.24,3,Gold,run_20260808_212843,2026-08-08T21:28:54.819066+00:00
C02341,52357.95,7479.707142857143,7,Bronze,run_20260808_212843,2026-08-08T21:28:54.819066+00:00
C02342,47721.38,5965.1725,8,Gold,run_20260808_212843,2026-08-08T21:28:54.819066+00:00
C02343,32154.24,4593.4628571428575,7,Bronze,run_20260808_212843,2026-08-08T21:28:54.819066+00:00
C02344,82137.98,9126.442222222222,9,Bronze,run_20260808_212843,2026-08-08T21:28:54.819066+00:00
C02345,44691.8,11172.95,4,Bronze,run_20260808_212843,2026-08-08T21:28:54.819066+00:00
C02346,28299.26,4716.543333333333,6,Gold,run_20260808_212843,2026-08-08T21:28:54.819066+00:00
C02347,57809.12,7226.14,8,Bronze,run_20260808_212843,2026-08-08T21:28:54.819066+00:00
C02348,25223.93,8407.976666666667,3,Silver,run_20260808_212843,2026-08-08T21:28:54.819066+00:00
C02349,38428.1,7685.62,5,Silver,run_20260808_212843,2026-08-08T21:28:54.819066+00:00
C02350,38504.71000000001,7700.942000000001,5,Silver,run_20260808_212843,2026-08-08T21:28:54.819066+00:00
C02351,17099.13,5699.71,3,Silver,run_20260808_212843,2026-08-08T21:28:54.819066+00:00
C02352,38071.43,7614.286,5,Gold,run_20260808_212843,2026-08-08T21:28:54.819066+00:00
C02353,28202.92,7050.73,4,Platinum,run_20260808_212843,2026-08-08T21:28:54.819066+00:00
C02354,42988.03,7164.671666666666,6,Platinum,run_20260808_212843,2026-08-08T21:28:54.819066+00:00
C02355,26091.25,6522.8125,4,Silver,run_20260808_212843,2026-08-08T21:28:54.819066+00:00
C02356,32757.69,6551.538,5,Platinum,run_20260808_212843,2026-08-08T21:28:54.819066+00:00
C02357,30880.18,7720.045,4,Silver,run_20260808_212843,2026-08-08T21:28:54.819066+00:00
C02358,56022.58,9337.096666666666,6,Silver,run_20260808_212843,2026-08-08T21:28:54.819066+00:00
C02359,27401.93,6850.4825,4,Platinum,run_20260808_212843,2026-08-08T21:28:54.819066+00:00
C02360,77275.61,9659.45125,8,Platinum,run_20260808_212843,2026-08-08T21:28:54.819066+00:00
C02361,64839.810000000005,8104.976250000001,8,Bronze,run_20260808_212843,2026-08-08T21:28:54.819066+00:00
C02362,49999.84,8333.306666666665,6,Silver,run_20260808_212843,2026-08-08T21:28:54.819066+00:00
C02363,21176.36,7058.786666666667,3,Platinum,run_20260808_212843,2026-08-08T21:28:54.819066+00:00
C02364,5398.01,2699.005,2,Platinum,run_20260808_212843,2026-08-08T21:28:54.819066+00:00
C02365,22098.41,5524.6025,4,Platinum,run_20260808_212843,2026-08-08T21:28:54.819066+00:00
C02366,29774.660000000003,4253.522857142858,7,Bronze,run_20260808_212843,2026-08-08T21:28:54.819066+00:00
C02367,50709.76,8451.626666666667,6,Silver,run_20260808_212843,2026-08-08T21:28:54.819066+00:00
C02368,16954.149999999998,5651.383333333332,3,Silver,run_20260808_212843,2026-08-08T21:28:54.819066+00:00
C02369,22520.54,11260.27,2,Gold,run_20260808_212843,2026-08-08T21:28:54.819066+00:00
C02370,40390.35,10097.5875,4,Bronze,run_20260808_212843,2026-08-08T21:28:54.819066+00:00
C02371,31137.23,7784.3075,4,Bronze,run_20260808_212843,2026-08-08T21:28:54.819066+00:00
C02372,47584.75,6797.821428571428,7,Silver,run_20260808_212843,2026-08-08T21:28:54.819066+00:00
C02373,88441.39,11055.17375,8,Gold,run_20260808_212843,2026-08-08T21:28:54.819066+00:00
C02374,11150.31,3716.77,3,Gold,run_20260808_212843,2026-08-08T21:28:54.819066+00:00
C02375,51406.13,8567.688333333334,6,Silver,run_20260808_212843,2026-08-08T21:28:54.819066+00:00
C02376,11565.31,3855.103333333333,3,Platinum,run_20260808_212843,2026-08-08T21:28:54.819066+00:00
C02377,6740.27,2246.7566666666667,3,Bronze,run_20260808_212843,2026-08-08T21:28:54.819066+00:00
C02378,18693.06,4673.265,4,Gold,run_20260808_212843,2026-08-08T21:28:54.819066+00:00
C02379,16145.960000000001,8072.9800000000005,2,Platinum,run_20260808_212843,2026-08-08T21:28:54.819066+00:00
C02380,12792.3,3198.075,4,Gold,run_20260808_212843,2026-08-08T21:28:54.819066+00:00
C02381,58002.36,5800.236,10,Platinum,run_20260808_212843,2026-08-08T21:28:54.819066+00:00
C02382,9701.35,9701.35,1,Platinum,run_20260808_212843,2026-08-08T21:28:54.819066+00:00
C02383,42163.55,6023.364285714286,7,Bronze,run_20260808_212843,2026-08-08T21:28:54.819066+00:00
C02384,58805.119999999995,11761.024,5,Gold,run_20260808_212843,2026-08-08T21:28:54.819066+00:00
C02385,23735.72,7911.906666666667,3,Gold,run_20260808_212843,2026-08-08T21:28:54.819066+00:00
C02386,57269.149999999994,14317.287499999999,4,Platinum,run_20260808_212843,2026-08-08T21:28:54.819066+00:00
C02387,25154.59,6288.6475,4,Silver,run_20260808_212843,2026-08-08T21:28:54.819066+00:00
C02388,53281.82,8880.303333333333,6,Gold,run_20260808_212843,2026-08-08T21:28:54.819066+00:00
C02389,71078.06,11846.343333333332,6,Bronze,run_20260808_212843,2026-08-08T21:28:54.819066+00:00
C02390,60638.11,6737.567777777778,9,Silver,run_20260808_212843,2026-08-08T21:28:54.819066+00:00
C02391,20070.7,10035.35,2,Gold,run_20260808_212843,2026-08-08T21:28:54.819066+00:00
C02392,50525.69,7217.955714285715,7,Bronze,run_20260808_212843,2026-08-08T21:28:54.819066+00:00
C02393,16371.47,4092.8675,4,Silver,run_20260808_212843,2026-08-08T21:28:54.819066+00:00
C02394,36261.66,6043.610000000001,6,Gold,run_20260808_212843,2026-08-08T21:28:54.819066+00:00
C02395,32120.0,8030.0,4,Bronze,run_20260808_212843,2026-08-08T21:28:54.819066+00:00
C02396,39762.21,5680.315714285714,7,Silver,run_20260808_212843,2026-08-08T21:28:54.819066+00:00
C02397,15577.97,5192.656666666667,3,Gold,run_20260808_212843,2026-08-08T21:28:54.819066+00:00
C02398,23825.739999999998,7941.913333333333,3,Silver,run_20260808_212843,2026-08-08T21:28:54.819066+00:00
C02399,34523.82,5753.97,6,Platinum,run_20260808_212843,2026-08-08T21:28:54.819066+00:00
C02400,43128.54,6161.22,7,Platinum,run_20260808_212843,2026-08-08T21:28:54.819066+00:00
C02401,38342.78,7668.556,5,Silver,run_20260808_212843,2026-08-08T21:28:54.819066+00:00
C02402,103326.28,10332.628,10,Platinum,run_20260808_212843,2026-08-08T21:28:54.819066+00:00
C02403,19663.44,3932.6879999999996,5,Platinum,run_20260808_212843,2026-08-08T21:28:54.819066+00:00
C02404,58044.17,9674.028333333334,6,Silver,run_20260808_212843,2026-08-08T21:28:54.819066+00:00
C02405,4129.9,4129.9,1,Platinum,run_20260808_212843,2026-08-08T21:28:54.819066+00:00
C02406,66913.79,11152.298333333332,6,Silver,run_20260808_212843,2026-08-08T21:28:54.819066+00:00
C02407,60403.5,12080.7,5,Silver,run_20260808_212843,2026-08-08T21:28:54.819066+00:00
C02408,19737.65,6579.216666666667,3,Platinum,run_20260808_212843,2026-08-08T21:28:54.819066+00:00
C02409,31531.11,7882.7775,4,Gold,run_20260808_212843,2026-08-08T21:28:54.819066+00:00
C02410,31216.68,10405.56,3,Silver,run_20260808_212843,2026-08-08T21:28:54.819066+00:00
C02411,24577.8,4096.3,6,Silver,run_20260808_212843,2026-08-08T21:28:54.819066+00:00
C02412,14943.140000000001,4981.046666666667,3,Gold,run_20260808_212843,2026-08-08T21:28:54.819066+00:00
C02413,7312.6,7312.6,1,Platinum,run_20260808_212843,2026-08-08T21:28:54.819066+00:00
C02414,40203.22,8040.644,5,Bronze,run_20260808_212843,2026-08-08T21:28:54.819066+00:00
C02415,18827.93,9413.965,2,Gold,run_20260808_212843,2026-08-08T21:28:54.819066+00:00
C02416,82232.43,7475.675454545454,11,Bronze,run_20260808_212843,2026-08-08T21:28:54.819066+00:00
C02417,25611.22,5122.244000000001,5,Platinum,run_20260808_212843,2026-08-08T21:28:54.819066+00:00
C02418,52290.13,7470.018571428571,7,Silver,run_20260808_212843,2026-08-08T21:28:54.819066+00:00
C02419,40394.92,6732.486666666667,6,Silver,run_20260808_212843,2026-08-08T21:28:54.819066+00:00
C02420,50891.92,6361.49,8,Platinum,run_20260808_212843,2026-08-08T21:28:54.819066+00:00
C02421,11491.72,5745.86,2,Platinum,run_20260808_212843,2026-08-08T21:28:54.819066+00:00
C02422,20029.98,10014.99,2,Platinum,run_20260808_212843,2026-08-08T21:28:54.819066+00:00
C02423,30346.49,7586.6225,4,Platinum,run_20260808_212843,2026-08-08T21:28:54.819066+00:00
C02424,2015.5,2015.5,1,Platinum,run_20260808_212843,2026-08-08T21:28:54.819066+00:00
C02425,29681.34,7420.335,4,Platinum,run_20260808_212843,2026-08-08T21:28:54.819066+00:00
C02426,61976.45,8853.778571428571,7,Platinum,run_20260808_212843,2026-08-08T21:28:54.819066+00:00
C02427,69595.27,8699.40875,8,Silver,run_20260808_212843,2026-08-08T21:28:54.819066+00:00
C02428,59389.64,7423.705,8,Bronze,run_20260808_212843,2026-08-08T21:28:54.819066+00:00
C02429,33776.88,11258.96,3,Bronze,run_20260808_212843,2026-08-08T21:28:54.819066+00:00
C02430,25261.04,8420.346666666666,3,Silver,run_20260808_212843,2026-08-08T21:28:54.819066+00:00
C02431,93778.81,10419.867777777778,9,Gold,run_20260808_212843,2026-08-08T21:28:54.819066+00:00
C02432,45321.19,5665.14875,8,Bronze,run_20260808_212843,2026-08-08T21:28:54.819066+00:00
C02433,28908.879999999997,4818.1466666666665,6,Gold,run_20260808_212843,2026-08-08T21:28:54.819066+00:00
C02435,26696.43,5339.286,5,Gold,run_20260808_212843,2026-08-08T21:28:54.819066+00:00
C02436,53862.78,8977.13,6,Silver,run_20260808_212843,2026-08-08T21:28:54.819066+00:00
C02437,28130.350000000002,4688.391666666667,6,Platinum,run_20260808_212843,2026-08-08T21:28:54.819066+00:00
C02438,60452.649999999994,15113.162499999999,4,Platinum,run_20260808_212843,2026-08-08T21:28:54.819066+00:00
C02439,4553.610000000001,2276.8050000000003,2,Bronze,run_20260808_212843,2026-08-08T21:28:54.819066+00:00
C02440,27670.8,6917.7,4,Bronze,run_20260808_212843,2026-08-08T21:28:54.819066+00:00
C02441,13350.56,4450.1866666666665,3,Gold,run_20260808_212843,2026-08-08T21:28:54.819066+00:00
C02442,55660.75,7951.535714285715,7,Gold,run_20260808_212843,2026-08-08T21:28:54.819066+00:00
C02443,59304.2,8472.028571428571,7,Bronze,run_20260808_212843,2026-08-08T21:28:54.819066+00:00
C02444,20796.98,4159.396,5,Platinum,run_20260808_212843,2026-08-08T21:28:54.819066+00:00
C02445,22094.08,4418.816000000001,5,Silver,run_20260808_212843,2026-08-08T21:28:54.819066+00:00
C02446,31194.86,7798.715,4,Platinum,run_20260808_212843,2026-08-08T21:28:54.819066+00:00
C02447,42700.21,8540.042,5,Bronze,run_20260808_212843,2026-08-08T21:28:54.819066+00:00
C02448,35699.68,17849.84,2,Silver,run_20260808_212843,2026-08-08T21:28:54.819066+00:00
C02449,1247.62,1247.62,1,Gold,run_20260808_212843,2026-08-08T21:28:54.819066+00:00
C02450,46668.81,6666.972857142857,7,Bronze,run_20260808_212843,2026-08-08T21:28:54.819066+00:00
C02451,18658.52,4664.63,4,Platinum,run_20260808_212843,2026-08-08T21:28:54.819066+00:00
C02452,35786.130000000005,5964.3550000000005,6,Gold,run_20260808_212843,2026-08-08T21:28:54.819066+00:00
C02453,33250.93,6650.186,5,Gold,run_20260808_212843,2026-08-08T21:28:54.819066+00:00
C02454,36969.03,12323.01,3,Bronze,run_20260808_212843,2026-08-08T21:28:54.819066+00:00
C02455,69186.07,9883.724285714286,7,Platinum,run_20260808_212843,2026-08-08T21:28:54.819066+00:00
C02456,53611.850000000006,8935.308333333334,6,Bronze,run_20260808_212843,2026-08-08T21:28:54.819066+00:00
C02457,56218.22,6246.468888888889,9,Silver,run_20260808_212843,2026-08-08T21:28:54.819066+00:00
C02458,66119.01,9445.572857142857,7,Silver,run_20260808_212843,2026-08-08T21:28:54.819066+00:00
C02459,10528.4,3509.4666666666667,3,Gold,run_20260808_212843,2026-08-08T21:28:54.819066+00:00
C02460,26467.010000000002,4411.168333333334,6,Platinum,run_20260808_212843,2026-08-08T21:28:54.819066+00:00
C02461,36611.07,9152.7675,4,Silver,run_20260808_212843,2026-08-08T21:28:54.819066+00:00
C02462,63148.28,9021.182857142858,7,Silver,run_20260808_212843,2026-08-08T21:28:54.819066+00:00
C02463,61897.869999999995,8842.552857142857,7,Silver,run_20260808_212843,2026-08-08T21:28:54.819066+00:00
C02464,1531.24,1531.24,1,Silver,run_20260808_212843,2026-08-08T21:28:54.819066+00:00
C02465,40820.41,4535.601111111111,9,Bronze,run_20260808_212843,2026-08-08T21:28:54.819066+00:00
C02466,52866.17999999999,8811.029999999999,6,Gold,run_20260808_212843,2026-08-08T21:28:54.819066+00:00
C02467,7220.0599999999995,3610.0299999999997,2,Gold,run_20260808_212843,2026-08-08T21:28:54.819066+00:00
C02468,17654.39,4413.5975,4,Silver,run_20260808_212843,2026-08-08T21:28:54.819066+00:00
C02469,49101.57,7014.51,7,Gold,run_20260808_212843,2026-08-08T21:28:54.819066+00:00
C02470,88827.0,12689.57142857143,7,Gold,run_20260808_212843,2026-08-08T21:28:54.819066+00:00
C02471,60919.47,8702.781428571428,7,Gold,run_20260808_212843,2026-08-08T21:28:54.819066+00:00
C02473,39038.8,9759.7,4,Bronze,run_20260808_212843,2026-08-08T21:28:54.819066+00:00
C02474,11288.08,5644.04,2,Silver,run_20260808_212843,2026-08-08T21:28:54.819066+00:00
C02475,4000.37,4000.37,1,Platinum,run_20260808_212843,2026-08-08T21:28:54.819066+00:00
C02476,26959.52,8986.506666666666,3,Bronze,run_20260808_212843,2026-08-08T21:28:54.819066+00:00
C02477,70598.35,7844.261111111112,9,Gold,run_20260808_212843,2026-08-08T21:28:54.819066+00:00
C02478,76093.37,12682.228333333333,6,Silver,run_20260808_212843,2026-08-08T21:28:54.819066+00:00
C02479,26081.15,6520.2875,4,Silver,run_20260808_212843,2026-08-08T21:28:54.819066+00:00
C02480,13888.75,2777.75,5,Silver,run_20260808_212843,2026-08-08T21:28:54.819066+00:00
C02481,35754.05,11918.016666666668,3,Silver,run_20260808_212843,2026-08-08T21:28:54.819066+00:00
C02482,71175.54000000001,8896.942500000001,8,Gold,run_20260808_212843,2026-08-08T21:28:54.819066+00:00
C02483,22212.14,5553.035,4,Silver,run_20260808_212843,2026-08-08T21:28:54.819066+00:00
C02484,27100.42,5420.084,5,Platinum,run_20260808_212843,2026-08-08T21:28:54.819066+00:00
C02485,17979.71,4494.9275,4,Platinum,run_20260808_212843,2026-08-08T21:28:54.819066+00:00
C02486,81465.23,8146.522999999999,10,Silver,run_20260808_212843,2026-08-08T21:28:54.819066+00:00
C02487,32853.49,5475.581666666666,6,Gold,run_20260808_212843,2026-08-08T21:28:54.819066+00:00
C02488,48459.2,9691.84,5,Platinum,run_20260808_212843,2026-08-08T21:28:54.819066+00:00
C02489,60118.23,8588.318571428572,7,Platinum,run_20260808_212843,2026-08-08T21:28:54.819066+00:00
C02490,70436.92,7826.324444444444,9,Platinum,run_20260808_212843,2026-08-08T21:28:54.819066+00:00
C02491,42081.62,5260.2025,8,Bronze,run_20260808_212843,2026-08-08T21:28:54.819066+00:00
C02492,56873.17,9478.861666666666,6,Bronze,run_20260808_212843,2026-08-08T21:28:54.819066+00:00
C02493,15503.22,3875.805,4,Platinum,run_20260808_212843,2026-08-08T21:28:54.819066+00:00
C02494,41308.96,5163.62,8,Gold,run_20260808_212843,2026-08-08T21:28:54.819066+00:00
C02495,11061.32,3687.1066666666666,3,Gold,run_20260808_212843,2026-08-08T21:28:54.819066+00:00
C02496,89828.1,11228.5125,8,Platinum,run_20260808_212843,2026-08-08T21:28:54.819066+00:00
C02497,38638.63,5519.8042857142855,7,Platinum,run_20260808_212843,2026-08-08T21:28:54.819066+00:00
C02498,33362.67,4170.33375,8,Gold,run_20260808_212843,2026-08-08T21:28:54.819066+00:00
C02499,47724.65,6817.807142857143,7,Bronze,run_20260808_212843,2026-08-08T21:28:54.819066+00:00
C02500,36717.92,6119.653333333333,6,Bronze,run_20260808_212843,2026-08-08T21:28:54.819066+00:00
C02501,61372.53999999999,10228.756666666666,6,Platinum,run_20260808_212843,2026-08-08T21:28:54.819066+00:00
C02502,38871.36,6478.56,6,Gold,run_20260808_212843,2026-08-08T21:28:54.819066+00:00
C02503,1763.52,881.76,2,Bronze,run_20260808_212843,2026-08-08T21:28:54.819066+00:00
C02504,53090.03,8848.338333333333,6,Platinum,run_20260808_212843,2026-08-08T21:28:54.819066+00:00
C02505,11135.31,5567.655,2,Silver,run_20260808_212843,2026-08-08T21:28:54.819066+00:00
C02506,55586.229999999996,11117.246,5,Platinum,run_20260808_212843,2026-08-08T21:28:54.819066+00:00
C02507,19880.53,6626.843333333333,3,Silver,run_20260808_212843,2026-08-08T21:28:54.819066+00:00
C02508,53703.28,10740.655999999999,5,Platinum,run_20260808_212843,2026-08-08T21:28:54.819066+00:00
C02509,35268.05,5878.008333333334,6,Gold,run_20260808_212843,2026-08-08T21:28:54.819066+00:00
C02510,59496.189999999995,11899.238,5,Gold,run_20260808_212843,2026-08-08T21:28:54.819066+00:00
C02511,48615.63,9723.126,5,Gold,run_20260808_212843,2026-08-08T21:28:54.819066+00:00
C02512,3792.6,1896.3,2,Gold,run_20260808_212843,2026-08-08T21:28:54.819066+00:00
C02513,60251.91,7531.48875,8,Silver,run_20260808_212843,2026-08-08T21:28:54.819066+00:00
C02514,48529.56,6932.794285714285,7,Platinum,run_20260808_212843,2026-08-08T21:28:54.819066+00:00
C02515,22282.760000000002,4456.552000000001,5,Gold,run_20260808_212843,2026-08-08T21:28:54.819066+00:00
C02516,2277.27,2277.27,1,Bronze,run_20260808_212843,2026-08-08T21:28:54.819066+00:00
C02517,8451.04,4225.52,2,Bronze,run_20260808_212843,2026-08-08T21:28:54.819066+00:00
C02518,27489.03,4581.505,6,Bronze,run_20260808_212843,2026-08-08T21:28:54.819066+00:00
C02519,69013.03,8626.62875,8,Platinum,run_20260808_212843,2026-08-08T21:28:54.819066+00:00
C02520,35806.159999999996,7161.231999999999,5,Bronze,run_20260808_212843,2026-08-08T21:28:54.819066+00:00
C02521,36541.01,7308.202,5,Bronze,run_20260808_212843,2026-08-08T21:28:54.819066+00:00
C02522,66501.42,11083.57,6,Silver,run_20260808_212843,2026-08-08T21:28:54.819066+00:00
C02523,47061.590000000004,7843.598333333334,6,Platinum,run_20260808_212843,2026-08-08T21:28:54.819066+00:00
C02524,23492.46,7830.82,3,Platinum,run_20260808_212843,2026-08-08T21:28:54.819066+00:00
C02525,20308.79,4061.7580000000003,5,Bronze,run_20260808_212843,2026-08-08T21:28:54.819066+00:00
C02526,41771.270000000004,10442.817500000001,4,Platinum,run_20260808_212843,2026-08-08T21:28:54.819066+00:00
C02527,31606.949999999997,5267.825,6,Silver,run_20260808_212843,2026-08-08T21:28:54.819066+00:00
C02528,26441.6,5288.32,5,Silver,run_20260808_212843,2026-08-08T21:28:54.819066+00:00
C02529,40767.73,10191.9325,4,Gold,run_20260808_212843,2026-08-08T21:28:54.819066+00:00
C02530,26406.059999999998,5281.2119999999995,5,Silver,run_20260808_212843,2026-08-08T21:28:54.819066+00:00
C02531,55179.97,6897.49625,8,Gold,run_20260808_212843,2026-08-08T21:28:54.819066+00:00
C02532,33521.57,6704.314,5,Bronze,run_20260808_212843,2026-08-08T21:28:54.819066+00:00
C02533,29992.030000000002,7498.007500000001,4,Gold,run_20260808_212843,2026-08-08T21:28:54.819066+00:00
C02534,53995.71000000001,10799.142000000002,5,Gold,run_20260808_212843,2026-08-08T21:28:54.819066+00:00
C02535,60160.57000000001,6016.057000000001,10,Bronze,run_20260808_212843,2026-08-08T21:28:54.819066+00:00
C02536,43417.89,7236.315,6,Gold,run_20260808_212843,2026-08-08T21:28:54.819066+00:00
C02537,25549.3,12774.65,2,Silver,run_20260808_212843,2026-08-08T21:28:54.819066+00:00
C02538,27713.149999999998,13856.574999999999,2,Bronze,run_20260808_212843,2026-08-08T21:28:54.819066+00:00
C02539,67865.94,7540.66,9,Platinum,run_20260808_212843,2026-08-08T21:28:54.819066+00:00
C02540,64366.66,9195.237142857144,7,Gold,run_20260808_212843,2026-08-08T21:28:54.819066+00:00
C02541,28349.43,7087.3575,4,Silver,run_20260808_212843,2026-08-08T21:28:54.819066+00:00
C02542,21385.88,4277.176,5,Platinum,run_20260808_212843,2026-08-08T21:28:54.819066+00:00
C02543,32184.73,8046.1825,4,Bronze,run_20260808_212843,2026-08-08T21:28:54.819066+00:00
C02544,44432.78,5554.0975,8,Bronze,run_20260808_212843,2026-08-08T21:28:54.819066+00:00
C02545,59089.97,8441.424285714285,7,Bronze,run_20260808_212843,2026-08-08T21:28:54.819066+00:00
C02546,51144.07,10228.814,5,Silver,run_20260808_212843,2026-08-08T21:28:54.819066+00:00
C02547,50773.689999999995,10154.738,5,Platinum,run_20260808_212843,2026-08-08T21:28:54.819066+00:00
C02548,28634.8,5726.96,5,Bronze,run_20260808_212843,2026-08-08T21:28:54.819066+00:00
C02549,15685.95,3921.4875,4,Silver,run_20260808_212843,2026-08-08T21:28:54.819066+00:00
C02550,64736.94,9248.134285714286,7,Silver,run_20260808_212843,2026-08-08T21:28:54.819066+00:00
C02551,1765.52,1765.52,1,Platinum,run_20260808_212843,2026-08-08T21:28:54.819066+00:00
C02552,86693.35,12384.764285714287,7,Bronze,run_20260808_212843,2026-08-08T21:28:54.819066+00:00
C02553,32678.23,6535.646,5,Bronze,run_20260808_212843,2026-08-08T21:28:54.819066+00:00
C02554,33744.05,11248.016666666668,3,Gold,run_20260808_212843,2026-08-08T21:28:54.819066+00:00
C02555,30906.68,7726.67,4,Bronze,run_20260808_212843,2026-08-08T21:28:54.819066+00:00
C02556,29580.66,7395.165,4,Platinum,run_20260808_212843,2026-08-08T21:28:54.819066+00:00
C02557,49486.869999999995,7069.552857142857,7,Silver,run_20260808_212843,2026-08-08T21:28:54.819066+00:00
C02558,52624.130000000005,10524.826000000001,5,Platinum,run_20260808_212843,2026-08-08T21:28:54.819066+00:00
C02559,25300.780000000002,5060.156000000001,5,Bronze,run_20260808_212843,2026-08-08T21:28:54.819066+00:00
C02560,27599.22,13799.61,2,Silver,run_20260808_212843,2026-08-08T21:28:54.819066+00:00
C02561,49641.51,8273.585000000001,6,Platinum,run_20260808_212843,2026-08-08T21:28:54.819066+00:00
C02562,18964.71,4741.1775,4,Bronze,run_20260808_212843,2026-08-08T21:28:54.819066+00:00
C02563,72260.0,10322.857142857143,7,Bronze,run_20260808_212843,2026-08-08T21:28:54.819066+00:00
C02564,42559.16,8511.832,5,Bronze,run_20260808_212843,2026-08-08T21:28:54.819066+00:00
C02565,2824.02,2824.02,1,Gold,run_20260808_212843,2026-08-08T21:28:54.819066+00:00
C02566,36131.170000000006,7226.234000000001,5,Gold,run_20260808_212843,2026-08-08T21:28:54.819066+00:00
C02567,95839.56,13691.365714285714,7,Gold,run_20260808_212843,2026-08-08T21:28:54.819066+00:00
C02568,20846.97,2978.1385714285716,7,Silver,run_20260808_212843,2026-08-08T21:28:54.819066+00:00
C02569,25213.69,8404.563333333334,3,Platinum,run_20260808_212843,2026-08-08T21:28:54.819066+00:00
C02570,11611.57,2322.314,5,Silver,run_20260808_212843,2026-08-08T21:28:54.819066+00:00
C02571,77023.18,12837.196666666665,6,Silver,run_20260808_212843,2026-08-08T21:28:54.819066+00:00
C02572,38902.62,12967.54,3,Bronze,run_20260808_212843,2026-08-08T21:28:54.819066+00:00
C02573,28041.82,9347.273333333333,3,Bronze,run_20260808_212843,2026-08-08T21:28:54.819066+00:00
C02574,43496.2,7249.366666666666,6,Silver,run_20260808_212843,2026-08-08T21:28:54.819066+00:00
C02575,33417.69,6683.5380000000005,5,Platinum,run_20260808_212843,2026-08-08T21:28:54.819066+00:00
C02576,25919.94,5183.987999999999,5,Gold,run_20260808_212843,2026-08-08T21:28:54.819066+00:00
C02577,39219.8,4902.475,8,Silver,run_20260808_212843,2026-08-08T21:28:54.819066+00:00
C02578,36971.55,7394.31,5,Silver,run_20260808_212843,2026-08-08T21:28:54.819066+00:00
C02579,48595.17,6942.167142857143,7,Platinum,run_20260808_212843,2026-08-08T21:28:54.819066+00:00
C02580,43463.01,8692.602,5,Platinum,run_20260808_212843,2026-08-08T21:28:54.819066+00:00
C02581,17378.62,5792.873333333333,3,Silver,run_20260808_212843,2026-08-08T21:28:54.819066+00:00
C02582,41797.700000000004,5971.1,7,Bronze,run_20260808_212843,2026-08-08T21:28:54.819066+00:00
C02583,52574.66,10514.932,5,Bronze,run_20260808_212843,2026-08-08T21:28:54.819066+00:00
C02584,22471.38,4494.276,5,Silver,run_20260808_212843,2026-08-08T21:28:54.819066+00:00
C02585,20429.54,6809.846666666667,3,Bronze,run_20260808_212843,2026-08-08T21:28:54.819066+00:00
C02586,49559.22,9911.844000000001,5,Platinum,run_20260808_212843,2026-08-08T21:28:54.819066+00:00
C02587,64215.13,9173.59,7,Gold,run_20260808_212843,2026-08-08T21:28:54.819066+00:00
C02588,51128.979999999996,5680.997777777778,9,Platinum,run_20260808_212843,2026-08-08T21:28:54.819066+00:00
C02589,27256.98,6814.245,4,Gold,run_20260808_212843,2026-08-08T21:28:54.819066+00:00
C02590,30552.79,7638.1975,4,Silver,run_20260808_212843,2026-08-08T21:28:54.819066+00:00
C02591,70214.58,11702.43,6,Silver,run_20260808_212843,2026-08-08T21:28:54.819066+00:00
C02592,35778.68,8944.67,4,Gold,run_20260808_212843,2026-08-08T21:28:54.819066+00:00
C02593,39374.0,9843.5,4,Bronze,run_20260808_212843,2026-08-08T21:28:54.819066+00:00
C02594,31067.410000000003,5177.901666666668,6,Silver,run_20260808_212843,2026-08-08T21:28:54.819066+00:00
C02595,12192.61,3048.1525,4,Gold,run_20260808_212843,2026-08-08T21:28:54.819066+00:00
C02596,67233.92,8404.24,8,Bronze,run_20260808_212843,2026-08-08T21:28:54.819066+00:00
C02597,29269.95,7317.4875,4,Gold,run_20260808_212843,2026-08-08T21:28:54.819066+00:00
C02598,80678.96,8067.896000000001,10,Silver,run_20260808_212843,2026-08-08T21:28:54.819066+00:00
C02599,16260.41,8130.205,2,Silver,run_20260808_212843,2026-08-08T21:28:54.819066+00:00
C02600,6605.46,3302.73,2,Platinum,run_20260808_212843,2026-08-08T21:28:54.819066+00:00
C02601,60141.54,10023.59,6,Gold,run_20260808_212843,2026-08-08T21:28:54.819066+00:00
C02602,15263.2,15263.2,1,Bronze,run_20260808_212843,2026-08-08T21:28:54.819066+00:00
C02603,2302.8999999999996,1151.4499999999998,2,Silver,run_20260808_212843,2026-08-08T21:28:54.819066+00:00
C02604,21239.67,5309.9175,4,Platinum,run_20260808_212843,2026-08-08T21:28:54.819066+00:00
C02605,58050.26,6450.028888888889,9,Platinum,run_20260808_212843,2026-08-08T21:28:54.819066+00:00
C02606,40809.55,8161.910000000001,5,Bronze,run_20260808_212843,2026-08-08T21:28:54.819066+00:00
C02607,41871.7,8374.34,5,Silver,run_20260808_212843,2026-08-08T21:28:54.819066+00:00
C02608,39494.979999999996,7898.995999999999,5,Platinum,run_20260808_212843,2026-08-08T21:28:54.819066+00:00
C02609,72360.42,14472.083999999999,5,Bronze,run_20260808_212843,2026-08-08T21:28:54.819066+00:00
C02610,29645.52,4940.92,6,Bronze,run_20260808_212843,2026-08-08T21:28:54.819066+00:00
C02611,11871.74,2967.935,4,Gold,run_20260808_212843,2026-08-08T21:28:54.819066+00:00
C02612,83641.82,11948.83142857143,7,Gold,run_20260808_212843,2026-08-08T21:28:54.819066+00:00
C02613,28369.93,9456.643333333333,3,Silver,run_20260808_212843,2026-08-08T21:28:54.819066+00:00
C02614,56946.19,8135.17,7,Platinum,run_20260808_212843,2026-08-08T21:28:54.819066+00:00
C02615,53562.619999999995,7651.802857142857,7,Platinum,run_20260808_212843,2026-08-08T21:28:54.819066+00:00
C02616,33685.9,4812.271428571429,7,Gold,run_20260808_212843,2026-08-08T21:28:54.819066+00:00
C02617,34815.8,11605.266666666668,3,Silver,run_20260808_212843,2026-08-08T21:28:54.819066+00:00
C02618,39632.14,4954.0175,8,Platinum,run_20260808_212843,2026-08-08T21:28:54.819066+00:00
C02619,36069.7,9017.425,4,Bronze,run_20260808_212843,2026-08-08T21:28:54.819066+00:00
C02620,45851.07,9170.214,5,Bronze,run_20260808_212843,2026-08-08T21:28:54.819066+00:00
C02621,56549.600000000006,11309.920000000002,5,Bronze,run_20260808_212843,2026-08-08T21:28:54.819066+00:00
C02622,22678.4,11339.2,2,Bronze,run_20260808_212843,2026-08-08T21:28:54.819066+00:00
C02623,35850.39,11950.13,3,Gold,run_20260808_212843,2026-08-08T21:28:54.819066+00:00
C02624,42029.33,8405.866,5,Silver,run_20260808_212843,2026-08-08T21:28:54.819066+00:00
C02625,12556.34,4185.446666666667,3,Bronze,run_20260808_212843,2026-08-08T21:28:54.819066+00:00
C02626,13613.54,4537.846666666667,3,Bronze,run_20260808_212843,2026-08-08T21:28:54.819066+00:00
C02627,41694.46,6949.076666666667,6,Platinum,run_20260808_212843,2026-08-08T21:28:54.819066+00:00
C02628,25978.1,8659.366666666667,3,Gold,run_20260808_212843,2026-08-08T21:28:54.819066+00:00
C02629,51739.38,5748.82,9,Platinum,run_20260808_212843,2026-08-08T21:28:54.819066+00:00
C02630,57808.9,14452.225,4,Platinum,run_20260808_212843,2026-08-08T21:28:54.819066+00:00
C02631,69287.33,6298.848181818182,11,Platinum,run_20260808_212843,2026-08-08T21:28:54.819066+00:00
C02632,33978.48,6795.696000000001,5,Bronze,run_20260808_212843,2026-08-08T21:28:54.819066+00:00
C02633,23889.13,7963.043333333334,3,Silver,run_20260808_212843,2026-08-08T21:28:54.819066+00:00
C02634,22615.14,7538.38,3,Gold,run_20260808_212843,2026-08-08T21:28:54.819066+00:00
C02635,46003.28,9200.655999999999,5,Bronze,run_20260808_212843,2026-08-08T21:28:54.819066+00:00
C02636,43637.87,14545.956666666667,3,Gold,run_20260808_212843,2026-08-08T21:28:54.819066+00:00
C02637,36663.67,7332.7339999999995,5,Bronze,run_20260808_212843,2026-08-08T21:28:54.819066+00:00
C02638,28201.23,4028.747142857143,7,Silver,run_20260808_212843,2026-08-08T21:28:54.819066+00:00
C02639,6951.59,3475.795,2,Silver,run_20260808_212843,2026-08-08T21:28:54.819066+00:00
C02640,61516.799999999996,10252.8,6,Gold,run_20260808_212843,2026-08-08T21:28:54.819066+00:00
C02641,12144.800000000001,4048.266666666667,3,Platinum,run_20260808_212843,2026-08-08T21:28:54.819066+00:00
C02642,92225.18000000001,10247.242222222223,9,Bronze,run_20260808_212843,2026-08-08T21:28:54.819066+00:00
C02643,47803.8,9560.76,5,Gold,run_20260808_212843,2026-08-08T21:28:54.819066+00:00
C02644,41825.56,8365.112,5,Platinum,run_20260808_212843,2026-08-08T21:28:54.819066+00:00
C02645,35944.82,5990.803333333333,6,Silver,run_20260808_212843,2026-08-08T21:28:54.819066+00:00
C02646,22312.52,5578.13,4,Bronze,run_20260808_212843,2026-08-08T21:28:54.819066+00:00
C02647,25948.86,6487.215,4,Silver,run_20260808_212843,2026-08-08T21:28:54.819066+00:00
C02648,18798.17,9399.085,2,Bronze,run_20260808_212843,2026-08-08T21:28:54.819066+00:00
C02649,38831.23,4853.90375,8,Platinum,run_20260808_212843,2026-08-08T21:28:54.819066+00:00
C02650,4288.96,4288.96,1,Bronze,run_20260808_212843,2026-08-08T21:28:54.819066+00:00
C02651,40859.100000000006,6809.850000000001,6,Platinum,run_20260808_212843,2026-08-08T21:28:54.819066+00:00
C02652,50319.64,8386.606666666667,6,Bronze,run_20260808_212843,2026-08-08T21:28:54.819066+00:00
C02653,58126.2,11625.24,5,Gold,run_20260808_212843,2026-08-08T21:28:54.819066+00:00
C02654,40535.729999999996,20267.864999999998,2,Silver,run_20260808_212843,2026-08-08T21:28:54.819066+00:00
C02655,27134.73,5426.946,5,Bronze,run_20260808_212843,2026-08-08T21:28:54.819066+00:00
C02656,126182.22,11471.110909090909,11,Bronze,run_20260808_212843,2026-08-08T21:28:54.819066+00:00
C02657,24925.69,4985.138,5,Silver,run_20260808_212843,2026-08-08T21:28:54.819066+00:00
C02658,64033.75,10672.291666666666,6,Bronze,run_20260808_212843,2026-08-08T21:28:54.819066+00:00
C02659,42241.82,5280.2275,8,Silver,run_20260808_212843,2026-08-08T21:28:54.819066+00:00
C02660,30867.549999999996,5144.591666666666,6,Platinum,run_20260808_212843,2026-08-08T21:28:54.819066+00:00
C02661,33216.22,6643.244000000001,5,Gold,run_20260808_212843,2026-08-08T21:28:54.819066+00:00
C02662,67783.24,9683.320000000002,7,Gold,run_20260808_212843,2026-08-08T21:28:54.819066+00:00
C02663,28568.45,7142.1125,4,Silver,run_20260808_212843,2026-08-08T21:28:54.819066+00:00
C02664,53489.69,10697.938,5,Gold,run_20260808_212843,2026-08-08T21:28:54.819066+00:00
C02665,32559.870000000003,8139.967500000001,4,Silver,run_20260808_212843,2026-08-08T21:28:54.819066+00:00
C02666,80251.97,8916.885555555556,9,Gold,run_20260808_212843,2026-08-08T21:28:54.819066+00:00
C02667,48440.82,6920.117142857142,7,Bronze,run_20260808_212843,2026-08-08T21:28:54.819066+00:00
C02668,28201.420000000002,5640.284000000001,5,Bronze,run_20260808_212843,2026-08-08T21:28:54.819066+00:00
C02669,53580.69,6697.58625,8,Gold,run_20260808_212843,2026-08-08T21:28:54.819066+00:00
C02670,52701.509999999995,7528.7871428571425,7,Platinum,run_20260808_212843,2026-08-08T21:28:54.819066+00:00
C02671,46228.240000000005,7704.706666666668,6,Gold,run_20260808_212843,2026-08-08T21:28:54.819066+00:00
C02672,21800.16,5450.04,4,Bronze,run_20260808_212843,2026-08-08T21:28:54.819066+00:00
C02673,34245.05,5707.508333333334,6,Gold,run_20260808_212843,2026-08-08T21:28:54.819066+00:00
C02674,43595.03,8719.006,5,Bronze,run_20260808_212843,2026-08-08T21:28:54.819066+00:00
C02675,54951.78,10990.356,5,Platinum,run_20260808_212843,2026-08-08T21:28:54.819066+00:00
C02676,7604.58,2534.86,3,Platinum,run_20260808_212843,2026-08-08T21:28:54.819066+00:00
C02677,53580.39,5953.376666666667,9,Gold,run_20260808_212843,2026-08-08T21:28:54.819066+00:00
C02678,25830.86,5166.1720000000005,5,Bronze,run_20260808_212843,2026-08-08T21:28:54.819066+00:00
C02679,24914.29,6228.5725,4,Platinum,run_20260808_212843,2026-08-08T21:28:54.819066+00:00
C02680,26530.27,5306.054,5,Silver,run_20260808_212843,2026-08-08T21:28:54.819066+00:00
C02681,19173.74,6391.246666666667,3,Gold,run_20260808_212843,2026-08-08T21:28:54.819066+00:00
C02682,18383.739999999998,9191.869999999999,2,Silver,run_20260808_212843,2026-08-08T21:28:54.819066+00:00
C02683,56397.130000000005,9399.521666666667,6,Gold,run_20260808_212843,2026-08-08T21:28:54.819066+00:00
C02684,37491.54,7498.308,5,Bronze,run_20260808_212843,2026-08-08T21:28:54.819066+00:00
C02685,23801.78,7933.926666666666,3,Bronze,run_20260808_212843,2026-08-08T21:28:54.819066+00:00
C02686,30133.81,7533.4525,4,Silver,run_20260808_212843,2026-08-08T21:28:54.819066+00:00
C02687,20375.97,5093.9925,4,Bronze,run_20260808_212843,2026-08-08T21:28:54.819066+00:00
C02688,41618.350000000006,10404.587500000001,4,Bronze,run_20260808_212843,2026-08-08T21:28:54.819066+00:00
C02689,21398.129999999997,10699.064999999999,2,Bronze,run_20260808_212843,2026-08-08T21:28:54.819066+00:00
C02690,19838.66,4959.665,4,Silver,run_20260808_212843,2026-08-08T21:28:54.819066+00:00
C02691,44957.05,4995.227777777778,9,Bronze,run_20260808_212843,2026-08-08T21:28:54.819066+00:00
C02692,27907.82,9302.606666666667,3,Platinum,run_20260808_212843,2026-08-08T21:28:54.819066+00:00
C02693,26664.41,6666.1025,4,Gold,run_20260808_212843,2026-08-08T21:28:54.819066+00:00
C02694,21175.57,5293.8925,4,Platinum,run_20260808_212843,2026-08-08T21:28:54.819066+00:00
C02695,62344.19,6927.1322222222225,9,Silver,run_20260808_212843,2026-08-08T21:28:54.819066+00:00
C02696,41965.64,8393.128,5,Silver,run_20260808_212843,2026-08-08T21:28:54.819066+00:00
C02697,28839.559999999998,7209.889999999999,4,Bronze,run_20260808_212843,2026-08-08T21:28:54.819066+00:00
C02698,24792.940000000002,4132.156666666667,6,Platinum,run_20260808_212843,2026-08-08T21:28:54.819066+00:00
C02699,52751.36,7535.908571428571,7,Silver,run_20260808_212843,2026-08-08T21:28:54.819066+00:00
C02700,31291.18,7822.795,4,Gold,run_20260808_212843,2026-08-08T21:28:54.819066+00:00
C02701,25844.14,6461.035,4,Silver,run_20260808_212843,2026-08-08T21:28:54.819066+00:00
C02702,43731.96,6247.422857142857,7,Platinum,run_20260808_212843,2026-08-08T21:28:54.819066+00:00
C02703,26059.58,13029.79,2,Gold,run_20260808_212843,2026-08-08T21:28:54.819066+00:00
C02704,43981.25,10995.3125,4,Gold,run_20260808_212843,2026-08-08T21:28:54.819066+00:00
C02705,31373.76,6274.7519999999995,5,Bronze,run_20260808_212843,2026-08-08T21:28:54.819066+00:00
C02706,47593.26,7932.21,6,Gold,run_20260808_212843,2026-08-08T21:28:54.819066+00:00
C02707,29612.79,4935.465,6,Bronze,run_20260808_212843,2026-08-08T21:28:54.819066+00:00
C02708,45149.43,5643.67875,8,Bronze,run_20260808_212843,2026-08-08T21:28:54.819066+00:00
C02709,35440.33,7088.066000000001,5,Silver,run_20260808_212843,2026-08-08T21:28:54.819066+00:00
C02710,19836.02,4959.005,4,Silver,run_20260808_212843,2026-08-08T21:28:54.819066+00:00
C02711,35179.26,8794.815,4,Bronze,run_20260808_212843,2026-08-08T21:28:54.819066+00:00
C02712,10466.63,3488.8766666666666,3,Platinum,run_20260808_212843,2026-08-08T21:28:54.819066+00:00
C02713,43557.7,6222.528571428571,7,Bronze,run_20260808_212843,2026-08-08T21:28:54.819066+00:00
C02714,66914.89,6691.489,10,Platinum,run_20260808_212843,2026-08-08T21:28:54.819066+00:00
C02715,38490.729999999996,7698.145999999999,5,Gold,run_20260808_212843,2026-08-08T21:28:54.819066+00:00
C02716,43395.15,4821.683333333333,9,Gold,run_20260808_212843,2026-08-08T21:28:54.819066+00:00
C02717,7171.55,7171.55,1,Gold,run_20260808_212843,2026-08-08T21:28:54.819066+00:00
C02718,27370.82,5474.164,5,Bronze,run_20260808_212843,2026-08-08T21:28:54.819066+00:00
C02719,39536.54,9884.135,4,Platinum,run_20260808_212843,2026-08-08T21:28:54.819066+00:00
C02720,51657.82,8609.636666666667,6,Bronze,run_20260808_212843,2026-08-08T21:28:54.819066+00:00
C02721,11351.52,5675.76,2,Gold,run_20260808_212843,2026-08-08T21:28:54.819066+00:00
C02722,49979.86,12494.965,4,Silver,run_20260808_212843,2026-08-08T21:28:54.819066+00:00
C02723,22888.25,7629.416666666667,3,Gold,run_20260808_212843,2026-08-08T21:28:54.819066+00:00
C02724,46799.65,9359.93,5,Gold,run_20260808_212843,2026-08-08T21:28:54.819066+00:00
C02725,3610.6099999999997,1805.3049999999998,2,Silver,run_20260808_212843,2026-08-08T21:28:54.819066+00:00
C02726,27127.97,9042.656666666668,3,Platinum,run_20260808_212843,2026-08-08T21:28:54.819066+00:00
C02727,81820.08,8182.008,10,Gold,run_20260808_212843,2026-08-08T21:28:54.819066+00:00
C02729,31204.02,10401.34,3,Silver,run_20260808_212843,2026-08-08T21:28:54.819066+00:00
C02730,23191.67,7730.556666666666,3,Silver,run_20260808_212843,2026-08-08T21:28:54.819066+00:00
C02731,65324.020000000004,10887.336666666668,6,Silver,run_20260808_212843,2026-08-08T21:28:54.819066+00:00
C02732,13653.99,6826.995,2,Bronze,run_20260808_212843,2026-08-08T21:28:54.819066+00:00
C02733,26849.54,13424.77,2,Platinum,run_20260808_212843,2026-08-08T21:28:54.819066+00:00
C02734,64528.78,8066.0975,8,Bronze,run_20260808_212843,2026-08-08T21:28:54.819066+00:00
C02735,73951.86,9243.9825,8,Silver,run_20260808_212843,2026-08-08T21:28:54.819066+00:00
C02736,35416.46,8854.115,4,Gold,run_20260808_212843,2026-08-08T21:28:54.819066+00:00
C02737,47920.16,6845.737142857143,7,Bronze,run_20260808_212843,2026-08-08T21:28:54.819066+00:00
C02738,42240.770000000004,6034.395714285715,7,Gold,run_20260808_212843,2026-08-08T21:28:54.819066+00:00
C02739,55602.23,9267.038333333334,6,Bronze,run_20260808_212843,2026-08-08T21:28:54.819066+00:00
C02740,24996.449999999997,8332.15,3,Platinum,run_20260808_212843,2026-08-08T21:28:54.819066+00:00
C02741,56149.619999999995,8021.374285714285,7,Gold,run_20260808_212843,2026-08-08T21:28:54.819066+00:00
C02742,6653.860000000001,2217.9533333333334,3,Bronze,run_20260808_212843,2026-08-08T21:28:54.819066+00:00
C02743,64174.63,8021.82875,8,Silver,run_20260808_212843,2026-08-08T21:28:54.819066+00:00
C02744,29418.949999999997,7354.737499999999,4,Silver,run_20260808_212843,2026-08-08T21:28:54.819066+00:00
C02745,46914.03,6702.004285714285,7,Platinum,run_20260808_212843,2026-08-08T21:28:54.819066+00:00
C02746,33020.0,5503.333333333333,6,Platinum,run_20260808_212843,2026-08-08T21:28:54.819066+00:00
C02747,5633.84,2816.92,2,Bronze,run_20260808_212843,2026-08-08T21:28:54.819066+00:00
C02748,34684.93,5780.821666666667,6,Silver,run_20260808_212843,2026-08-08T21:28:54.819066+00:00
C02749,35887.759999999995,5126.822857142856,7,Gold,run_20260808_212843,2026-08-08T21:28:54.819066+00:00
C02750,12295.17,4098.39,3,Bronze,run_20260808_212843,2026-08-08T21:28:54.819066+00:00
C02751,50671.85,12667.9625,4,Bronze,run_20260808_212843,2026-08-08T21:28:54.819066+00:00
C02752,57823.06,8260.437142857143,7,Silver,run_20260808_212843,2026-08-08T21:28:54.819066+00:00
C02753,41343.5,10335.875,4,Platinum,run_20260808_212843,2026-08-08T21:28:54.819066+00:00
C02754,6202.09,2067.3633333333332,3,Gold,run_20260808_212843,2026-08-08T21:28:54.819066+00:00
C02755,23588.22,11794.11,2,Platinum,run_20260808_212843,2026-08-08T21:28:54.819066+00:00
C02756,4697.74,1565.9133333333332,3,Bronze,run_20260808_212843,2026-08-08T21:28:54.819066+00:00
C02757,1948.38,974.19,2,Bronze,run_20260808_212843,2026-08-08T21:28:54.819066+00:00
C02758,37644.72,6274.12,6,Silver,run_20260808_212843,2026-08-08T21:28:54.819066+00:00
C02759,18299.899999999998,4574.974999999999,4,Platinum,run_20260808_212843,2026-08-08T21:28:54.819066+00:00
C02760,30972.440000000002,5162.073333333334,6,Bronze,run_20260808_212843,2026-08-08T21:28:54.819066+00:00
C02761,22044.7,3674.116666666667,6,Bronze,run_20260808_212843,2026-08-08T21:28:54.819066+00:00
C02762,24626.72,6156.68,4,Platinum,run_20260808_212843,2026-08-08T21:28:54.819066+00:00
C02763,86134.12,9570.457777777778,9,Silver,run_20260808_212843,2026-08-08T21:28:54.819066+00:00
C02764,6951.58,3475.79,2,Silver,run_20260808_212843,2026-08-08T21:28:54.819066+00:00
C02766,72741.46,12123.576666666668,6,Gold,run_20260808_212843,2026-08-08T21:28:54.819066+00:00
C02767,22738.9,7579.633333333334,3,Gold,run_20260808_212843,2026-08-08T21:28:54.819066+00:00
C02768,59377.17,8482.452857142856,7,Platinum,run_20260808_212843,2026-08-08T21:28:54.819066+00:00
C02769,27664.75,3952.1071428571427,7,Gold,run_20260808_212843,2026-08-08T21:28:54.819066+00:00
C02770,16052.05,5350.683333333333,3,Gold,run_20260808_212843,2026-08-08T21:28:54.819066+00:00
C02771,29587.36,4931.2266666666665,6,Platinum,run_20260808_212843,2026-08-08T21:28:54.819066+00:00
C02772,13422.17,4474.056666666666,3,Gold,run_20260808_212843,2026-08-08T21:28:54.819066+00:00
C02773,37514.37,9378.5925,4,Silver,run_20260808_212843,2026-08-08T21:28:54.819066+00:00
C02774,12624.36,4208.12,3,Bronze,run_20260808_212843,2026-08-08T21:28:54.819066+00:00
C02775,17505.9,17505.9,1,Silver,run_20260808_212843,2026-08-08T21:28:54.819066+00:00
C02776,20525.08,6841.693333333334,3,Silver,run_20260808_212843,2026-08-08T21:28:54.819066+00:00
C02777,9277.16,2319.29,4,Bronze,run_20260808_212843,2026-08-08T21:28:54.819066+00:00
C02778,22592.12,7530.706666666666,3,Silver,run_20260808_212843,2026-08-08T21:28:54.819066+00:00
C02779,37051.83,6175.305,6,Bronze,run_20260808_212843,2026-08-08T21:28:54.819066+00:00
C02780,14991.21,4997.07,3,Silver,run_20260808_212843,2026-08-08T21:28:54.819066+00:00
C02781,56747.82,11349.564,5,Platinum,run_20260808_212843,2026-08-08T21:28:54.819066+00:00
C02782,16760.199999999997,5586.733333333333,3,Platinum,run_20260808_212843,2026-08-08T21:28:54.819066+00:00
C02783,45314.299999999996,9062.859999999999,5,Gold,run_20260808_212843,2026-08-08T21:28:54.819066+00:00
C02784,26823.760000000002,6705.9400000000005,4,Platinum,run_20260808_212843,2026-08-08T21:28:54.819066+00:00
C02785,34879.94,6975.988,5,Bronze,run_20260808_212843,2026-08-08T21:28:54.819066+00:00
C02786,29954.09,4279.155714285715,7,Gold,run_20260808_212843,2026-08-08T21:28:54.819066+00:00
C02787,28474.410000000003,9491.470000000001,3,Silver,run_20260808_212843,2026-08-08T21:28:54.819066+00:00
C02788,57770.75,14442.6875,4,Platinum,run_20260808_212843,2026-08-08T21:28:54.819066+00:00
C02789,26180.21,8726.736666666666,3,Gold,run_20260808_212843,2026-08-08T21:28:54.819066+00:00
C02790,76756.39,6977.853636363637,11,Platinum,run_20260808_212843,2026-08-08T21:28:54.819066+00:00
C02791,14991.61,4997.203333333334,3,Gold,run_20260808_212843,2026-08-08T21:28:54.819066+00:00
C02792,57918.43000000001,7239.803750000001,8,Bronze,run_20260808_212843,2026-08-08T21:28:54.819066+00:00
C02793,57481.2,6386.799999999999,9,Bronze,run_20260808_212843,2026-08-08T21:28:54.819066+00:00
C02794,71925.48999999999,7991.72111111111,9,Silver,run_20260808_212843,2026-08-08T21:28:54.819066+00:00
C02795,58675.91,11735.182,5,Gold,run_20260808_212843,2026-08-08T21:28:54.819066+00:00
C02796,25480.87,6370.2175,4,Bronze,run_20260808_212843,2026-08-08T21:28:54.819066+00:00
C02797,51333.869999999995,7333.409999999999,7,Silver,run_20260808_212843,2026-08-08T21:28:54.819066+00:00
C02798,42412.74,6058.962857142857,7,Gold,run_20260808_212843,2026-08-08T21:28:54.819066+00:00
C02799,87367.17,8736.717,10,Silver,run_20260808_212843,2026-08-08T21:28:54.819066+00:00
C02800,51492.76,10298.552,5,Bronze,run_20260808_212843,2026-08-08T21:28:54.819066+00:00
C02801,66980.12,9568.58857142857,7,Silver,run_20260808_212843,2026-08-08T21:28:54.819066+00:00
C02802,46391.020000000004,9278.204000000002,5,Gold,run_20260808_212843,2026-08-08T21:28:54.819066+00:00
C02803,16908.79,4227.1975,4,Platinum,run_20260808_212843,2026-08-08T21:28:54.819066+00:00
C02804,11689.45,3896.4833333333336,3,Bronze,run_20260808_212843,2026-08-08T21:28:54.819066+00:00
C02805,21072.09,5268.0225,4,Gold,run_20260808_212843,2026-08-08T21:28:54.819066+00:00
C02806,44586.79,7431.131666666667,6,Gold,run_20260808_212843,2026-08-08T21:28:54.819066+00:00
C02807,76389.19,12731.531666666668,6,Silver,run_20260808_212843,2026-08-08T21:28:54.819066+00:00
C02808,38262.58,6377.096666666667,6,Bronze,run_20260808_212843,2026-08-08T21:28:54.819066+00:00
C02809,36454.18,7290.836,5,Platinum,run_20260808_212843,2026-08-08T21:28:54.819066+00:00
C02810,27021.82,9007.273333333333,3,Platinum,run_20260808_212843,2026-08-08T21:28:54.819066+00:00
C02811,60727.88,7590.985,8,Silver,run_20260808_212843,2026-08-08T21:28:54.819066+00:00
C02812,9538.6,4769.3,2,Bronze,run_20260808_212843,2026-08-08T21:28:54.819066+00:00
C02813,34690.34,8672.585,4,Platinum,run_20260808_212843,2026-08-08T21:28:54.819066+00:00
C02814,92743.87,11592.98375,8,Bronze,run_20260808_212843,2026-08-08T21:28:54.819066+00:00
C02815,30410.05,15205.025,2,Silver,run_20260808_212843,2026-08-08T21:28:54.819066+00:00
C02816,7486.17,2495.39,3,Bronze,run_20260808_212843,2026-08-08T21:28:54.819066+00:00
C02817,2265.6800000000003,1132.8400000000001,2,Bronze,run_20260808_212843,2026-08-08T21:28:54.819066+00:00
C02818,30425.04,10141.68,3,Bronze,run_20260808_212843,2026-08-08T21:28:54.819066+00:00
C02819,36884.020000000004,9221.005000000001,4,Silver,run_20260808_212843,2026-08-08T21:28:54.819066+00:00
C02820,9362.050000000001,3120.683333333334,3,Silver,run_20260808_212843,2026-08-08T21:28:54.819066+00:00
C02821,50188.14,10037.628,5,Silver,run_20260808_212843,2026-08-08T21:28:54.819066+00:00
C02822,68452.83,13690.566,5,Platinum,run_20260808_212843,2026-08-08T21:28:54.819066+00:00
C02823,23216.5,5804.125,4,Gold,run_20260808_212843,2026-08-08T21:28:54.819066+00:00
C02824,35925.7,8981.425,4,Bronze,run_20260808_212843,2026-08-08T21:28:54.819066+00:00
C02825,36803.149999999994,12267.716666666665,3,Gold,run_20260808_212843,2026-08-08T21:28:54.819066+00:00
C02826,43809.69,8761.938,5,Bronze,run_20260808_212843,2026-08-08T21:28:54.819066+00:00
C02827,38508.71,7701.742,5,Bronze,run_20260808_212843,2026-08-08T21:28:54.819066+00:00
C02828,43791.63,8758.326,5,Bronze,run_20260808_212843,2026-08-08T21:28:54.819066+00:00
C02829,12430.710000000001,3107.6775000000002,4,Silver,run_20260808_212843,2026-08-08T21:28:54.819066+00:00
C02830,21846.21,5461.5525,4,Platinum,run_20260808_212843,2026-08-08T21:28:54.819066+00:00
C02831,86552.9,10819.1125,8,Silver,run_20260808_212843,2026-08-08T21:28:54.819066+00:00
C02832,35190.24,11730.08,3,Bronze,run_20260808_212843,2026-08-08T21:28:54.819066+00:00
C02833,50466.09,6308.26125,8,Gold,run_20260808_212843,2026-08-08T21:28:54.819066+00:00
C02834,16356.99,5452.33,3,Bronze,run_20260808_212843,2026-08-08T21:28:54.819066+00:00
C02835,80993.9,11570.557142857142,7,Bronze,run_20260808_212843,2026-08-08T21:28:54.819066+00:00
C02836,58617.11,9769.518333333333,6,Platinum,run_20260808_212843,2026-08-08T21:28:54.819066+00:00
C02837,61130.59,7641.32375,8,Bronze,run_20260808_212843,2026-08-08T21:28:54.819066+00:00
C02838,47365.84,5262.871111111111,9,Silver,run_20260808_212843,2026-08-08T21:28:54.819066+00:00
C02839,21382.88,7127.626666666667,3,Platinum,run_20260808_212843,2026-08-08T21:28:54.819066+00:00
C02840,26417.600000000002,5283.52,5,Platinum,run_20260808_212843,2026-08-08T21:28:54.819066+00:00
C02841,23749.72,4749.944,5,Platinum,run_20260808_212843,2026-08-08T21:28:54.819066+00:00
C02842,35248.31,5874.718333333333,6,Bronze,run_20260808_212843,2026-08-08T21:28:54.819066+00:00
C02843,33369.13,8342.2825,4,Platinum,run_20260808_212843,2026-08-08T21:28:54.819066+00:00
C02844,9848.05,9848.05,1,Platinum,run_20260808_212843,2026-08-08T21:28:54.819066+00:00
C02845,87045.93000000001,10880.741250000001,8,Silver,run_20260808_212843,2026-08-08T21:28:54.819066+00:00
C02846,29568.4,7392.1,4,Gold,run_20260808_212843,2026-08-08T21:28:54.819066+00:00
C02847,11355.07,2838.7675,4,Silver,run_20260808_212843,2026-08-08T21:28:54.819066+00:00
C02848,29559.440000000002,5911.888000000001,5,Silver,run_20260808_212843,2026-08-08T21:28:54.819066+00:00
C02849,47417.04,6773.862857142857,7,Gold,run_20260808_212843,2026-08-08T21:28:54.819066+00:00
C02850,45996.729999999996,11499.182499999999,4,Gold,run_20260808_212843,2026-08-08T21:28:54.819066+00:00
C02851,76165.81,9520.72625,8,Platinum,run_20260808_212843,2026-08-08T21:28:54.819066+00:00
C02852,57469.149999999994,8209.878571428571,7,Silver,run_20260808_212843,2026-08-08T21:28:54.819066+00:00
C02853,36311.240000000005,5187.320000000001,7,Bronze,run_20260808_212843,2026-08-08T21:28:54.819066+00:00
C02854,2775.68,2775.68,1,Silver,run_20260808_212843,2026-08-08T21:28:54.819066+00:00
C02855,49050.63,9810.126,5,Gold,run_20260808_212843,2026-08-08T21:28:54.819066+00:00
C02856,10273.1,3424.366666666667,3,Platinum,run_20260808_212843,2026-08-08T21:28:54.819066+00:00
C02857,31645.960000000003,5274.326666666667,6,Platinum,run_20260808_212843,2026-08-08T21:28:54.819066+00:00
C02858,33250.9,8312.725,4,Platinum,run_20260808_212843,2026-08-08T21:28:54.819066+00:00
C02859,38014.86,6335.81,6,Bronze,run_20260808_212843,2026-08-08T21:28:54.819066+00:00
C02860,25754.77,6438.6925,4,Bronze,run_20260808_212843,2026-08-08T21:28:54.819066+00:00
C02861,44428.8,4936.533333333334,9,Gold,run_20260808_212843,2026-08-08T21:28:54.819066+00:00
C02862,49721.51,7103.072857142857,7,Platinum,run_20260808_212843,2026-08-08T21:28:54.819066+00:00
C02863,31322.780000000002,7830.695000000001,4,Silver,run_20260808_212843,2026-08-08T21:28:54.819066+00:00
C02864,57117.649999999994,4759.804166666666,12,Platinum,run_20260808_212843,2026-08-08T21:28:54.819066+00:00
C02865,21160.86,5290.215,4,Silver,run_20260808_212843,2026-08-08T21:28:54.819066+00:00
C02866,32860.52,6572.103999999999,5,Silver,run_20260808_212843,2026-08-08T21:28:54.819066+00:00
C02867,34902.83,11634.276666666667,3,Bronze,run_20260808_212843,2026-08-08T21:28:54.819066+00:00
C02868,16847.84,4211.96,4,Platinum,run_20260808_212843,2026-08-08T21:28:54.819066+00:00
C02869,49687.51,9937.502,5,Gold,run_20260808_212843,2026-08-08T21:28:54.819066+00:00
C02870,45132.92,9026.583999999999,5,Platinum,run_20260808_212843,2026-08-08T21:28:54.819066+00:00
C02871,26664.420000000002,8888.140000000001,3,Platinum,run_20260808_212843,2026-08-08T21:28:54.819066+00:00
C02872,25277.67,8425.89,3,Gold,run_20260808_212843,2026-08-08T21:28:54.819066+00:00
C02873,35524.689999999995,7104.937999999999,5,Gold,run_20260808_212843,2026-08-08T21:28:54.819066+00:00
C02874,60025.93,12005.186,5,Platinum,run_20260808_212843,2026-08-08T21:28:54.819066+00:00
C02875,18072.71,9036.355,2,Gold,run_20260808_212843,2026-08-08T21:28:54.819066+00:00
C02876,11806.78,3935.5933333333337,3,Silver,run_20260808_212843,2026-08-08T21:28:54.819066+00:00
C02877,8056.26,8056.26,1,Bronze,run_20260808_212843,2026-08-08T21:28:54.819066+00:00
C02878,14212.15,7106.075,2,Gold,run_20260808_212843,2026-08-08T21:28:54.819066+00:00
C02879,13728.8,2288.133333333333,6,Silver,run_20260808_212843,2026-08-08T21:28:54.819066+00:00
C02880,45746.66,6535.237142857143,7,Bronze,run_20260808_212843,2026-08-08T21:28:54.819066+00:00
C02881,16353.34,3270.668,5,Gold,run_20260808_212843,2026-08-08T21:28:54.819066+00:00
C02882,94305.07,7858.755833333334,12,Bronze,run_20260808_212843,2026-08-08T21:28:54.819066+00:00
C02883,37738.21,4717.27625,8,Platinum,run_20260808_212843,2026-08-08T21:28:54.819066+00:00
C02884,27498.730000000003,9166.243333333334,3,Gold,run_20260808_212843,2026-08-08T21:28:54.819066+00:00
C02885,63780.53,9111.504285714285,7,Silver,run_20260808_212843,2026-08-08T21:28:54.819066+00:00
C02886,63132.32,9018.902857142857,7,Silver,run_20260808_212843,2026-08-08T21:28:54.819066+00:00
C02887,18798.03,3759.6059999999998,5,Bronze,run_20260808_212843,2026-08-08T21:28:54.819066+00:00
C02888,25892.25,8630.75,3,Silver,run_20260808_212843,2026-08-08T21:28:54.819066+00:00
C02889,34985.57,8746.3925,4,Silver,run_20260808_212843,2026-08-08T21:28:54.819066+00:00
C02890,49074.25,8179.041666666667,6,Gold,run_20260808_212843,2026-08-08T21:28:54.819066+00:00
C02891,44767.46,6395.351428571428,7,Bronze,run_20260808_212843,2026-08-08T21:28:54.819066+00:00
C02892,63028.17,7003.13,9,Silver,run_20260808_212843,2026-08-08T21:28:54.819066+00:00
C02893,14320.42,3580.105,4,Platinum,run_20260808_212843,2026-08-08T21:28:54.819066+00:00
C02894,23610.88,5902.72,4,Gold,run_20260808_212843,2026-08-08T21:28:54.819066+00:00
C02895,24819.399999999998,8273.133333333333,3,Silver,run_20260808_212843,2026-08-08T21:28:54.819066+00:00
C02896,32335.690000000002,8083.922500000001,4,Silver,run_20260808_212843,2026-08-08T21:28:54.819066+00:00
C02897,25634.620000000003,5126.924000000001,5,Silver,run_20260808_212843,2026-08-08T21:28:54.819066+00:00
C02898,54287.88,6031.986666666667,9,Gold,run_20260808_212843,2026-08-08T21:28:54.819066+00:00
C02899,46718.32,5839.79,8,Gold,run_20260808_212843,2026-08-08T21:28:54.819066+00:00
C02900,46494.979999999996,9298.996,5,Bronze,run_20260808_212843,2026-08-08T21:28:54.819066+00:00
C02901,45104.07,9020.814,5,Gold,run_20260808_212843,2026-08-08T21:28:54.819066+00:00
C02902,42547.36,7091.2266666666665,6,Silver,run_20260808_212843,2026-08-08T21:28:54.819066+00:00
C02903,39896.86,6649.4766666666665,6,Silver,run_20260808_212843,2026-08-08T21:28:54.819066+00:00
C02904,56094.100000000006,11218.820000000002,5,Platinum,run_20260808_212843,2026-08-08T21:28:54.819066+00:00
C02905,53824.39,7689.198571428571,7,Gold,run_20260808_212843,2026-08-08T21:28:54.819066+00:00
C02906,67490.1,11248.35,6,Silver,run_20260808_212843,2026-08-08T21:28:54.819066+00:00
C02907,74419.61,10631.372857142856,7,Platinum,run_20260808_212843,2026-08-08T21:28:54.819066+00:00
C02908,47496.979999999996,6785.282857142856,7,Bronze,run_20260808_212843,2026-08-08T21:28:54.819066+00:00
C02909,7441.94,2480.6466666666665,3,Bronze,run_20260808_212843,2026-08-08T21:28:54.819066+00:00
C02910,60169.770000000004,7521.2212500000005,8,Bronze,run_20260808_212843,2026-08-08T21:28:54.819066+00:00
C02911,42597.840000000004,4733.093333333334,9,Silver,run_20260808_212843,2026-08-08T21:28:54.819066+00:00
C02912,44229.9,8845.98,5,Silver,run_20260808_212843,2026-08-08T21:28:54.819066+00:00
C02913,43445.72,6206.5314285714285,7,Bronze,run_20260808_212843,2026-08-08T21:28:54.819066+00:00
C02914,22017.0,7339.0,3,Platinum,run_20260808_212843,2026-08-08T21:28:54.819066+00:00
C02915,44465.770000000004,11116.442500000001,4,Bronze,run_20260808_212843,2026-08-08T21:28:54.819066+00:00
C02916,51119.73,12779.9325,4,Gold,run_20260808_212843,2026-08-08T21:28:54.819066+00:00
C02917,36592.99,7318.598,5,Silver,run_20260808_212843,2026-08-08T21:28:54.819066+00:00
C02918,14102.28,3525.57,4,Silver,run_20260808_212843,2026-08-08T21:28:54.819066+00:00
C02919,91547.31,9154.731,10,Gold,run_20260808_212843,2026-08-08T21:28:54.819066+00:00
C02920,14390.31,4796.7699999999995,3,Silver,run_20260808_212843,2026-08-08T21:28:54.819066+00:00
C02921,14020.15,7010.075,2,Gold,run_20260808_212843,2026-08-08T21:28:54.819066+00:00
C02922,9254.66,4627.33,2,Bronze,run_20260808_212843,2026-08-08T21:28:54.819066+00:00
C02923,22369.69,5592.4225,4,Bronze,run_20260808_212843,2026-08-08T21:28:54.819066+00:00
C02924,38143.21,6357.201666666667,6,Silver,run_20260808_212843,2026-08-08T21:28:54.819066+00:00
C02925,30365.489999999998,3795.6862499999997,8,Silver,run_20260808_212843,2026-08-08T21:28:54.819066+00:00
C02926,62258.840000000004,8894.12,7,Bronze,run_20260808_212843,2026-08-08T21:28:54.819066+00:00
C02927,42530.81,6075.83,7,Gold,run_20260808_212843,2026-08-08T21:28:54.819066+00:00
C02928,8713.07,1742.614,5,Bronze,run_20260808_212843,2026-08-08T21:28:54.819066+00:00
C02929,89707.16,14951.193333333335,6,Gold,run_20260808_212843,2026-08-08T21:28:54.819066+00:00
C02930,40021.1,8004.219999999999,5,Platinum,run_20260808_212843,2026-08-08T21:28:54.819066+00:00
C02931,20228.97,10114.485,2,Bronze,run_20260808_212843,2026-08-08T21:28:54.819066+00:00
C02932,43965.21,10991.3025,4,Gold,run_20260808_212843,2026-08-08T21:28:54.819066+00:00
C02933,45828.91,6546.987142857143,7,Gold,run_20260808_212843,2026-08-08T21:28:54.819066+00:00
C02934,92239.70999999999,8385.42818181818,11,Gold,run_20260808_212843,2026-08-08T21:28:54.819066+00:00
C02935,19754.83,6584.943333333334,3,Silver,run_20260808_212843,2026-08-08T21:28:54.819066+00:00
C02936,48773.240000000005,12193.310000000001,4,Silver,run_20260808_212843,2026-08-08T21:28:54.819066+00:00
C02937,53747.18,7678.168571428571,7,Platinum,run_20260808_212843,2026-08-08T21:28:54.819066+00:00
C02938,12942.05,4314.016666666666,3,Platinum,run_20260808_212843,2026-08-08T21:28:54.819066+00:00
C02939,41681.95,10420.4875,4,Gold,run_20260808_212843,2026-08-08T21:28:54.819066+00:00
C02940,20553.52,10276.76,2,Silver,run_20260808_212843,2026-08-08T21:28:54.819066+00:00
C02941,50236.68,6279.585,8,Gold,run_20260808_212843,2026-08-08T21:28:54.819066+00:00
C02942,11269.85,3756.616666666667,3,Silver,run_20260808_212843,2026-08-08T21:28:54.819066+00:00
C02943,26147.829999999998,4357.971666666666,6,Silver,run_20260808_212843,2026-08-08T21:28:54.819066+00:00
C02944,32887.45,6577.49,5,Platinum,run_20260808_212843,2026-08-08T21:28:54.819066+00:00
C02945,28881.019999999997,5776.204,5,Gold,run_20260808_212843,2026-08-08T21:28:54.819066+00:00
C02946,36432.75,9108.1875,4,Gold,run_20260808_212843,2026-08-08T21:28:54.819066+00:00
C02947,31783.86,6356.772,5,Silver,run_20260808_212843,2026-08-08T21:28:54.819066+00:00
C02948,40227.6,10056.9,4,Silver,run_20260808_212843,2026-08-08T21:28:54.819066+00:00
C02949,40568.55,10142.1375,4,Bronze,run_20260808_212843,2026-08-08T21:28:54.819066+00:00
C02950,39229.06,5604.151428571428,7,Platinum,run_20260808_212843,2026-08-08T21:28:54.819066+00:00
C02951,20207.05,5051.7625,4,Bronze,run_20260808_212843,2026-08-08T21:28:54.819066+00:00
C02952,58332.64,8333.234285714285,7,Silver,run_20260808_212843,2026-08-08T21:28:54.819066+00:00
C02953,30135.42,5022.57,6,Gold,run_20260808_212843,2026-08-08T21:28:54.819066+00:00
C02954,47845.97,7974.328333333334,6,Silver,run_20260808_212843,2026-08-08T21:28:54.819066+00:00
C02955,62675.28,12535.056,5,Bronze,run_20260808_212843,2026-08-08T21:28:54.819066+00:00
C02956,86488.39,8648.839,10,Platinum,run_20260808_212843,2026-08-08T21:28:54.819066+00:00
C02957,77829.45,8647.716666666667,9,Silver,run_20260808_212843,2026-08-08T21:28:54.819066+00:00
C02958,15721.04,15721.04,1,Gold,run_20260808_212843,2026-08-08T21:28:54.819066+00:00
C02959,67433.59,9633.369999999999,7,Bronze,run_20260808_212843,2026-08-08T21:28:54.819066+00:00
C02960,22107.68,4421.536,5,Silver,run_20260808_212843,2026-08-08T21:28:54.819066+00:00
C02961,7239.72,7239.72,1,Gold,run_20260808_212843,2026-08-08T21:28:54.819066+00:00
C02962,50349.75,8391.625,6,Gold,run_20260808_212843,2026-08-08T21:28:54.819066+00:00
C02963,21452.059999999998,10726.029999999999,2,Silver,run_20260808_212843,2026-08-08T21:28:54.819066+00:00
C02964,37524.93,9381.2325,4,Bronze,run_20260808_212843,2026-08-08T21:28:54.819066+00:00
C02965,64092.6,16023.15,4,Gold,run_20260808_212843,2026-08-08T21:28:54.819066+00:00
C02966,19225.55,4806.3875,4,Platinum,run_20260808_212843,2026-08-08T21:28:54.819066+00:00
C02967,15913.029999999999,7956.514999999999,2,Bronze,run_20260808_212843,2026-08-08T21:28:54.819066+00:00
C02968,48912.82,6987.545714285714,7,Gold,run_20260808_212843,2026-08-08T21:28:54.819066+00:00
C02969,48206.25,9641.25,5,Silver,run_20260808_212843,2026-08-08T21:28:54.819066+00:00
C02970,27190.61,3884.3728571428574,7,Silver,run_20260808_212843,2026-08-08T21:28:54.819066+00:00
C02971,19029.7,3805.94,5,Bronze,run_20260808_212843,2026-08-08T21:28:54.819066+00:00
C02972,27256.77,6814.1925,4,Gold,run_20260808_212843,2026-08-08T21:28:54.819066+00:00
C02973,37693.369999999995,9423.342499999999,4,Gold,run_20260808_212843,2026-08-08T21:28:54.819066+00:00
C02974,19592.83,6530.943333333334,3,Bronze,run_20260808_212843,2026-08-08T21:28:54.819066+00:00
C02975,16666.61,4166.6525,4,Bronze,run_20260808_212843,2026-08-08T21:28:54.819066+00:00
C02976,45460.33,11365.0825,4,Bronze,run_20260808_212843,2026-08-08T21:28:54.819066+00:00
C02977,27271.25,9090.416666666666,3,Platinum,run_20260808_212843,2026-08-08T21:28:54.819066+00:00
C02978,8736.43,2184.1075,4,Platinum,run_20260808_212843,2026-08-08T21:28:54.819066+00:00
C02979,39203.4,9800.85,4,Platinum,run_20260808_212843,2026-08-08T21:28:54.819066+00:00
C02980,37443.87,6240.645,6,Silver,run_20260808_212843,2026-08-08T21:28:54.819066+00:00
C02981,24135.79,8045.263333333333,3,Platinum,run_20260808_212843,2026-08-08T21:28:54.819066+00:00
C02982,42277.41,8455.482,5,Platinum,run_20260808_212843,2026-08-08T21:28:54.819066+00:00
C02983,16638.24,3327.648,5,Platinum,run_20260808_212843,2026-08-08T21:28:54.819066+00:00
C02984,62031.009999999995,6203.101,10,Gold,run_20260808_212843,2026-08-08T21:28:54.819066+00:00
C02985,5939.76,1979.92,3,Platinum,run_20260808_212843,2026-08-08T21:28:54.819066+00:00
C02986,21432.23,3572.0383333333334,6,Bronze,run_20260808_212843,2026-08-08T21:28:54.819066+00:00
C02987,28627.83,7156.9575,4,Platinum,run_20260808_212843,2026-08-08T21:28:54.819066+00:00
C02988,58404.36,7300.545,8,Silver,run_20260808_212843,2026-08-08T21:28:54.819066+00:00
C02989,9555.92,3185.306666666667,3,Silver,run_20260808_212843,2026-08-08T21:28:54.819066+00:00
C02990,24534.6,8178.2,3,Platinum,run_20260808_212843,2026-08-08T21:28:54.819066+00:00
C02991,39107.91,4888.48875,8,Bronze,run_20260808_212843,2026-08-08T21:28:54.819066+00:00
C02992,11759.57,5879.785,2,Bronze,run_20260808_212843,2026-08-08T21:28:54.819066+00:00
C02993,52527.18,10505.436,5,Gold,run_20260808_212843,2026-08-08T21:28:54.819066+00:00
C02994,9892.400000000001,2473.1000000000004,4,Bronze,run_20260808_212843,2026-08-08T21:28:54.819066+00:00
C02995,38443.62,6407.27,6,Gold,run_20260808_212843,2026-08-08T21:28:54.819066+00:00
C02996,21272.120000000003,10636.060000000001,2,Gold,run_20260808_212843,2026-08-08T21:28:54.819066+00:00
C02997,20540.98,10270.49,2,Bronze,run_20260808_212843,2026-08-08T21:28:54.819066+00:00
C02998,5284.18,2642.09,2,Bronze,run_20260808_212843,2026-08-08T21:28:54.819066+00:00
C02999,26240.2,13120.1,2,Gold,run_20260808_212843,2026-08-08T21:28:54.819066+00:00
C03000,9278.01,3092.67,3,Silver,run_20260808_212843,2026-08-08T21:28:54.819066+00:00
C03001,45414.39,11353.5975,4,Platinum,run_20260808_212843,2026-08-08T21:28:54.819066+00:00
C03002,40810.0,6801.666666666667,6,Silver,run_20260808_212843,2026-08-08T21:28:54.819066+00:00
C03003,16698.05,5566.016666666666,3,Bronze,run_20260808_212843,2026-08-08T21:28:54.819066+00:00
C03004,37359.35,18679.675,2,Bronze,run_20260808_212843,2026-08-08T21:28:54.819066+00:00
C03005,56416.549999999996,9402.758333333333,6,Gold,run_20260808_212843,2026-08-08T21:28:54.819066+00:00
C03006,16409.34,5469.78,3,Platinum,run_20260808_212843,2026-08-08T21:28:54.819066+00:00
C03007,17360.05,5786.683333333333,3,Bronze,run_20260808_212843,2026-08-08T21:28:54.819066+00:00
C03008,12048.89,4016.2966666666666,3,Platinum,run_20260808_212843,2026-08-08T21:28:54.819066+00:00
C03009,39324.1,6554.016666666666,6,Silver,run_20260808_212843,2026-08-08T21:28:54.819066+00:00
C03010,58815.25,6535.027777777777,9,Platinum,run_20260808_212843,2026-08-08T21:28:54.819066+00:00
C03011,41000.240000000005,8200.048,5,Silver,run_20260808_212843,2026-08-08T21:28:54.819066+00:00
C03012,53422.049999999996,6677.756249999999,8,Bronze,run_20260808_212843,2026-08-08T21:28:54.819066+00:00
C03013,52141.329999999994,6517.666249999999,8,Bronze,run_20260808_212843,2026-08-08T21:28:54.819066+00:00
C03014,46179.89,9235.978,5,Gold,run_20260808_212843,2026-08-08T21:28:54.819066+00:00
C03015,1044.21,1044.21,1,Silver,run_20260808_212843,2026-08-08T21:28:54.819066+00:00
C03016,12275.24,6137.62,2,Silver,run_20260808_212843,2026-08-08T21:28:54.819066+00:00
C03017,27105.49,6776.3725,4,Platinum,run_20260808_212843,2026-08-08T21:28:54.819066+00:00
C03018,55439.4,5543.9400000000005,10,Gold,run_20260808_212843,2026-08-08T21:28:54.819066+00:00
C03019,40956.93,6826.155,6,Gold,run_20260808_212843,2026-08-08T21:28:54.819066+00:00
C03020,31296.72,6259.344,5,Gold,run_20260808_212843,2026-08-08T21:28:54.819066+00:00
C03021,27302.579999999998,9100.859999999999,3,Silver,run_20260808_212843,2026-08-08T21:28:54.819066+00:00
C03022,43475.149999999994,7245.858333333333,6,Bronze,run_20260808_212843,2026-08-08T21:28:54.819066+00:00
C03023,71247.2,8905.9,8,Bronze,run_20260808_212843,2026-08-08T21:28:54.819066+00:00
C03024,12526.8,3131.7,4,Platinum,run_20260808_212843,2026-08-08T21:28:54.819066+00:00
C03025,47352.94,9470.588,5,Platinum,run_20260808_212843,2026-08-08T21:28:54.819066+00:00
C03026,47464.439999999995,5273.826666666666,9,Silver,run_20260808_212843,2026-08-08T21:28:54.819066+00:00
C03027,28396.49,5679.298000000001,5,Bronze,run_20260808_212843,2026-08-08T21:28:54.819066+00:00
C03028,44530.94,8906.188,5,Gold,run_20260808_212843,2026-08-08T21:28:54.819066+00:00
C03029,24456.4,8152.133333333334,3,Bronze,run_20260808_212843,2026-08-08T21:28:54.819066+00:00
C03030,33781.19,11260.396666666667,3,Platinum,run_20260808_212843,2026-08-08T21:28:54.819066+00:00
C03031,30433.36,6086.6720000000005,5,Bronze,run_20260808_212843,2026-08-08T21:28:54.819066+00:00
C03032,19882.260000000002,6627.420000000001,3,Gold,run_20260808_212843,2026-08-08T21:28:54.819066+00:00
C03033,44879.19,11219.7975,4,Platinum,run_20260808_212843,2026-08-08T21:28:54.819066+00:00
C03034,27804.95,9268.316666666668,3,Silver,run_20260808_212843,2026-08-08T21:28:54.819066+00:00
C03035,20017.12,5004.28,4,Bronze,run_20260808_212843,2026-08-08T21:28:54.819066+00:00
C03036,44856.159999999996,7476.026666666666,6,Bronze,run_20260808_212843,2026-08-08T21:28:54.819066+00:00
C03037,40892.97,10223.2425,4,Silver,run_20260808_212843,2026-08-08T21:28:54.819066+00:00
C03038,40606.11,5075.76375,8,Silver,run_20260808_212843,2026-08-08T21:28:54.819066+00:00
C03039,31084.23,6216.846,5,Gold,run_20260808_212843,2026-08-08T21:28:54.819066+00:00
C03040,33026.409999999996,5504.401666666666,6,Bronze,run_20260808_212843,2026-08-08T21:28:54.819066+00:00
C03041,528.75,528.75,1,Platinum,run_20260808_212843,2026-08-08T21:28:54.819066+00:00
C03042,51711.06,10342.212,5,Bronze,run_20260808_212843,2026-08-08T21:28:54.819066+00:00
C03043,82134.69,11733.527142857143,7,Gold,run_20260808_212843,2026-08-08T21:28:54.819066+00:00
C03044,39208.909999999996,6534.818333333333,6,Platinum,run_20260808_212843,2026-08-08T21:28:54.819066+00:00
C03045,37437.51,6239.585,6,Platinum,run_20260808_212843,2026-08-08T21:28:54.819066+00:00
C03046,28019.65,5603.93,5,Platinum,run_20260808_212843,2026-08-08T21:28:54.819066+00:00
C03047,6453.0,6453.0,1,Gold,run_20260808_212843,2026-08-08T21:28:54.819066+00:00
C03048,27242.27,5448.454,5,Bronze,run_20260808_212843,2026-08-08T21:28:54.819066+00:00
C03049,54335.66,10867.132000000001,5,Platinum,run_20260808_212843,2026-08-08T21:28:54.819066+00:00
C03050,15763.81,5254.6033333333335,3,Silver,run_20260808_212843,2026-08-08T21:28:54.819066+00:00
C03051,64645.51,10774.251666666667,6,Gold,run_20260808_212843,2026-08-08T21:28:54.819066+00:00
C03052,38621.020000000004,7724.204000000001,5,Platinum,run_20260808_212843,2026-08-08T21:28:54.819066+00:00
C03053,41597.11,6932.8516666666665,6,Gold,run_20260808_212843,2026-08-08T21:28:54.819066+00:00
C03054,31588.690000000002,7897.172500000001,4,Silver,run_20260808_212843,2026-08-08T21:28:54.819066+00:00
C03055,33042.01,11014.003333333334,3,Platinum,run_20260808_212843,2026-08-08T21:28:54.819066+00:00
C03056,18856.1,6285.366666666666,3,Bronze,run_20260808_212843,2026-08-08T21:28:54.819066+00:00
C03057,78501.97,13083.661666666667,6,Gold,run_20260808_212843,2026-08-08T21:28:54.819066+00:00
C03058,65111.310000000005,9301.615714285716,7,Platinum,run_20260808_212843,2026-08-08T21:28:54.819066+00:00
C03059,46724.78,6674.9685714285715,7,Platinum,run_20260808_212843,2026-08-08T21:28:54.819066+00:00
C03060,37182.44,9295.61,4,Gold,run_20260808_212843,2026-08-08T21:28:54.819066+00:00
C03061,15696.48,7848.24,2,Silver,run_20260808_212843,2026-08-08T21:28:54.819066+00:00
C03062,64916.62,8114.5775,8,Gold,run_20260808_212843,2026-08-08T21:28:54.819066+00:00
C03063,42035.98,8407.196,5,Bronze,run_20260808_212843,2026-08-08T21:28:54.819066+00:00
C03064,8280.82,4140.41,2,Silver,run_20260808_212843,2026-08-08T21:28:54.819066+00:00
C03065,37949.28,7589.856,5,Bronze,run_20260808_212843,2026-08-08T21:28:54.819066+00:00
C03066,75919.8,10845.685714285715,7,Bronze,run_20260808_212843,2026-08-08T21:28:54.819066+00:00
C03067,49288.34,12322.085,4,Gold,run_20260808_212843,2026-08-08T21:28:54.819066+00:00
C03068,18323.15,6107.716666666667,3,Platinum,run_20260808_212843,2026-08-08T21:28:54.819066+00:00
C03069,29293.129999999997,3661.6412499999997,8,Silver,run_20260808_212843,2026-08-08T21:28:54.819066+00:00
C03070,32938.13,4117.26625,8,Bronze,run_20260808_212843,2026-08-08T21:28:54.819066+00:00
C03071,19415.24,9707.62,2,Platinum,run_20260808_212843,2026-08-08T21:28:54.819066+00:00
C03072,20500.3,6833.433333333333,3,Platinum,run_20260808_212843,2026-08-08T21:28:54.819066+00:00
C03073,88421.92,12631.702857142856,7,Platinum,run_20260808_212843,2026-08-08T21:28:54.819066+00:00
C03074,22583.899999999998,4516.78,5,Silver,run_20260808_212843,2026-08-08T21:28:54.819066+00:00
C03075,59035.65,8433.664285714285,7,Platinum,run_20260808_212843,2026-08-08T21:28:54.819066+00:00
C03076,53839.07,10767.814,5,Gold,run_20260808_212843,2026-08-08T21:28:54.819066+00:00
C03077,40436.49,13478.83,3,Bronze,run_20260808_212843,2026-08-08T21:28:54.819066+00:00
C03078,41932.85,13977.616666666667,3,Platinum,run_20260808_212843,2026-08-08T21:28:54.819066+00:00
C03079,48017.54,9603.508,5,Bronze,run_20260808_212843,2026-08-08T21:28:54.819066+00:00
C03080,31378.48,5229.746666666667,6,Silver,run_20260808_212843,2026-08-08T21:28:54.819066+00:00
C03081,26551.809999999998,8850.603333333333,3,Bronze,run_20260808_212843,2026-08-08T21:28:54.819066+00:00
C03082,8228.18,4114.09,2,Platinum,run_20260808_212843,2026-08-08T21:28:54.819066+00:00
C03083,36133.68,6022.28,6,Silver,run_20260808_212843,2026-08-08T21:28:54.819066+00:00
C03084,54048.55,7721.221428571429,7,Silver,run_20260808_212843,2026-08-08T21:28:54.819066+00:00
C03085,22097.66,4419.532,5,Silver,run_20260808_212843,2026-08-08T21:28:54.819066+00:00
C03086,38050.28,9512.57,4,Silver,run_20260808_212843,2026-08-08T21:28:54.819066+00:00
C03087,56900.87,9483.478333333334,6,Silver,run_20260808_212843,2026-08-08T21:28:54.819066+00:00
C03088,9194.67,2298.6675,4,Bronze,run_20260808_212843,2026-08-08T21:28:54.819066+00:00
C03089,5181.03,2590.515,2,Platinum,run_20260808_212843,2026-08-08T21:28:54.819066+00:00
C03090,7329.25,3664.625,2,Bronze,run_20260808_212843,2026-08-08T21:28:54.819066+00:00
C03091,20966.510000000002,5241.6275000000005,4,Platinum,run_20260808_212843,2026-08-08T21:28:54.819066+00:00
C03092,19204.329999999998,4801.0824999999995,4,Silver,run_20260808_212843,2026-08-08T21:28:54.819066+00:00
C03093,19266.88,6422.293333333334,3,Silver,run_20260808_212843,2026-08-08T21:28:54.819066+00:00
C03094,45179.03,9035.806,5,Gold,run_20260808_212843,2026-08-08T21:28:54.819066+00:00
C03095,334.28,334.28,1,Gold,run_20260808_212843,2026-08-08T21:28:54.819066+00:00
C03096,29633.61,7408.4025,4,Bronze,run_20260808_212843,2026-08-08T21:28:54.819066+00:00
C03097,39942.11,13314.036666666667,3,Bronze,run_20260808_212843,2026-08-08T21:28:54.819066+00:00
C03098,23626.68,4725.336,5,Platinum,run_20260808_212843,2026-08-08T21:28:54.819066+00:00
C03099,34997.16,8749.29,4,Platinum,run_20260808_212843,2026-08-08T21:28:54.819066+00:00
C03100,27218.82,5443.764,5,Gold,run_20260808_212843,2026-08-08T21:28:54.819066+00:00
C03101,56974.3,9495.716666666667,6,Gold,run_20260808_212843,2026-08-08T21:28:54.819066+00:00
C03102,31924.54,10641.513333333334,3,Platinum,run_20260808_212843,2026-08-08T21:28:54.819066+00:00
C03103,29880.35,4980.058333333333,6,Bronze,run_20260808_212843,2026-08-08T21:28:54.819066+00:00
C03104,36354.64,12118.213333333333,3,Platinum,run_20260808_212843,2026-08-08T21:28:54.819066+00:00
C03105,38084.13,4760.51625,8,Bronze,run_20260808_212843,2026-08-08T21:28:54.819066+00:00
C03106,85270.44,10658.805,8,Platinum,run_20260808_212843,2026-08-08T21:28:54.819066+00:00
C03107,19796.03,6598.676666666666,3,Silver,run_20260808_212843,2026-08-08T21:28:54.819066+00:00
C03108,54863.73,6095.97,9,Silver,run_20260808_212843,2026-08-08T21:28:54.819066+00:00
C03109,43530.4,10882.6,4,Bronze,run_20260808_212843,2026-08-08T21:28:54.819066+00:00
C03110,24897.36,8299.12,3,Bronze,run_20260808_212843,2026-08-08T21:28:54.819066+00:00
C03111,50909.44,7272.777142857143,7,Bronze,run_20260808_212843,2026-08-08T21:28:54.819066+00:00
C03112,34105.54,8526.385,4,Gold,run_20260808_212843,2026-08-08T21:28:54.819066+00:00
C03113,19703.04,6567.68,3,Gold,run_20260808_212843,2026-08-08T21:28:54.819066+00:00
C03114,102090.94,9280.994545454545,11,Platinum,run_20260808_212843,2026-08-08T21:28:54.819066+00:00
C03115,58456.25,9742.708333333334,6,Gold,run_20260808_212843,2026-08-08T21:28:54.819066+00:00
C03116,76389.57,9548.69625,8,Platinum,run_20260808_212843,2026-08-08T21:28:54.819066+00:00
C03117,47736.9,11934.225,4,Platinum,run_20260808_212843,2026-08-08T21:28:54.819066+00:00
C03118,59929.6,6658.844444444444,9,Platinum,run_20260808_212843,2026-08-08T21:28:54.819066+00:00
C03119,85614.51,10701.81375,8,Bronze,run_20260808_212843,2026-08-08T21:28:54.819066+00:00
C03120,39217.08,5602.4400000000005,7,Silver,run_20260808_212843,2026-08-08T21:28:54.819066+00:00
C03121,91662.7,13094.671428571428,7,Gold,run_20260808_212843,2026-08-08T21:28:54.819066+00:00
C03122,46712.97,9342.594000000001,5,Platinum,run_20260808_212843,2026-08-08T21:28:54.819066+00:00
C03123,16253.789999999999,2708.9649999999997,6,Silver,run_20260808_212843,2026-08-08T21:28:54.819066+00:00
C03124,8108.8,4054.4,2,Platinum,run_20260808_212843,2026-08-08T21:28:54.819066+00:00
C03125,27064.9,4510.816666666667,6,Bronze,run_20260808_212843,2026-08-08T21:28:54.819066+00:00
C03126,44661.229999999996,8932.246,5,Platinum,run_20260808_212843,2026-08-08T21:28:54.819066+00:00
C03127,32436.12,8109.03,4,Gold,run_20260808_212843,2026-08-08T21:28:54.819066+00:00
C03128,43582.86,7263.81,6,Silver,run_20260808_212843,2026-08-08T21:28:54.819066+00:00
C03129,85447.46,9494.162222222223,9,Bronze,run_20260808_212843,2026-08-08T21:28:54.819066+00:00
C03130,58884.869999999995,8412.124285714284,7,Platinum,run_20260808_212843,2026-08-08T21:28:54.819066+00:00
C03131,50242.83,12560.7075,4,Gold,run_20260808_212843,2026-08-08T21:28:54.819066+00:00
C03132,20827.08,10413.54,2,Gold,run_20260808_212843,2026-08-08T21:28:54.819066+00:00
C03133,51869.65,8644.941666666668,6,Bronze,run_20260808_212843,2026-08-08T21:28:54.819066+00:00
C03134,65322.99,8165.37375,8,Gold,run_20260808_212843,2026-08-08T21:28:54.819066+00:00
C03135,47986.68,7997.78,6,Gold,run_20260808_212843,2026-08-08T21:28:54.819066+00:00
C03136,69369.6,6306.327272727273,11,Gold,run_20260808_212843,2026-08-08T21:28:54.819066+00:00
C03137,32646.260000000002,8161.5650000000005,4,Gold,run_20260808_212843,2026-08-08T21:28:54.819066+00:00
C03138,60190.96,10031.826666666666,6,Platinum,run_20260808_212843,2026-08-08T21:28:54.819066+00:00
C03139,41028.19,8205.638,5,Bronze,run_20260808_212843,2026-08-08T21:28:54.819066+00:00
C03140,35161.83,8790.4575,4,Silver,run_20260808_212843,2026-08-08T21:28:54.819066+00:00
C03141,14634.63,4878.21,3,Silver,run_20260808_212843,2026-08-08T21:28:54.819066+00:00
C03142,29595.98,4932.663333333333,6,Gold,run_20260808_212843,2026-08-08T21:28:54.819066+00:00
C03143,40863.44,8172.688,5,Platinum,run_20260808_212843,2026-08-08T21:28:54.819066+00:00
C03144,25209.05,5041.8099999999995,5,Gold,run_20260808_212843,2026-08-08T21:28:54.819066+00:00
C03145,17428.66,3485.732,5,Gold,run_20260808_212843,2026-08-08T21:28:54.819066+00:00
C03146,58842.15,11768.43,5,Platinum,run_20260808_212843,2026-08-08T21:28:54.819066+00:00
C03147,2658.32,2658.32,1,Bronze,run_20260808_212843,2026-08-08T21:28:54.819066+00:00
C03148,43900.49,7316.748333333333,6,Silver,run_20260808_212843,2026-08-08T21:28:54.819066+00:00
C03149,23487.86,5871.965,4,Platinum,run_20260808_212843,2026-08-08T21:28:54.819066+00:00
C03150,47405.92,15801.973333333333,3,Silver,run_20260808_212843,2026-08-08T21:28:54.819066+00:00
C03151,52402.6,7486.085714285714,7,Platinum,run_20260808_212843,2026-08-08T21:28:54.819066+00:00
C03152,61972.77,8853.252857142857,7,Platinum,run_20260808_212843,2026-08-08T21:28:54.819066+00:00
C03153,68666.39,8583.29875,8,Gold,run_20260808_212843,2026-08-08T21:28:54.819066+00:00
C03154,81369.59,8136.959,10,Bronze,run_20260808_212843,2026-08-08T21:28:54.819066+00:00
C03155,3054.27,1527.135,2,Silver,run_20260808_212843,2026-08-08T21:28:54.819066+00:00
C03156,44506.45,8901.289999999999,5,Bronze,run_20260808_212843,2026-08-08T21:28:54.819066+00:00
C03157,45621.02,4562.102,10,Gold,run_20260808_212843,2026-08-08T21:28:54.819066+00:00
C03158,9687.94,3229.3133333333335,3,Platinum,run_20260808_212843,2026-08-08T21:28:54.819066+00:00
C03159,22190.079999999998,4438.016,5,Silver,run_20260808_212843,2026-08-08T21:28:54.819066+00:00
C03160,46543.22,15514.406666666668,3,Bronze,run_20260808_212843,2026-08-08T21:28:54.819066+00:00
C03161,37767.979999999996,5395.425714285714,7,Silver,run_20260808_212843,2026-08-08T21:28:54.819066+00:00
C03162,71415.41,7141.541,10,Silver,run_20260808_212843,2026-08-08T21:28:54.819066+00:00
C03163,46633.53,11658.3825,4,Silver,run_20260808_212843,2026-08-08T21:28:54.819066+00:00
C03164,10845.13,3615.043333333333,3,Bronze,run_20260808_212843,2026-08-08T21:28:54.819066+00:00
C03165,66288.25,9469.75,7,Silver,run_20260808_212843,2026-08-08T21:28:54.819066+00:00
C03166,51062.89,7294.698571428571,7,Bronze,run_20260808_212843,2026-08-08T21:28:54.819066+00:00
C03167,25464.36,8488.12,3,Platinum,run_20260808_212843,2026-08-08T21:28:54.819066+00:00
C03168,59855.55,9975.925000000001,6,Bronze,run_20260808_212843,2026-08-08T21:28:54.819066+00:00
C03169,54274.6,13568.65,4,Gold,run_20260808_212843,2026-08-08T21:28:54.819066+00:00
C03170,24896.39,6224.0975,4,Silver,run_20260808_212843,2026-08-08T21:28:54.819066+00:00
C03171,29704.49,5940.898,5,Gold,run_20260808_212843,2026-08-08T21:28:54.819066+00:00
C03172,32892.729999999996,6578.545999999999,5,Gold,run_20260808_212843,2026-08-08T21:28:54.819066+00:00
C03173,62936.94,6992.993333333334,9,Platinum,run_20260808_212843,2026-08-08T21:28:54.819066+00:00
C03174,74769.91,12461.651666666667,6,Platinum,run_20260808_212843,2026-08-08T21:28:54.819066+00:00
C03175,6381.719999999999,3190.8599999999997,2,Bronze,run_20260808_212843,2026-08-08T21:28:54.819066+00:00
C03176,30827.010000000002,7706.7525000000005,4,Bronze,run_20260808_212843,2026-08-08T21:28:54.819066+00:00
C03177,71751.06,10250.151428571427,7,Silver,run_20260808_212843,2026-08-08T21:28:54.819066+00:00
C03178,64942.58,10823.763333333334,6,Gold,run_20260808_212843,2026-08-08T21:28:54.819066+00:00
C03179,20290.32,5072.58,4,Platinum,run_20260808_212843,2026-08-08T21:28:54.819066+00:00
C03180,64069.64,10678.273333333333,6,Platinum,run_20260808_212843,2026-08-08T21:28:54.819066+00:00
C03181,41024.990000000005,6837.498333333334,6,Silver,run_20260808_212843,2026-08-08T21:28:54.819066+00:00
C03182,2672.42,1336.21,2,Platinum,run_20260808_212843,2026-08-08T21:28:54.819066+00:00
C03183,14044.849999999999,4681.616666666666,3,Gold,run_20260808_212843,2026-08-08T21:28:54.819066+00:00
C03184,21722.15,10861.075,2,Gold,run_20260808_212843,2026-08-08T21:28:54.819066+00:00
C03185,15048.83,5016.276666666667,3,Silver,run_20260808_212843,2026-08-08T21:28:54.819066+00:00
C03186,7076.35,3538.175,2,Gold,run_20260808_212843,2026-08-08T21:28:54.819066+00:00
C03187,20361.2,6787.066666666667,3,Bronze,run_20260808_212843,2026-08-08T21:28:54.819066+00:00
C03188,44941.17,8988.234,5,Gold,run_20260808_212843,2026-08-08T21:28:54.819066+00:00
C03189,84398.21,10549.77625,8,Bronze,run_20260808_212843,2026-08-08T21:28:54.819066+00:00
C03190,13998.95,4666.316666666667,3,Platinum,run_20260808_212843,2026-08-08T21:28:54.819066+00:00
C03191,77940.45,12990.074999999999,6,Bronze,run_20260808_212843,2026-08-08T21:28:54.819066+00:00
C03192,73641.72,10520.245714285715,7,Silver,run_20260808_212843,2026-08-08T21:28:54.819066+00:00
C03193,72718.15,9089.76875,8,Silver,run_20260808_212843,2026-08-08T21:28:54.819066+00:00
C03194,47918.64,9583.728,5,Silver,run_20260808_212843,2026-08-08T21:28:54.819066+00:00
C03195,44306.98,11076.745,4,Silver,run_20260808_212843,2026-08-08T21:28:54.819066+00:00
C03196,57109.7,8158.528571428571,7,Silver,run_20260808_212843,2026-08-08T21:28:54.819066+00:00
C03197,50456.369999999995,7208.052857142857,7,Gold,run_20260808_212843,2026-08-08T21:28:54.819066+00:00
C03198,26907.87,6726.9675,4,Platinum,run_20260808_212843,2026-08-08T21:28:54.819066+00:00
C03200,36019.08,6003.18,6,Bronze,run_20260808_212843,2026-08-08T21:28:54.819066+00:00
C03201,13002.57,13002.57,1,Platinum,run_20260808_212843,2026-08-08T21:28:54.819066+00:00
C03202,32486.86,6497.372,5,Silver,run_20260808_212843,2026-08-08T21:28:54.819066+00:00
C03203,14287.08,7143.54,2,Silver,run_20260808_212843,2026-08-08T21:28:54.819066+00:00
C03204,81409.75,10176.21875,8,Bronze,run_20260808_212843,2026-08-08T21:28:54.819066+00:00
C03205,34786.94,6957.388000000001,5,Silver,run_20260808_212843,2026-08-08T21:28:54.819066+00:00
C03206,47038.7,11759.675,4,Gold,run_20260808_212843,2026-08-08T21:28:54.819066+00:00
C03207,25260.4,6315.1,4,Gold,run_20260808_212843,2026-08-08T21:28:54.819066+00:00
C03208,154.12,154.12,1,Gold,run_20260808_212843,2026-08-08T21:28:54.819066+00:00
C03209,44557.67,6365.381428571428,7,Platinum,run_20260808_212843,2026-08-08T21:28:54.819066+00:00
C03210,43630.2,7271.7,6,Platinum,run_20260808_212843,2026-08-08T21:28:54.819066+00:00
C03211,55055.31,7865.044285714285,7,Gold,run_20260808_212843,2026-08-08T21:28:54.819066+00:00
C03212,15322.6,15322.6,1,Platinum,run_20260808_212843,2026-08-08T21:28:54.819066+00:00
C03213,46445.8,6635.114285714286,7,Gold,run_20260808_212843,2026-08-08T21:28:54.819066+00:00
C03214,11648.82,5824.41,2,Silver,run_20260808_212843,2026-08-08T21:28:54.819066+00:00
C03215,10154.82,5077.41,2,Platinum,run_20260808_212843,2026-08-08T21:28:54.819066+00:00
C03216,7592.25,3796.125,2,Gold,run_20260808_212843,2026-08-08T21:28:54.819066+00:00
C03217,28264.38,9421.460000000001,3,Platinum,run_20260808_212843,2026-08-08T21:28:54.819066+00:00
C03218,22187.97,7395.990000000001,3,Bronze,run_20260808_212843,2026-08-08T21:28:54.819066+00:00
C03219,14985.44,7492.72,2,Bronze,run_20260808_212843,2026-08-08T21:28:54.819066+00:00
C03220,39985.700000000004,6664.283333333334,6,Gold,run_20260808_212843,2026-08-08T21:28:54.819066+00:00
C03221,72638.74,8070.971111111112,9,Gold,run_20260808_212843,2026-08-08T21:28:54.819066+00:00
C03222,66283.43,8285.42875,8,Gold,run_20260808_212843,2026-08-08T21:28:54.819066+00:00
C03223,38338.04,6389.673333333333,6,Bronze,run_20260808_212843,2026-08-08T21:28:54.819066+00:00
C03224,31427.5,6285.5,5,Platinum,run_20260808_212843,2026-08-08T21:28:54.819066+00:00
C03225,24585.2,4917.04,5,Bronze,run_20260808_212843,2026-08-08T21:28:54.819066+00:00
C03226,23294.96,7764.986666666667,3,Gold,run_20260808_212843,2026-08-08T21:28:54.819066+00:00
C03227,12503.07,3125.7675,4,Gold,run_20260808_212843,2026-08-08T21:28:54.819066+00:00
C03228,53356.04,8892.673333333334,6,Gold,run_20260808_212843,2026-08-08T21:28:54.819066+00:00
C03229,49482.2,4123.516666666666,12,Gold,run_20260808_212843,2026-08-08T21:28:54.819066+00:00
C03230,50645.67,10129.134,5,Gold,run_20260808_212843,2026-08-08T21:28:54.819066+00:00
C03231,61367.65,10227.941666666668,6,Gold,run_20260808_212843,2026-08-08T21:28:54.819066+00:00
C03232,27852.809999999998,6963.202499999999,4,Silver,run_20260808_212843,2026-08-08T21:28:54.819066+00:00
C03233,15535.150000000001,3107.03,5,Silver,run_20260808_212843,2026-08-08T21:28:54.819066+00:00
C03234,43282.979999999996,7213.829999999999,6,Silver,run_20260808_212843,2026-08-08T21:28:54.819066+00:00
C03235,39105.27,6517.544999999999,6,Bronze,run_20260808_212843,2026-08-08T21:28:54.819066+00:00
C03236,25302.3,6325.575,4,Platinum,run_20260808_212843,2026-08-08T21:28:54.819066+00:00
C03237,29631.15,5926.2300000000005,5,Gold,run_20260808_212843,2026-08-08T21:28:54.819066+00:00
C03238,38101.75,4233.527777777777,9,Silver,run_20260808_212843,2026-08-08T21:28:54.819066+00:00
C03239,32205.03,6441.005999999999,5,Bronze,run_20260808_212843,2026-08-08T21:28:54.819066+00:00
C03240,29988.0,9996.0,3,Platinum,run_20260808_212843,2026-08-08T21:28:54.819066+00:00
C03241,19003.48,4750.87,4,Gold,run_20260808_212843,2026-08-08T21:28:54.819066+00:00
C03242,56957.47,9492.911666666667,6,Gold,run_20260808_212843,2026-08-08T21:28:54.819066+00:00
C03243,42410.32,7068.386666666666,6,Platinum,run_20260808_212843,2026-08-08T21:28:54.819066+00:00
C03244,5634.77,1878.256666666667,3,Platinum,run_20260808_212843,2026-08-08T21:28:54.819066+00:00
C03245,17543.0,8771.5,2,Platinum,run_20260808_212843,2026-08-08T21:28:54.819066+00:00
C03246,16559.11,5519.703333333334,3,Bronze,run_20260808_212843,2026-08-08T21:28:54.819066+00:00
C03247,23977.93,4795.586,5,Silver,run_20260808_212843,2026-08-08T21:28:54.819066+00:00
C03248,33250.6,16625.3,2,Gold,run_20260808_212843,2026-08-08T21:28:54.819066+00:00
C03249,8374.5,8374.5,1,Silver,run_20260808_212843,2026-08-08T21:28:54.819066+00:00
C03250,16288.36,4072.09,4,Platinum,run_20260808_212843,2026-08-08T21:28:54.819066+00:00
C03251,8443.26,4221.63,2,Gold,run_20260808_212843,2026-08-08T21:28:54.819066+00:00
C03252,40481.68,6746.946666666667,6,Gold,run_20260808_212843,2026-08-08T21:28:54.819066+00:00
C03253,25363.350000000002,8454.45,3,Silver,run_20260808_212843,2026-08-08T21:28:54.819066+00:00
C03254,49407.97,9881.594000000001,5,Silver,run_20260808_212843,2026-08-08T21:28:54.819066+00:00
C03255,30445.199999999997,6089.039999999999,5,Gold,run_20260808_212843,2026-08-08T21:28:54.819066+00:00
C03256,25607.14,8535.713333333333,3,Bronze,run_20260808_212843,2026-08-08T21:28:54.819066+00:00
C03257,35463.31,7092.661999999999,5,Platinum,run_20260808_212843,2026-08-08T21:28:54.819066+00:00
C03258,37724.83,9431.2075,4,Silver,run_20260808_212843,2026-08-08T21:28:54.819066+00:00
C03259,74455.88,6768.716363636364,11,Gold,run_20260808_212843,2026-08-08T21:28:54.819066+00:00
C03260,19333.23,6444.41,3,Silver,run_20260808_212843,2026-08-08T21:28:54.819066+00:00
C03261,37230.06,9307.515,4,Gold,run_20260808_212843,2026-08-08T21:28:54.819066+00:00
C03262,32602.97,6520.594,5,Bronze,run_20260808_212843,2026-08-08T21:28:54.819066+00:00
C03263,19717.96,3286.3266666666664,6,Silver,run_20260808_212843,2026-08-08T21:28:54.819066+00:00
C03264,42054.32,10513.58,4,Gold,run_20260808_212843,2026-08-08T21:28:54.819066+00:00
C03265,34741.21,5790.201666666667,6,Silver,run_20260808_212843,2026-08-08T21:28:54.819066+00:00
C03266,30890.010000000002,10296.67,3,Gold,run_20260808_212843,2026-08-08T21:28:54.819066+00:00
C03267,57767.35,8252.478571428572,7,Platinum,run_20260808_212843,2026-08-08T21:28:54.819066+00:00
C03268,21832.46,7277.486666666667,3,Gold,run_20260808_212843,2026-08-08T21:28:54.819066+00:00
C03269,56561.700000000004,8080.242857142858,7,Gold,run_20260808_212843,2026-08-08T21:28:54.819066+00:00
C03270,18465.23,4616.3075,4,Gold,run_20260808_212843,2026-08-08T21:28:54.819066+00:00
C03271,13636.740000000002,4545.580000000001,3,Gold,run_20260808_212843,2026-08-08T21:28:54.819066+00:00
C03272,14622.54,3655.635,4,Platinum,run_20260808_212843,2026-08-08T21:28:54.819066+00:00
C03273,42541.32000000001,14180.440000000002,3,Bronze,run_20260808_212843,2026-08-08T21:28:54.819066+00:00
C03274,7042.02,2347.34,3,Platinum,run_20260808_212843,2026-08-08T21:28:54.819066+00:00
C03275,49662.19,8277.031666666668,6,Bronze,run_20260808_212843,2026-08-08T21:28:54.819066+00:00
C03276,35451.21,5064.458571428571,7,Bronze,run_20260808_212843,2026-08-08T21:28:54.819066+00:00
C03277,29905.98,9968.66,3,Platinum,run_20260808_212843,2026-08-08T21:28:54.819066+00:00
C03278,23697.96,7899.32,3,Silver,run_20260808_212843,2026-08-08T21:28:54.819066+00:00
C03279,37027.16,9256.79,4,Bronze,run_20260808_212843,2026-08-08T21:28:54.819066+00:00
C03280,49526.47,6190.80875,8,Platinum,run_20260808_212843,2026-08-08T21:28:54.819066+00:00
C03281,46254.04,11563.51,4,Gold,run_20260808_212843,2026-08-08T21:28:54.819066+00:00
C03282,24656.14,6164.035,4,Platinum,run_20260808_212843,2026-08-08T21:28:54.819066+00:00
C03283,19124.33,4781.0825,4,Bronze,run_20260808_212843,2026-08-08T21:28:54.819066+00:00
C03284,16157.81,5385.9366666666665,3,Silver,run_20260808_212843,2026-08-08T21:28:54.819066+00:00
C03285,59431.990000000005,7428.998750000001,8,Silver,run_20260808_212843,2026-08-08T21:28:54.819066+00:00
C03286,116972.64,8997.895384615385,13,Silver,run_20260808_212843,2026-08-08T21:28:54.819066+00:00
C03287,23757.98,4751.596,5,Gold,run_20260808_212843,2026-08-08T21:28:54.819066+00:00
C03288,28060.71,9353.57,3,Platinum,run_20260808_212843,2026-08-08T21:28:54.819066+00:00
C03289,50983.28,8497.213333333333,6,Platinum,run_20260808_212843,2026-08-08T21:28:54.819066+00:00
C03290,38986.75,12995.583333333334,3,Silver,run_20260808_212843,2026-08-08T21:28:54.819066+00:00
C03291,34919.08,5819.846666666667,6,Gold,run_20260808_212843,2026-08-08T21:28:54.819066+00:00
C03292,29521.879999999997,7380.469999999999,4,Silver,run_20260808_212843,2026-08-08T21:28:54.819066+00:00
C03293,37008.47,9252.1175,4,Bronze,run_20260808_212843,2026-08-08T21:28:54.819066+00:00
C03294,54078.39,9013.065,6,Platinum,run_20260808_212843,2026-08-08T21:28:54.819066+00:00
C03295,49855.16,8309.193333333335,6,Gold,run_20260808_212843,2026-08-08T21:28:54.819066+00:00
C03296,63718.979999999996,9102.711428571429,7,Silver,run_20260808_212843,2026-08-08T21:28:54.819066+00:00
C03297,70349.56,7816.6177777777775,9,Gold,run_20260808_212843,2026-08-08T21:28:54.819066+00:00
C03298,47956.38,5994.5475,8,Bronze,run_20260808_212843,2026-08-08T21:28:54.819066+00:00
C03299,31771.22,7942.805,4,Bronze,run_20260808_212843,2026-08-08T21:28:54.819066+00:00
C03300,30875.46,6175.092,5,Platinum,run_20260808_212843,2026-08-08T21:28:54.819066+00:00
C03301,81765.7,13627.616666666667,6,Gold,run_20260808_212843,2026-08-08T21:28:54.819066+00:00
C03302,38258.92,6376.486666666667,6,Silver,run_20260808_212843,2026-08-08T21:28:54.819066+00:00
C03303,10806.03,3602.01,3,Silver,run_20260808_212843,2026-08-08T21:28:54.819066+00:00
C03304,45360.119999999995,5670.014999999999,8,Silver,run_20260808_212843,2026-08-08T21:28:54.819066+00:00
C03305,27100.38,5420.076,5,Platinum,run_20260808_212843,2026-08-08T21:28:54.819066+00:00
C03306,21573.550000000003,7191.183333333334,3,Bronze,run_20260808_212843,2026-08-08T21:28:54.819066+00:00
C03307,22572.85,4514.57,5,Silver,run_20260808_212843,2026-08-08T21:28:54.819066+00:00
C03308,17898.78,5966.259999999999,3,Platinum,run_20260808_212843,2026-08-08T21:28:54.819066+00:00
C03309,13278.07,2655.614,5,Platinum,run_20260808_212843,2026-08-08T21:28:54.819066+00:00
C03310,73161.82,7316.182000000001,10,Platinum,run_20260808_212843,2026-08-08T21:28:54.819066+00:00
C03311,5631.25,1877.0833333333333,3,Platinum,run_20260808_212843,2026-08-08T21:28:54.819066+00:00
C03312,51730.18,7390.0257142857145,7,Platinum,run_20260808_212843,2026-08-08T21:28:54.819066+00:00
C03313,20451.04,4090.208,5,Platinum,run_20260808_212843,2026-08-08T21:28:54.819066+00:00
C03314,41820.9,6970.150000000001,6,Bronze,run_20260808_212843,2026-08-08T21:28:54.819066+00:00
C03315,94357.56999999999,10484.174444444443,9,Bronze,run_20260808_212843,2026-08-08T21:28:54.819066+00:00
C03316,49230.53999999999,7032.934285714285,7,Silver,run_20260808_212843,2026-08-08T21:28:54.819066+00:00
C03317,28996.45,7249.1125,4,Gold,run_20260808_212843,2026-08-08T21:28:54.819066+00:00
C03318,11482.220000000001,5741.110000000001,2,Bronze,run_20260808_212843,2026-08-08T21:28:54.819066+00:00
C03319,71847.95,8980.99375,8,Gold,run_20260808_212843,2026-08-08T21:28:54.819066+00:00
C03320,46428.09,9285.617999999999,5,Silver,run_20260808_212843,2026-08-08T21:28:54.819066+00:00
C03321,19972.09,6657.363333333334,3,Bronze,run_20260808_212843,2026-08-08T21:28:54.819066+00:00
C03322,27462.449999999997,6865.612499999999,4,Bronze,run_20260808_212843,2026-08-08T21:28:54.819066+00:00
C03323,42855.86,7142.643333333333,6,Silver,run_20260808_212843,2026-08-08T21:28:54.819066+00:00
C03324,57468.979999999996,7183.6224999999995,8,Silver,run_20260808_212843,2026-08-08T21:28:54.819066+00:00
C03325,15758.77,5252.923333333333,3,Gold,run_20260808_212843,2026-08-08T21:28:54.819066+00:00
C03326,78334.5,7121.318181818182,11,Gold,run_20260808_212843,2026-08-08T21:28:54.819066+00:00
C03327,36529.0,7305.8,5,Silver,run_20260808_212843,2026-08-08T21:28:54.819066+00:00
C03328,31861.21,6372.242,5,Bronze,run_20260808_212843,2026-08-08T21:28:54.819066+00:00
C03329,52905.39,10581.078,5,Platinum,run_20260808_212843,2026-08-08T21:28:54.819066+00:00
C03330,23923.58,5980.895,4,Gold,run_20260808_212843,2026-08-08T21:28:54.819066+00:00
C03331,38609.62,5515.660000000001,7,Silver,run_20260808_212843,2026-08-08T21:28:54.819066+00:00
C03332,34969.270000000004,8742.317500000001,4,Bronze,run_20260808_212843,2026-08-08T21:28:54.819066+00:00
C03333,51321.51,17107.170000000002,3,Bronze,run_20260808_212843,2026-08-08T21:28:54.819066+00:00
C03334,38112.14,9528.035,4,Gold,run_20260808_212843,2026-08-08T21:28:54.819066+00:00
C03335,15631.230000000001,3907.8075000000003,4,Gold,run_20260808_212843,2026-08-08T21:28:54.819066+00:00
C03336,42468.94,7078.156666666667,6,Platinum,run_20260808_212843,2026-08-08T21:28:54.819066+00:00
C03337,6815.34,6815.34,1,Gold,run_20260808_212843,2026-08-08T21:28:54.819066+00:00
C03338,9898.16,3299.3866666666668,3,Platinum,run_20260808_212843,2026-08-08T21:28:54.819066+00:00
C03339,56103.240000000005,9350.54,6,Silver,run_20260808_212843,2026-08-08T21:28:54.819066+00:00
C03340,52615.98,7516.568571428572,7,Gold,run_20260808_212843,2026-08-08T21:28:54.819066+00:00
C03341,45477.52,6496.788571428571,7,Platinum,run_20260808_212843,2026-08-08T21:28:54.819066+00:00
C03342,40183.53999999999,8036.707999999999,5,Gold,run_20260808_212843,2026-08-08T21:28:54.819066+00:00
C03343,58415.96,6490.662222222222,9,Silver,run_20260808_212843,2026-08-08T21:28:54.819066+00:00
C03344,41312.479999999996,6885.413333333333,6,Silver,run_20260808_212843,2026-08-08T21:28:54.819066+00:00
C03345,36601.69,6100.281666666667,6,Platinum,run_20260808_212843,2026-08-08T21:28:54.819066+00:00
C03346,39483.83,9870.9575,4,Bronze,run_20260808_212843,2026-08-08T21:28:54.819066+00:00
C03347,55789.77,11157.954,5,Silver,run_20260808_212843,2026-08-08T21:28:54.819066+00:00
C03348,53540.53,10708.106,5,Silver,run_20260808_212843,2026-08-08T21:28:54.819066+00:00
C03349,36081.65,5154.521428571429,7,Silver,run_20260808_212843,2026-08-08T21:28:54.819066+00:00
C03350,37713.67,7542.7339999999995,5,Silver,run_20260808_212843,2026-08-08T21:28:54.819066+00:00
C03351,11992.82,3997.6066666666666,3,Bronze,run_20260808_212843,2026-08-08T21:28:54.819066+00:00
C03352,39885.04,6647.506666666667,6,Silver,run_20260808_212843,2026-08-08T21:28:54.819066+00:00
C03353,55902.82,7986.117142857142,7,Bronze,run_20260808_212843,2026-08-08T21:28:54.819066+00:00
C03354,37772.66,7554.532000000001,5,Gold,run_20260808_212843,2026-08-08T21:28:54.819066+00:00
C03355,8086.51,2021.6275,4,Bronze,run_20260808_212843,2026-08-08T21:28:54.819066+00:00
C03356,47948.94,6849.848571428572,7,Platinum,run_20260808_212843,2026-08-08T21:28:54.819066+00:00
C03357,45061.74,11265.435,4,Gold,run_20260808_212843,2026-08-08T21:28:54.819066+00:00
C03358,28679.66,9559.886666666667,3,Bronze,run_20260808_212843,2026-08-08T21:28:54.819066+00:00
C03359,63864.4,7983.05,8,Bronze,run_20260808_212843,2026-08-08T21:28:54.819066+00:00
C03360,8199.4,1639.8799999999999,5,Bronze,run_20260808_212843,2026-08-08T21:28:54.819066+00:00
C03361,74930.38,6811.852727272728,11,Bronze,run_20260808_212843,2026-08-08T21:28:54.819066+00:00
C03362,98526.81999999999,8956.983636363635,11,Bronze,run_20260808_212843,2026-08-08T21:28:54.819066+00:00
C03363,36869.58,7373.916,5,Bronze,run_20260808_212843,2026-08-08T21:28:54.819066+00:00
C03364,10133.9,2026.78,5,Platinum,run_20260808_212843,2026-08-08T21:28:54.819066+00:00
C03365,54057.68,9009.613333333333,6,Platinum,run_20260808_212843,2026-08-08T21:28:54.819066+00:00
C03366,77528.82,12921.470000000001,6,Platinum,run_20260808_212843,2026-08-08T21:28:54.819066+00:00
C03367,17903.83,5967.943333333334,3,Bronze,run_20260808_212843,2026-08-08T21:28:54.819066+00:00
C03368,17330.72,4332.68,4,Gold,run_20260808_212843,2026-08-08T21:28:54.819066+00:00
C03369,24918.32,6229.58,4,Platinum,run_20260808_212843,2026-08-08T21:28:54.819066+00:00
C03370,26667.93,6666.9825,4,Silver,run_20260808_212843,2026-08-08T21:28:54.819066+00:00
C03372,12434.009999999998,6217.004999999999,2,Bronze,run_20260808_212843,2026-08-08T21:28:54.819066+00:00
C03373,62231.61,5657.419090909091,11,Gold,run_20260808_212843,2026-08-08T21:28:54.819066+00:00
C03374,7540.63,3770.315,2,Platinum,run_20260808_212843,2026-08-08T21:28:54.819066+00:00
C03375,57726.93,8246.704285714286,7,Bronze,run_20260808_212843,2026-08-08T21:28:54.819066+00:00
C03376,44806.33,7467.721666666667,6,Gold,run_20260808_212843,2026-08-08T21:28:54.819066+00:00
C03377,18359.3,9179.65,2,Silver,run_20260808_212843,2026-08-08T21:28:54.819066+00:00
C03378,41201.11,13733.703333333333,3,Platinum,run_20260808_212843,2026-08-08T21:28:54.819066+00:00
C03379,49825.1,8304.183333333332,6,Bronze,run_20260808_212843,2026-08-08T21:28:54.819066+00:00
C03380,43551.2,8710.24,5,Bronze,run_20260808_212843,2026-08-08T21:28:54.819066+00:00
C03381,38183.619999999995,7636.723999999999,5,Gold,run_20260808_212843,2026-08-08T21:28:54.819066+00:00
C03382,63763.740000000005,7084.860000000001,9,Bronze,run_20260808_212843,2026-08-08T21:28:54.819066+00:00
C03383,4175.04,1391.68,3,Bronze,run_20260808_212843,2026-08-08T21:28:54.819066+00:00
C03384,38427.18,9606.795,4,Platinum,run_20260808_212843,2026-08-08T21:28:54.819066+00:00
C03385,35186.020000000004,8796.505000000001,4,Silver,run_20260808_212843,2026-08-08T21:28:54.819066+00:00
C03386,28976.13,9658.710000000001,3,Silver,run_20260808_212843,2026-08-08T21:28:54.819066+00:00
C03387,25008.479999999996,6252.119999999999,4,Gold,run_20260808_212843,2026-08-08T21:28:54.819066+00:00
C03388,35827.81,8956.9525,4,Silver,run_20260808_212843,2026-08-08T21:28:54.819066+00:00
C03389,37297.18,5328.168571428571,7,Gold,run_20260808_212843,2026-08-08T21:28:54.819066+00:00
C03390,59451.32,8493.045714285714,7,Platinum,run_20260808_212843,2026-08-08T21:28:54.819066+00:00
C03391,22964.08,5741.02,4,Gold,run_20260808_212843,2026-08-08T21:28:54.819066+00:00
C03392,11142.1,2785.525,4,Silver,run_20260808_212843,2026-08-08T21:28:54.819066+00:00
C03393,26342.02,8780.673333333334,3,Bronze,run_20260808_212843,2026-08-08T21:28:54.819066+00:00
C03394,64719.56,12943.912,5,Platinum,run_20260808_212843,2026-08-08T21:28:54.819066+00:00
C03395,65567.37999999999,13113.475999999999,5,Silver,run_20260808_212843,2026-08-08T21:28:54.819066+00:00
C03396,24106.07,4821.214,5,Platinum,run_20260808_212843,2026-08-08T21:28:54.819066+00:00
C03397,53421.979999999996,10684.395999999999,5,Gold,run_20260808_212843,2026-08-08T21:28:54.819066+00:00
C03398,73664.27,10523.467142857144,7,Silver,run_20260808_212843,2026-08-08T21:28:54.819066+00:00
C03399,52978.15,10595.630000000001,5,Bronze,run_20260808_212843,2026-08-08T21:28:54.819066+00:00
C03400,8509.0,2836.3333333333335,3,Bronze,run_20260808_212843,2026-08-08T21:28:54.819066+00:00
C03401,30096.65,6019.33,5,Bronze,run_20260808_212843,2026-08-08T21:28:54.819066+00:00
C03402,66384.33,9483.475714285714,7,Bronze,run_20260808_212843,2026-08-08T21:28:54.819066+00:00
C03403,23159.03,4631.806,5,Platinum,run_20260808_212843,2026-08-08T21:28:54.819066+00:00
C03404,72398.24,10342.605714285715,7,Silver,run_20260808_212843,2026-08-08T21:28:54.819066+00:00
C03405,20876.51,6958.836666666666,3,Bronze,run_20260808_212843,2026-08-08T21:28:54.819066+00:00
C03406,42779.79,8555.958,5,Bronze,run_20260808_212843,2026-08-08T21:28:54.819066+00:00
C03407,48651.69,6950.2414285714285,7,Bronze,run_20260808_212843,2026-08-08T21:28:54.819066+00:00
C03408,26891.11,6722.7775,4,Gold,run_20260808_212843,2026-08-08T21:28:54.819066+00:00
C03409,31399.35,6279.87,5,Silver,run_20260808_212843,2026-08-08T21:28:54.819066+00:00
C03410,36116.71,5159.53,7,Platinum,run_20260808_212843,2026-08-08T21:28:54.819066+00:00
C03411,50531.1,10106.22,5,Gold,run_20260808_212843,2026-08-08T21:28:54.819066+00:00
C03412,44283.84,7380.639999999999,6,Gold,run_20260808_212843,2026-08-08T21:28:54.819066+00:00
C03413,49006.060000000005,8167.676666666667,6,Platinum,run_20260808_212843,2026-08-08T21:28:54.819066+00:00
C03414,41309.23,8261.846000000001,5,Bronze,run_20260808_212843,2026-08-08T21:28:54.819066+00:00
C03415,53350.58,13337.645,4,Bronze,run_20260808_212843,2026-08-08T21:28:54.819066+00:00
C03416,58175.619999999995,11635.124,5,Silver,run_20260808_212843,2026-08-08T21:28:54.819066+00:00
C03417,63811.4,6381.14,10,Bronze,run_20260808_212843,2026-08-08T21:28:54.819066+00:00
C03418,9024.06,4512.03,2,Gold,run_20260808_212843,2026-08-08T21:28:54.819066+00:00
C03419,60177.81,8596.83,7,Gold,run_20260808_212843,2026-08-08T21:28:54.819066+00:00
C03420,57248.21,7156.02625,8,Gold,run_20260808_212843,2026-08-08T21:28:54.819066+00:00
C03421,35058.98,8764.745,4,Platinum,run_20260808_212843,2026-08-08T21:28:54.819066+00:00
C03422,25739.14,5147.8279999999995,5,Bronze,run_20260808_212843,2026-08-08T21:28:54.819066+00:00
C03423,8237.79,2059.4475,4,Bronze,run_20260808_212843,2026-08-08T21:28:54.819066+00:00
C03424,46542.07,5817.75875,8,Bronze,run_20260808_212843,2026-08-08T21:28:54.819066+00:00
C03425,16387.53,4096.8825,4,Bronze,run_20260808_212843,2026-08-08T21:28:54.819066+00:00
C03426,20036.27,5009.0675,4,Silver,run_20260808_212843,2026-08-08T21:28:54.819066+00:00
C03427,58575.12,14643.78,4,Silver,run_20260808_212843,2026-08-08T21:28:54.819066+00:00
C03428,22317.58,4463.5160000000005,5,Gold,run_20260808_212843,2026-08-08T21:28:54.819066+00:00
C03429,71640.06,7164.005999999999,10,Gold,run_20260808_212843,2026-08-08T21:28:54.819066+00:00
C03430,46308.880000000005,7718.146666666667,6,Platinum,run_20260808_212843,2026-08-08T21:28:54.819066+00:00
C03431,46092.92,7682.153333333333,6,Gold,run_20260808_212843,2026-08-08T21:28:54.819066+00:00
C03432,53073.93,8845.655,6,Bronze,run_20260808_212843,2026-08-08T21:28:54.819066+00:00
C03433,20508.82,10254.41,2,Gold,run_20260808_212843,2026-08-08T21:28:54.819066+00:00
C03434,55615.18,6951.8975,8,Gold,run_20260808_212843,2026-08-08T21:28:54.819066+00:00
C03435,12840.74,6420.37,2,Silver,run_20260808_212843,2026-08-08T21:28:54.819066+00:00
C03436,18905.38,6301.793333333334,3,Bronze,run_20260808_212843,2026-08-08T21:28:54.819066+00:00
C03437,19931.61,3986.322,5,Platinum,run_20260808_212843,2026-08-08T21:28:54.819066+00:00
C03438,57980.25,7247.53125,8,Platinum,run_20260808_212843,2026-08-08T21:28:54.819066+00:00
C03439,46013.21,11503.3025,4,Platinum,run_20260808_212843,2026-08-08T21:28:54.819066+00:00
C03440,10286.42,2571.605,4,Gold,run_20260808_212843,2026-08-08T21:28:54.819066+00:00
C03441,24480.64,8160.213333333333,3,Platinum,run_20260808_212843,2026-08-08T21:28:54.819066+00:00
C03442,30777.95,4396.85,7,Platinum,run_20260808_212843,2026-08-08T21:28:54.819066+00:00
C03443,14272.05,7136.025,2,Platinum,run_20260808_212843,2026-08-08T21:28:54.819066+00:00
C03444,11548.58,3849.5266666666666,3,Silver,run_20260808_212843,2026-08-08T21:28:54.819066+00:00
C03445,31017.21,6203.442,5,Bronze,run_20260808_212843,2026-08-08T21:28:54.819066+00:00
C03446,47906.119999999995,6843.731428571428,7,Silver,run_20260808_212843,2026-08-08T21:28:54.819066+00:00
C03447,2222.13,2222.13,1,Bronze,run_20260808_212843,2026-08-08T21:28:54.819066+00:00
C03448,66072.23000000001,11012.038333333336,6,Silver,run_20260808_212843,2026-08-08T21:28:54.819066+00:00
C03449,12098.43,3024.6075,4,Bronze,run_20260808_212843,2026-08-08T21:28:54.819066+00:00
C03450,49356.6,4935.66,10,Platinum,run_20260808_212843,2026-08-08T21:28:54.819066+00:00
C03451,33515.68,6703.136,5,Platinum,run_20260808_212843,2026-08-08T21:28:54.819066+00:00
C03452,48465.42,6058.1775,8,Platinum,run_20260808_212843,2026-08-08T21:28:54.819066+00:00
C03453,11354.599999999999,3784.8666666666663,3,Silver,run_20260808_212843,2026-08-08T21:28:54.819066+00:00
C03454,13580.210000000001,4526.736666666667,3,Platinum,run_20260808_212843,2026-08-08T21:28:54.819066+00:00
C03455,66571.03,7396.781111111111,9,Gold,run_20260808_212843,2026-08-08T21:28:54.819066+00:00
C03456,50866.79,12716.6975,4,Bronze,run_20260808_212843,2026-08-08T21:28:54.819066+00:00
C03457,26210.89,13105.445,2,Silver,run_20260808_212843,2026-08-08T21:28:54.819066+00:00
C03458,13085.18,6542.59,2,Platinum,run_20260808_212843,2026-08-08T21:28:54.819066+00:00
C03459,32486.23,4060.77875,8,Platinum,run_20260808_212843,2026-08-08T21:28:54.819066+00:00
C03460,18540.43,4635.1075,4,Bronze,run_20260808_212843,2026-08-08T21:28:54.819066+00:00
C03461,52394.19,8732.365,6,Platinum,run_20260808_212843,2026-08-08T21:28:54.819066+00:00
C03462,79284.03,6607.0025,12,Platinum,run_20260808_212843,2026-08-08T21:28:54.819066+00:00
C03463,15011.6,7505.8,2,Bronze,run_20260808_212843,2026-08-08T21:28:54.819066+00:00
C03464,9534.89,4767.445,2,Bronze,run_20260808_212843,2026-08-08T21:28:54.819066+00:00
C03465,51377.76,10275.552,5,Gold,run_20260808_212843,2026-08-08T21:28:54.819066+00:00
C03466,6821.0199999999995,3410.5099999999998,2,Gold,run_20260808_212843,2026-08-08T21:28:54.819066+00:00
C03467,32509.27,6501.854,5,Bronze,run_20260808_212843,2026-08-08T21:28:54.819066+00:00
C03468,24316.24,6079.06,4,Silver,run_20260808_212843,2026-08-08T21:28:54.819066+00:00
C03469,19585.18,6528.393333333333,3,Gold,run_20260808_212843,2026-08-08T21:28:54.819066+00:00
C03470,20759.079999999998,6919.693333333333,3,Bronze,run_20260808_212843,2026-08-08T21:28:54.819066+00:00
C03471,41101.38,6850.23,6,Platinum,run_20260808_212843,2026-08-08T21:28:54.819066+00:00
C03472,58507.23,8358.175714285715,7,Silver,run_20260808_212843,2026-08-08T21:28:54.819066+00:00
C03473,73482.24,7348.224,10,Platinum,run_20260808_212843,2026-08-08T21:28:54.819066+00:00
C03474,7592.139999999999,2530.713333333333,3,Gold,run_20260808_212843,2026-08-08T21:28:54.819066+00:00
C03475,20342.97,3390.4950000000003,6,Platinum,run_20260808_212843,2026-08-08T21:28:54.819066+00:00
C03476,19576.699999999997,4894.174999999999,4,Silver,run_20260808_212843,2026-08-08T21:28:54.819066+00:00
C03477,52576.64,10515.328,5,Bronze,run_20260808_212843,2026-08-08T21:28:54.819066+00:00
C03478,63568.240000000005,9081.177142857143,7,Bronze,run_20260808_212843,2026-08-08T21:28:54.819066+00:00
C03479,50960.369999999995,7280.052857142857,7,Silver,run_20260808_212843,2026-08-08T21:28:54.819066+00:00
C03480,28607.4,4767.900000000001,6,Platinum,run_20260808_212843,2026-08-08T21:28:54.819066+00:00
C03481,29932.53,5986.505999999999,5,Platinum,run_20260808_212843,2026-08-08T21:28:54.819066+00:00
C03482,51390.55,10278.11,5,Silver,run_20260808_212843,2026-08-08T21:28:54.819066+00:00
C03483,45706.8,11426.7,4,Bronze,run_20260808_212843,2026-08-08T21:28:54.819066+00:00
C03484,54042.52,9007.086666666666,6,Platinum,run_20260808_212843,2026-08-08T21:28:54.819066+00:00
C03485,33501.32,6700.264,5,Gold,run_20260808_212843,2026-08-08T21:28:54.819066+00:00
C03486,30532.71,6106.5419999999995,5,Silver,run_20260808_212843,2026-08-08T21:28:54.819066+00:00
C03487,68449.15,11408.191666666666,6,Gold,run_20260808_212843,2026-08-08T21:28:54.819066+00:00
C03488,34482.07,4926.01,7,Gold,run_20260808_212843,2026-08-08T21:28:54.819066+00:00
C03489,25071.93,6267.9825,4,Bronze,run_20260808_212843,2026-08-08T21:28:54.819066+00:00
C03490,25789.52,12894.76,2,Silver,run_20260808_212843,2026-08-08T21:28:54.819066+00:00
C03491,24943.87,8314.623333333333,3,Platinum,run_20260808_212843,2026-08-08T21:28:54.819066+00:00
C03492,54364.38,7766.339999999999,7,Platinum,run_20260808_212843,2026-08-08T21:28:54.819066+00:00
C03493,67759.89,7528.876666666667,9,Silver,run_20260808_212843,2026-08-08T21:28:54.819066+00:00
C03494,37370.97,6228.495,6,Bronze,run_20260808_212843,2026-08-08T21:28:54.819066+00:00
C03495,31094.49,7773.6225,4,Platinum,run_20260808_212843,2026-08-08T21:28:54.819066+00:00
C03496,11621.25,2324.25,5,Platinum,run_20260808_212843,2026-08-08T21:28:54.819066+00:00
C03497,81519.22,7410.8381818181815,11,Platinum,run_20260808_212843,2026-08-08T21:28:54.819066+00:00
C03498,73728.24,9216.03,8,Bronze,run_20260808_212843,2026-08-08T21:28:54.819066+00:00
C03499,48684.17,9736.833999999999,5,Platinum,run_20260808_212843,2026-08-08T21:28:54.819066+00:00
C03500,39532.45,7906.49,5,Platinum,run_20260808_212843,2026-08-08T21:28:54.819066+00:00
C03501,48007.85,6858.2642857142855,7,Gold,run_20260808_212843,2026-08-08T21:28:54.819066+00:00
C03502,13076.98,3269.245,4,Bronze,run_20260808_212843,2026-08-08T21:28:54.819066+00:00
C03503,12866.35,4288.783333333334,3,Platinum,run_20260808_212843,2026-08-08T21:28:54.819066+00:00
C03504,18536.1,6178.7,3,Bronze,run_20260808_212843,2026-08-08T21:28:54.819066+00:00
C03505,27034.23,6758.5575,4,Bronze,run_20260808_212843,2026-08-08T21:28:54.819066+00:00
C03506,20726.79,10363.395,2,Platinum,run_20260808_212843,2026-08-08T21:28:54.819066+00:00
C03507,14852.7,4950.900000000001,3,Platinum,run_20260808_212843,2026-08-08T21:28:54.819066+00:00
C03508,77554.03,11079.147142857142,7,Bronze,run_20260808_212843,2026-08-08T21:28:54.819066+00:00
C03509,52287.880000000005,10457.576000000001,5,Bronze,run_20260808_212843,2026-08-08T21:28:54.819066+00:00
C03510,45620.619999999995,6517.231428571428,7,Bronze,run_20260808_212843,2026-08-08T21:28:54.819066+00:00
C03511,35492.28,7098.456,5,Gold,run_20260808_212843,2026-08-08T21:28:54.819066+00:00
C03512,11429.72,5714.86,2,Silver,run_20260808_212843,2026-08-08T21:28:54.819066+00:00
C03513,90230.71,9023.071,10,Platinum,run_20260808_212843,2026-08-08T21:28:54.819066+00:00
C03514,51665.01,6458.12625,8,Gold,run_20260808_212843,2026-08-08T21:28:54.819066+00:00
C03515,66006.44,11001.073333333334,6,Gold,run_20260808_212843,2026-08-08T21:28:54.819066+00:00
C03516,60187.99,10031.331666666667,6,Bronze,run_20260808_212843,2026-08-08T21:28:54.819066+00:00
C03517,49033.38,12258.345,4,Silver,run_20260808_212843,2026-08-08T21:28:54.819066+00:00
C03518,62748.86,10458.143333333333,6,Platinum,run_20260808_212843,2026-08-08T21:28:54.819066+00:00
C03520,27010.32,9003.44,3,Platinum,run_20260808_212843,2026-08-08T21:28:54.819066+00:00
C03521,115277.53,14409.69125,8,Gold,run_20260808_212843,2026-08-08T21:28:54.819066+00:00
C03522,56780.88,7097.61,8,Platinum,run_20260808_212843,2026-08-08T21:28:54.819066+00:00
C03523,50434.600000000006,12608.650000000001,4,Bronze,run_20260808_212843,2026-08-08T21:28:54.819066+00:00
C03524,59357.51,8479.644285714287,7,Bronze,run_20260808_212843,2026-08-08T21:28:54.819066+00:00
C03525,10042.35,5021.175,2,Silver,run_20260808_212843,2026-08-08T21:28:54.819066+00:00
C03526,22305.29,7435.096666666667,3,Bronze,run_20260808_212843,2026-08-08T21:28:54.819066+00:00
C03527,1463.18,1463.18,1,Gold,run_20260808_212843,2026-08-08T21:28:54.819066+00:00
C03528,26795.54,6698.885,4,Gold,run_20260808_212843,2026-08-08T21:28:54.819066+00:00
C03529,32971.520000000004,8242.880000000001,4,Gold,run_20260808_212843,2026-08-08T21:28:54.819066+00:00
C03530,31167.86,5194.643333333333,6,Gold,run_20260808_212843,2026-08-08T21:28:54.819066+00:00
C03531,23741.07,11870.535,2,Bronze,run_20260808_212843,2026-08-08T21:28:54.819066+00:00
C03532,7296.1900000000005,3648.0950000000003,2,Bronze,run_20260808_212843,2026-08-08T21:28:54.819066+00:00
C03533,33690.85,5615.141666666666,6,Silver,run_20260808_212843,2026-08-08T21:28:54.819066+00:00
C03534,4388.02,4388.02,1,Platinum,run_20260808_212843,2026-08-08T21:28:54.819066+00:00
C03535,35338.96,5889.826666666667,6,Silver,run_20260808_212843,2026-08-08T21:28:54.819066+00:00
C03536,9003.41,3001.1366666666668,3,Platinum,run_20260808_212843,2026-08-08T21:28:54.819066+00:00
C03537,11229.779999999999,3743.2599999999998,3,Bronze,run_20260808_212843,2026-08-08T21:28:54.819066+00:00
C03538,51123.55,10224.710000000001,5,Gold,run_20260808_212843,2026-08-08T21:28:54.819066+00:00
C03539,51966.88,6495.86,8,Silver,run_20260808_212843,2026-08-08T21:28:54.819066+00:00
C03540,65489.54,8186.1925,8,Silver,run_20260808_212843,2026-08-08T21:28:54.819066+00:00
C03541,42594.39,7099.065,6,Bronze,run_20260808_212843,2026-08-08T21:28:54.819066+00:00
C03542,44333.05,7388.841666666667,6,Platinum,run_20260808_212843,2026-08-08T21:28:54.819066+00:00
C03543,41314.79,8262.958,5,Silver,run_20260808_212843,2026-08-08T21:28:54.819066+00:00
C03544,22336.99,5584.2475,4,Platinum,run_20260808_212843,2026-08-08T21:28:54.819066+00:00
C03545,94803.7,8618.51818181818,11,Silver,run_20260808_212843,2026-08-08T21:28:54.819066+00:00
C03546,30893.98,10297.993333333334,3,Gold,run_20260808_212843,2026-08-08T21:28:54.819066+00:00
C03547,50953.450000000004,6369.181250000001,8,Bronze,run_20260808_212843,2026-08-08T21:28:54.819066+00:00
C03548,13771.529999999999,4590.509999999999,3,Platinum,run_20260808_212843,2026-08-08T21:28:54.819066+00:00
C03549,68302.8,9757.542857142858,7,Bronze,run_20260808_212843,2026-08-08T21:28:54.819066+00:00
C03550,50074.04,7153.434285714286,7,Bronze,run_20260808_212843,2026-08-08T21:28:54.819066+00:00
C03551,53324.23,7617.747142857143,7,Platinum,run_20260808_212843,2026-08-08T21:28:54.819066+00:00
C03552,1677.48,1677.48,1,Platinum,run_20260808_212843,2026-08-08T21:28:54.819066+00:00
C03553,18419.59,4604.8975,4,Silver,run_20260808_212843,2026-08-08T21:28:54.819066+00:00
C03554,13448.02,3362.005,4,Platinum,run_20260808_212843,2026-08-08T21:28:54.819066+00:00
C03555,40941.09,8188.217999999999,5,Bronze,run_20260808_212843,2026-08-08T21:28:54.819066+00:00
C03556,17401.7,8700.85,2,Bronze,run_20260808_212843,2026-08-08T21:28:54.819066+00:00
C03557,6806.2,3403.1,2,Platinum,run_20260808_212843,2026-08-08T21:28:54.819066+00:00
C03558,32883.45,6576.69,5,Platinum,run_20260808_212843,2026-08-08T21:28:54.819066+00:00
C03559,33554.05,8388.5125,4,Silver,run_20260808_212843,2026-08-08T21:28:54.819066+00:00
C03560,29647.11,7411.7775,4,Silver,run_20260808_212843,2026-08-08T21:28:54.819066+00:00
C03561,41017.34,8203.467999999999,5,Silver,run_20260808_212843,2026-08-08T21:28:54.819066+00:00
C03562,44447.56,6349.651428571428,7,Bronze,run_20260808_212843,2026-08-08T21:28:54.819066+00:00
C03563,21931.89,5482.9725,4,Platinum,run_20260808_212843,2026-08-08T21:28:54.819066+00:00
C03564,69824.28,6347.6618181818185,11,Gold,run_20260808_212843,2026-08-08T21:28:54.819066+00:00
C03565,42878.83,14292.943333333335,3,Platinum,run_20260808_212843,2026-08-08T21:28:54.819066+00:00
C03566,43511.94,7251.990000000001,6,Platinum,run_20260808_212843,2026-08-08T21:28:54.819066+00:00
C03567,6416.11,2138.7033333333334,3,Silver,run_20260808_212843,2026-08-08T21:28:54.819066+00:00
C03568,69316.78,8664.5975,8,Gold,run_20260808_212843,2026-08-08T21:28:54.819066+00:00
C03569,1848.52,924.26,2,Platinum,run_20260808_212843,2026-08-08T21:28:54.819066+00:00
C03570,14760.56,3690.14,4,Gold,run_20260808_212843,2026-08-08T21:28:54.819066+00:00
C03571,49662.560000000005,9932.512,5,Gold,run_20260808_212843,2026-08-08T21:28:54.819066+00:00
C03572,23148.82,4629.764,5,Platinum,run_20260808_212843,2026-08-08T21:28:54.819066+00:00
C03573,3452.9700000000003,1726.4850000000001,2,Silver,run_20260808_212843,2026-08-08T21:28:54.819066+00:00
C03574,11790.78,11790.78,1,Silver,run_20260808_212843,2026-08-08T21:28:54.819066+00:00
C03575,10907.75,10907.75,1,Platinum,run_20260808_212843,2026-08-08T21:28:54.819066+00:00
C03576,26773.68,6693.42,4,Gold,run_20260808_212843,2026-08-08T21:28:54.819066+00:00
C03577,33157.8,8289.45,4,Gold,run_20260808_212843,2026-08-08T21:28:54.819066+00:00
C03578,51487.37,5720.818888888889,9,Silver,run_20260808_212843,2026-08-08T21:28:54.819066+00:00
C03579,31925.32,10641.773333333333,3,Silver,run_20260808_212843,2026-08-08T21:28:54.819066+00:00
C03580,9657.619999999999,3219.2066666666665,3,Silver,run_20260808_212843,2026-08-08T21:28:54.819066+00:00
C03581,12050.18,4016.726666666667,3,Gold,run_20260808_212843,2026-08-08T21:28:54.819066+00:00
C03582,53287.21000000001,8881.201666666668,6,Gold,run_20260808_212843,2026-08-08T21:28:54.819066+00:00
C03583,53928.17,7704.024285714286,7,Silver,run_20260808_212843,2026-08-08T21:28:54.819066+00:00
C03584,43460.54000000001,6208.648571428573,7,Silver,run_20260808_212843,2026-08-08T21:28:54.819066+00:00
C03585,51641.23,5737.914444444445,9,Gold,run_20260808_212843,2026-08-08T21:28:54.819066+00:00
C03586,53047.81,7578.2585714285715,7,Bronze,run_20260808_212843,2026-08-08T21:28:54.819066+00:00
C03587,40115.22,8023.044,5,Gold,run_20260808_212843,2026-08-08T21:28:54.819066+00:00
C03588,45842.85,7640.474999999999,6,Platinum,run_20260808_212843,2026-08-08T21:28:54.819066+00:00
C03589,21467.08,5366.77,4,Platinum,run_20260808_212843,2026-08-08T21:28:54.819066+00:00
C03590,29928.28,9976.093333333332,3,Gold,run_20260808_212843,2026-08-08T21:28:54.819066+00:00
C03591,38790.93,6465.155,6,Platinum,run_20260808_212843,2026-08-08T21:28:54.819066+00:00
C03592,41171.979999999996,5881.711428571428,7,Bronze,run_20260808_212843,2026-08-08T21:28:54.819066+00:00
C03593,29442.2,4907.033333333334,6,Bronze,run_20260808_212843,2026-08-08T21:28:54.819066+00:00
C03594,9046.949999999999,4523.474999999999,2,Bronze,run_20260808_212843,2026-08-08T21:28:54.819066+00:00
C03595,15810.210000000001,5270.070000000001,3,Platinum,run_20260808_212843,2026-08-08T21:28:54.819066+00:00
C03596,44100.23,8820.046,5,Silver,run_20260808_212843,2026-08-08T21:28:54.819066+00:00
C03597,26492.62,4415.4366666666665,6,Bronze,run_20260808_212843,2026-08-08T21:28:54.819066+00:00
C03598,13940.9,4646.966666666666,3,Bronze,run_20260808_212843,2026-08-08T21:28:54.819066+00:00
C03599,50450.07,8408.345,6,Silver,run_20260808_212843,2026-08-08T21:28:54.819066+00:00
C03600,20564.27,3427.3783333333336,6,Gold,run_20260808_212843,2026-08-08T21:28:54.819066+00:00
C03601,22586.4,5646.6,4,Silver,run_20260808_212843,2026-08-08T21:28:54.819066+00:00
C03602,42419.29,7069.881666666667,6,Gold,run_20260808_212843,2026-08-08T21:28:54.819066+00:00
C03603,42898.21,10724.5525,4,Gold,run_20260808_212843,2026-08-08T21:28:54.819066+00:00
C03604,32458.68,8114.67,4,Silver,run_20260808_212843,2026-08-08T21:28:54.819066+00:00
C03605,75632.73999999999,6875.703636363635,11,Bronze,run_20260808_212843,2026-08-08T21:28:54.819066+00:00
C03606,14852.29,2475.3816666666667,6,Gold,run_20260808_212843,2026-08-08T21:28:54.819066+00:00
C03607,62369.29,8909.898571428572,7,Silver,run_20260808_212843,2026-08-08T21:28:54.819066+00:00
C03608,41354.1,8270.82,5,Bronze,run_20260808_212843,2026-08-08T21:28:54.819066+00:00
C03609,31018.39,7754.5975,4,Gold,run_20260808_212843,2026-08-08T21:28:54.819066+00:00
C03610,47402.27,5925.28375,8,Platinum,run_20260808_212843,2026-08-08T21:28:54.819066+00:00
C03611,48369.56,8061.593333333333,6,Bronze,run_20260808_212843,2026-08-08T21:28:54.819066+00:00
C03612,10036.6,3345.5333333333333,3,Silver,run_20260808_212843,2026-08-08T21:28:54.819066+00:00
C03613,71612.89,8951.61125,8,Platinum,run_20260808_212843,2026-08-08T21:28:54.819066+00:00
C03614,24039.86,4807.972,5,Silver,run_20260808_212843,2026-08-08T21:28:54.819066+00:00
C03615,3241.2,1080.3999999999999,3,Gold,run_20260808_212843,2026-08-08T21:28:54.819066+00:00
C03616,33688.8,6737.76,5,Bronze,run_20260808_212843,2026-08-08T21:28:54.819066+00:00
C03617,51805.560000000005,12951.390000000001,4,Platinum,run_20260808_212843,2026-08-08T21:28:54.819066+00:00
C03618,42738.380000000005,8547.676000000001,5,Platinum,run_20260808_212843,2026-08-08T21:28:54.819066+00:00
C03619,40665.44,8133.088000000001,5,Platinum,run_20260808_212843,2026-08-08T21:28:54.819066+00:00
C03620,81703.73999999999,13617.289999999999,6,Gold,run_20260808_212843,2026-08-08T21:28:54.819066+00:00
C03621,35651.42,7130.284,5,Bronze,run_20260808_212843,2026-08-08T21:28:54.819066+00:00
C03622,32732.45,6546.49,5,Bronze,run_20260808_212843,2026-08-08T21:28:54.819066+00:00
C03623,47086.03,7847.671666666666,6,Gold,run_20260808_212843,2026-08-08T21:28:54.819066+00:00
C03624,18291.9,4572.975,4,Silver,run_20260808_212843,2026-08-08T21:28:54.819066+00:00
C03625,35463.74,7092.748,5,Platinum,run_20260808_212843,2026-08-08T21:28:54.819066+00:00
C03627,53299.14,6662.3925,8,Gold,run_20260808_212843,2026-08-08T21:28:54.819066+00:00
C03628,46434.83,6633.547142857143,7,Silver,run_20260808_212843,2026-08-08T21:28:54.819066+00:00
C03629,39610.6,4401.177777777778,9,Silver,run_20260808_212843,2026-08-08T21:28:54.819066+00:00
C03630,19798.08,9899.04,2,Gold,run_20260808_212843,2026-08-08T21:28:54.819066+00:00
C03631,44995.7,11248.925,4,Platinum,run_20260808_212843,2026-08-08T21:28:54.819066+00:00
C03632,28064.08,5612.816000000001,5,Silver,run_20260808_212843,2026-08-08T21:28:54.819066+00:00
C03633,39071.77,13023.923333333332,3,Bronze,run_20260808_212843,2026-08-08T21:28:54.819066+00:00
C03634,19625.06,9812.53,2,Silver,run_20260808_212843,2026-08-08T21:28:54.819066+00:00
C03635,53518.56,5351.856,10,Silver,run_20260808_212843,2026-08-08T21:28:54.819066+00:00
C03636,49574.12,5508.235555555556,9,Bronze,run_20260808_212843,2026-08-08T21:28:54.819066+00:00
C03637,39520.28,7904.056,5,Platinum,run_20260808_212843,2026-08-08T21:28:54.819066+00:00
C03638,21043.99,10521.995,2,Bronze,run_20260808_212843,2026-08-08T21:28:54.819066+00:00
C03639,38932.61,5561.801428571429,7,Platinum,run_20260808_212843,2026-08-08T21:28:54.819066+00:00
C03640,50082.56,6260.32,8,Gold,run_20260808_212843,2026-08-08T21:28:54.819066+00:00
C03641,46352.37,5794.04625,8,Gold,run_20260808_212843,2026-08-08T21:28:54.819066+00:00
C03642,79760.89,6646.740833333333,12,Silver,run_20260808_212843,2026-08-08T21:28:54.819066+00:00
C03643,61666.81,8809.544285714286,7,Silver,run_20260808_212843,2026-08-08T21:28:54.819066+00:00
C03644,14732.25,4910.75,3,Gold,run_20260808_212843,2026-08-08T21:28:54.819066+00:00
C03645,3927.18,1309.06,3,Bronze,run_20260808_212843,2026-08-08T21:28:54.819066+00:00
C03646,61191.71000000001,10198.618333333334,6,Gold,run_20260808_212843,2026-08-08T21:28:54.819066+00:00
C03647,35811.759999999995,8952.939999999999,4,Platinum,run_20260808_212843,2026-08-08T21:28:54.819066+00:00
C03648,69798.08,9971.154285714287,7,Silver,run_20260808_212843,2026-08-08T21:28:54.819066+00:00
C03649,32911.6,6582.32,5,Bronze,run_20260808_212843,2026-08-08T21:28:54.819066+00:00
C03650,23175.14,7725.046666666666,3,Silver,run_20260808_212843,2026-08-08T21:28:54.819066+00:00
C03651,38630.7,12876.9,3,Gold,run_20260808_212843,2026-08-08T21:28:54.819066+00:00
C03652,40604.01,5800.572857142857,7,Bronze,run_20260808_212843,2026-08-08T21:28:54.819066+00:00
C03653,29521.98,9840.66,3,Gold,run_20260808_212843,2026-08-08T21:28:54.819066+00:00
C03654,23048.38,2881.0475,8,Platinum,run_20260808_212843,2026-08-08T21:28:54.819066+00:00
C03655,39086.35,7817.2699999999995,5,Gold,run_20260808_212843,2026-08-08T21:28:54.819066+00:00
C03656,38860.270000000004,7772.054000000001,5,Bronze,run_20260808_212843,2026-08-08T21:28:54.819066+00:00
C03657,7128.21,3564.105,2,Gold,run_20260808_212843,2026-08-08T21:28:54.819066+00:00
C03658,35569.020000000004,8892.255000000001,4,Silver,run_20260808_212843,2026-08-08T21:28:54.819066+00:00
C03659,72144.73999999999,18036.184999999998,4,Silver,run_20260808_212843,2026-08-08T21:28:54.819066+00:00
C03660,78236.2,9779.525,8,Bronze,run_20260808_212843,2026-08-08T21:28:54.819066+00:00
C03661,55789.88,6973.735,8,Silver,run_20260808_212843,2026-08-08T21:28:54.819066+00:00
C03662,33885.01,4235.62625,8,Platinum,run_20260808_212843,2026-08-08T21:28:54.819066+00:00
C03663,28750.090000000004,5750.018000000001,5,Platinum,run_20260808_212843,2026-08-08T21:28:54.819066+00:00
C03664,45543.44,7590.573333333334,6,Bronze,run_20260808_212843,2026-08-08T21:28:54.819066+00:00
C03665,34409.259999999995,6881.851999999999,5,Gold,run_20260808_212843,2026-08-08T21:28:54.819066+00:00
C03666,29842.75,7460.6875,4,Silver,run_20260808_212843,2026-08-08T21:28:54.819066+00:00
C03667,40120.91,8024.182000000001,5,Silver,run_20260808_212843,2026-08-08T21:28:54.819066+00:00
C03668,42255.39,6036.484285714286,7,Gold,run_20260808_212843,2026-08-08T21:28:54.819066+00:00
C03669,28023.8,5604.76,5,Gold,run_20260808_212843,2026-08-08T21:28:54.819066+00:00
C03670,46956.56,5869.57,8,Gold,run_20260808_212843,2026-08-08T21:28:54.819066+00:00
C03671,45267.46,9053.492,5,Gold,run_20260808_212843,2026-08-08T21:28:54.819066+00:00
C03672,55831.87,6978.98375,8,Silver,run_20260808_212843,2026-08-08T21:28:54.819066+00:00
C03673,32798.15,8199.5375,4,Platinum,run_20260808_212843,2026-08-08T21:28:54.819066+00:00
C03674,33776.36,8444.09,4,Bronze,run_20260808_212843,2026-08-08T21:28:54.819066+00:00
C03675,69432.84,13886.568,5,Bronze,run_20260808_212843,2026-08-08T21:28:54.819066+00:00
C03676,61698.619999999995,8814.08857142857,7,Gold,run_20260808_212843,2026-08-08T21:28:54.819066+00:00
C03677,13812.44,13812.44,1,Platinum,run_20260808_212843,2026-08-08T21:28:54.819066+00:00
C03678,49574.86,9914.972,5,Silver,run_20260808_212843,2026-08-08T21:28:54.819066+00:00
C03679,31680.83,10560.276666666667,3,Silver,run_20260808_212843,2026-08-08T21:28:54.819066+00:00
C03680,35896.090000000004,11965.363333333335,3,Bronze,run_20260808_212843,2026-08-08T21:28:54.819066+00:00
C03681,74179.18,9272.3975,8,Gold,run_20260808_212843,2026-08-08T21:28:54.819066+00:00
C03682,41717.770000000004,6952.961666666667,6,Platinum,run_20260808_212843,2026-08-08T21:28:54.819066+00:00
C03683,33716.46,6743.2919999999995,5,Bronze,run_20260808_212843,2026-08-08T21:28:54.819066+00:00
C03684,19531.86,9765.93,2,Platinum,run_20260808_212843,2026-08-08T21:28:54.819066+00:00
C03685,40168.79,5738.398571428572,7,Gold,run_20260808_212843,2026-08-08T21:28:54.819066+00:00
C03686,12985.68,6492.84,2,Gold,run_20260808_212843,2026-08-08T21:28:54.819066+00:00
C03687,21852.42,5463.105,4,Bronze,run_20260808_212843,2026-08-08T21:28:54.819066+00:00
C03688,38489.630000000005,12829.876666666669,3,Gold,run_20260808_212843,2026-08-08T21:28:54.819066+00:00
C03689,57231.659999999996,9538.609999999999,6,Platinum,run_20260808_212843,2026-08-08T21:28:54.819066+00:00
C03690,30583.100000000002,15291.550000000001,2,Platinum,run_20260808_212843,2026-08-08T21:28:54.819066+00:00
C03691,17129.93,8564.965,2,Bronze,run_20260808_212843,2026-08-08T21:28:54.819066+00:00
C03692,43903.01,7317.168333333334,6,Gold,run_20260808_212843,2026-08-08T21:28:54.819066+00:00
C03693,18800.32,9400.16,2,Silver,run_20260808_212843,2026-08-08T21:28:54.819066+00:00
C03694,12971.779999999999,4323.926666666666,3,Gold,run_20260808_212843,2026-08-08T21:28:54.819066+00:00
C03695,21906.75,3651.125,6,Bronze,run_20260808_212843,2026-08-08T21:28:54.819066+00:00
C03696,42900.340000000004,10725.085000000001,4,Bronze,run_20260808_212843,2026-08-08T21:28:54.819066+00:00
C03697,49898.759999999995,5544.306666666666,9,Silver,run_20260808_212843,2026-08-08T21:28:54.819066+00:00
C03698,83382.44,11911.777142857143,7,Bronze,run_20260808_212843,2026-08-08T21:28:54.819066+00:00
C03699,29448.730000000003,5889.746000000001,5,Bronze,run_20260808_212843,2026-08-08T21:28:54.819066+00:00
C03700,37915.37,6319.2283333333335,6,Silver,run_20260808_212843,2026-08-08T21:28:54.819066+00:00
C03701,71503.31999999999,8937.914999999999,8,Silver,run_20260808_212843,2026-08-08T21:28:54.819066+00:00
C03702,27608.08,4601.346666666667,6,Platinum,run_20260808_212843,2026-08-08T21:28:54.819066+00:00
C03703,56712.4,11342.48,5,Bronze,run_20260808_212843,2026-08-08T21:28:54.819066+00:00
C03704,26837.22,8945.74,3,Silver,run_20260808_212843,2026-08-08T21:28:54.819066+00:00
C03705,38338.56,7667.7119999999995,5,Platinum,run_20260808_212843,2026-08-08T21:28:54.819066+00:00
C03706,31211.8,6242.36,5,Bronze,run_20260808_212843,2026-08-08T21:28:54.819066+00:00
C03707,21797.99,10898.995,2,Silver,run_20260808_212843,2026-08-08T21:28:54.819066+00:00
C03708,10901.32,5450.66,2,Bronze,run_20260808_212843,2026-08-08T21:28:54.819066+00:00
C03709,17204.77,5734.923333333333,3,Platinum,run_20260808_212843,2026-08-08T21:28:54.819066+00:00
C03710,10759.58,2151.916,5,Gold,run_20260808_212843,2026-08-08T21:28:54.819066+00:00
C03711,10676.62,2669.155,4,Bronze,run_20260808_212843,2026-08-08T21:28:54.819066+00:00
C03712,36432.19,9108.0475,4,Bronze,run_20260808_212843,2026-08-08T21:28:54.819066+00:00
C03713,45975.65,5746.95625,8,Bronze,run_20260808_212843,2026-08-08T21:28:54.819066+00:00
C03714,44774.93,8954.986,5,Bronze,run_20260808_212843,2026-08-08T21:28:54.819066+00:00
C03715,49920.46,8320.076666666666,6,Silver,run_20260808_212843,2026-08-08T21:28:54.819066+00:00
C03716,12086.89,4028.963333333333,3,Gold,run_20260808_212843,2026-08-08T21:28:54.819066+00:00
C03717,1941.41,970.705,2,Bronze,run_20260808_212843,2026-08-08T21:28:54.819066+00:00
C03718,38174.99,7634.998,5,Silver,run_20260808_212843,2026-08-08T21:28:54.819066+00:00
C03719,43175.58,7195.93,6,Gold,run_20260808_212843,2026-08-08T21:28:54.819066+00:00
C03720,31790.33,7947.5825,4,Platinum,run_20260808_212843,2026-08-08T21:28:54.819066+00:00
C03721,36881.55,9220.3875,4,Platinum,run_20260808_212843,2026-08-08T21:28:54.819066+00:00
C03722,16819.83,8409.915,2,Platinum,run_20260808_212843,2026-08-08T21:28:54.819066+00:00
C03723,95565.95,8687.813636363637,11,Platinum,run_20260808_212843,2026-08-08T21:28:54.819066+00:00
C03724,6156.72,3078.36,2,Platinum,run_20260808_212843,2026-08-08T21:28:54.819066+00:00
C03725,60854.86,8693.551428571429,7,Gold,run_20260808_212843,2026-08-08T21:28:54.819066+00:00
C03726,31624.12,6324.824,5,Bronze,run_20260808_212843,2026-08-08T21:28:54.819066+00:00
C03727,36819.1,9204.775,4,Platinum,run_20260808_212843,2026-08-08T21:28:54.819066+00:00
C03728,15480.300000000001,7740.150000000001,2,Bronze,run_20260808_212843,2026-08-08T21:28:54.819066+00:00
C03729,69134.73999999999,13826.947999999999,5,Bronze,run_20260808_212843,2026-08-08T21:28:54.819066+00:00
C03730,12984.06,12984.06,1,Bronze,run_20260808_212843,2026-08-08T21:28:54.819066+00:00
C03731,22012.78,11006.39,2,Bronze,run_20260808_212843,2026-08-08T21:28:54.819066+00:00
C03732,120528.37,12052.837,10,Bronze,run_20260808_212843,2026-08-08T21:28:54.819066+00:00
C03733,29671.550000000003,7417.887500000001,4,Gold,run_20260808_212843,2026-08-08T21:28:54.819066+00:00
C03734,28933.39,7233.3475,4,Bronze,run_20260808_212843,2026-08-08T21:28:54.819066+00:00
C03735,58470.950000000004,11694.19,5,Gold,run_20260808_212843,2026-08-08T21:28:54.819066+00:00
C03736,63811.14,12762.228,5,Gold,run_20260808_212843,2026-08-08T21:28:54.819066+00:00
C03737,26279.29,8759.763333333334,3,Bronze,run_20260808_212843,2026-08-08T21:28:54.819066+00:00
C03738,17137.32,4284.33,4,Gold,run_20260808_212843,2026-08-08T21:28:54.819066+00:00
C03739,40147.92,8029.584,5,Platinum,run_20260808_212843,2026-08-08T21:28:54.819066+00:00
C03740,81131.75,6760.979166666667,12,Platinum,run_20260808_212843,2026-08-08T21:28:54.819066+00:00
C03741,25023.71,6255.9275,4,Platinum,run_20260808_212843,2026-08-08T21:28:54.819066+00:00
C03742,70753.98,8844.2475,8,Bronze,run_20260808_212843,2026-08-08T21:28:54.819066+00:00
C03743,7157.24,3578.62,2,Platinum,run_20260808_212843,2026-08-08T21:28:54.819066+00:00
C03744,740.71,740.71,1,Silver,run_20260808_212843,2026-08-08T21:28:54.819066+00:00
C03745,35642.369999999995,4455.296249999999,8,Silver,run_20260808_212843,2026-08-08T21:28:54.819066+00:00
C03746,27189.71,9063.236666666666,3,Silver,run_20260808_212843,2026-08-08T21:28:54.819066+00:00
C03747,32930.89,6586.178,5,Platinum,run_20260808_212843,2026-08-08T21:28:54.819066+00:00
C03748,29558.84,4222.691428571428,7,Gold,run_20260808_212843,2026-08-08T21:28:54.819066+00:00
C03749,36453.28,7290.656,5,Silver,run_20260808_212843,2026-08-08T21:28:54.819066+00:00
C03750,50242.65,7177.521428571429,7,Gold,run_20260808_212843,2026-08-08T21:28:54.819066+00:00
C03751,46705.41,11676.3525,4,Gold,run_20260808_212843,2026-08-08T21:28:54.819066+00:00
C03752,20919.67,4183.933999999999,5,Bronze,run_20260808_212843,2026-08-08T21:28:54.819066+00:00
C03753,22286.92,7428.973333333332,3,Silver,run_20260808_212843,2026-08-08T21:28:54.819066+00:00
C03754,22716.18,7572.06,3,Bronze,run_20260808_212843,2026-08-08T21:28:54.819066+00:00
C03755,17655.42,5885.139999999999,3,Bronze,run_20260808_212843,2026-08-08T21:28:54.819066+00:00
C03756,54574.78999999999,6821.848749999999,8,Bronze,run_20260808_212843,2026-08-08T21:28:54.819066+00:00
C03757,68705.01,11450.835,6,Platinum,run_20260808_212843,2026-08-08T21:28:54.819066+00:00
C03758,26974.84,5394.968,5,Bronze,run_20260808_212843,2026-08-08T21:28:54.819066+00:00
C03759,62188.79,10364.798333333334,6,Gold,run_20260808_212843,2026-08-08T21:28:54.819066+00:00
C03760,25779.32,8593.106666666667,3,Silver,run_20260808_212843,2026-08-08T21:28:54.819066+00:00
C03761,24001.97,6000.4925,4,Gold,run_20260808_212843,2026-08-08T21:28:54.819066+00:00
C03762,9809.14,9809.14,1,Silver,run_20260808_212843,2026-08-08T21:28:54.819066+00:00
C03763,37553.75,6258.958333333333,6,Platinum,run_20260808_212843,2026-08-08T21:28:54.819066+00:00
C03764,61494.659999999996,8784.951428571429,7,Silver,run_20260808_212843,2026-08-08T21:28:54.819066+00:00
C03765,51081.66,6385.2075,8,Silver,run_20260808_212843,2026-08-08T21:28:54.819066+00:00
C03766,18695.1,4673.775,4,Silver,run_20260808_212843,2026-08-08T21:28:54.819066+00:00
C03768,11915.92,2383.184,5,Gold,run_20260808_212843,2026-08-08T21:28:54.819066+00:00
C03769,7719.16,1929.79,4,Silver,run_20260808_212843,2026-08-08T21:28:54.819066+00:00
C03770,14219.05,4739.683333333333,3,Bronze,run_20260808_212843,2026-08-08T21:28:54.819066+00:00
C03771,14387.73,4795.91,3,Silver,run_20260808_212843,2026-08-08T21:28:54.819066+00:00
C03772,22955.04,5738.76,4,Bronze,run_20260808_212843,2026-08-08T21:28:54.819066+00:00
C03773,13970.5,6985.25,2,Platinum,run_20260808_212843,2026-08-08T21:28:54.819066+00:00
C03774,68599.29,6859.928999999999,10,Bronze,run_20260808_212843,2026-08-08T21:28:54.819066+00:00
C03775,47347.590000000004,6763.941428571429,7,Gold,run_20260808_212843,2026-08-08T21:28:54.819066+00:00
C03776,13516.14,2252.69,6,Bronze,run_20260808_212843,2026-08-08T21:28:54.819066+00:00
C03777,19457.0,3242.8333333333335,6,Gold,run_20260808_212843,2026-08-08T21:28:54.819066+00:00
C03778,40851.18,10212.795,4,Bronze,run_20260808_212843,2026-08-08T21:28:54.819066+00:00
C03779,33974.840000000004,11324.946666666669,3,Silver,run_20260808_212843,2026-08-08T21:28:54.819066+00:00
C03780,33371.24,6674.248,5,Platinum,run_20260808_212843,2026-08-08T21:28:54.819066+00:00
C03781,109333.09,12148.121111111112,9,Gold,run_20260808_212843,2026-08-08T21:28:54.819066+00:00
C03782,83001.28,10375.16,8,Gold,run_20260808_212843,2026-08-08T21:28:54.819066+00:00
C03783,35399.04,7079.808,5,Silver,run_20260808_212843,2026-08-08T21:28:54.819066+00:00
C03784,24056.920000000002,8018.973333333334,3,Silver,run_20260808_212843,2026-08-08T21:28:54.819066+00:00
C03785,38709.56,6451.593333333333,6,Bronze,run_20260808_212843,2026-08-08T21:28:54.819066+00:00
C03786,53090.36,17696.786666666667,3,Gold,run_20260808_212843,2026-08-08T21:28:54.819066+00:00
C03787,9802.36,3267.4533333333334,3,Bronze,run_20260808_212843,2026-08-08T21:28:54.819066+00:00
C03788,26145.36,6536.34,4,Silver,run_20260808_212843,2026-08-08T21:28:54.819066+00:00
C03789,61659.66,10276.61,6,Gold,run_20260808_212843,2026-08-08T21:28:54.819066+00:00
C03790,52215.59,13053.8975,4,Platinum,run_20260808_212843,2026-08-08T21:28:54.819066+00:00
C03791,18847.28,4711.82,4,Platinum,run_20260808_212843,2026-08-08T21:28:54.819066+00:00
C03792,86002.83,10750.35375,8,Gold,run_20260808_212843,2026-08-08T21:28:54.819066+00:00
C03793,30404.98,7601.245,4,Gold,run_20260808_212843,2026-08-08T21:28:54.819066+00:00
C03794,21440.52,10720.26,2,Silver,run_20260808_212843,2026-08-08T21:28:54.819066+00:00
C03795,21690.28,3615.0466666666666,6,Gold,run_20260808_212843,2026-08-08T21:28:54.819066+00:00
C03796,52760.8,5862.311111111111,9,Gold,run_20260808_212843,2026-08-08T21:28:54.819066+00:00
C03797,12966.08,6483.04,2,Platinum,run_20260808_212843,2026-08-08T21:28:54.819066+00:00
C03798,45574.19,11393.5475,4,Silver,run_20260808_212843,2026-08-08T21:28:54.819066+00:00
C03799,37597.45,6266.241666666666,6,Bronze,run_20260808_212843,2026-08-08T21:28:54.819066+00:00
C03800,18527.17,6175.723333333332,3,Gold,run_20260808_212843,2026-08-08T21:28:54.819066+00:00
C03801,11502.19,5751.095,2,Silver,run_20260808_212843,2026-08-08T21:28:54.819066+00:00
C03802,23568.489999999998,5892.1224999999995,4,Silver,run_20260808_212843,2026-08-08T21:28:54.819066+00:00
C03803,25763.98,8587.993333333334,3,Platinum,run_20260808_212843,2026-08-08T21:28:54.819066+00:00
C03804,63469.979999999996,12693.996,5,Gold,run_20260808_212843,2026-08-08T21:28:54.819066+00:00
C03805,13624.990000000002,2724.9980000000005,5,Gold,run_20260808_212843,2026-08-08T21:28:54.819066+00:00
C03806,50030.14,8338.356666666667,6,Silver,run_20260808_212843,2026-08-08T21:28:54.819066+00:00
C03807,79073.95,11296.278571428571,7,Gold,run_20260808_212843,2026-08-08T21:28:54.819066+00:00
C03808,19542.72,6514.240000000001,3,Platinum,run_20260808_212843,2026-08-08T21:28:54.819066+00:00
C03809,40333.82,5041.7275,8,Platinum,run_20260808_212843,2026-08-08T21:28:54.819066+00:00
C03810,27437.019999999997,4572.836666666666,6,Platinum,run_20260808_212843,2026-08-08T21:28:54.819066+00:00
C03811,66295.46,8286.9325,8,Gold,run_20260808_212843,2026-08-08T21:28:54.819066+00:00
C03812,32679.440000000002,5446.573333333334,6,Gold,run_20260808_212843,2026-08-08T21:28:54.819066+00:00
C03813,25416.31,6354.0775,4,Platinum,run_20260808_212843,2026-08-08T21:28:54.819066+00:00
C03814,56882.26,5688.226000000001,10,Bronze,run_20260808_212843,2026-08-08T21:28:54.819066+00:00
C03815,18257.05,4564.2625,4,Silver,run_20260808_212843,2026-08-08T21:28:54.819066+00:00
C03816,70161.43000000001,8770.178750000001,8,Bronze,run_20260808_212843,2026-08-08T21:28:54.819066+00:00
C03817,60640.08,7580.01,8,Gold,run_20260808_212843,2026-08-08T21:28:54.819066+00:00
C03818,15843.91,5281.303333333333,3,Silver,run_20260808_212843,2026-08-08T21:28:54.819066+00:00
C03819,39172.69,6528.781666666667,6,Silver,run_20260808_212843,2026-08-08T21:28:54.819066+00:00
C03820,48557.59,9711.518,5,Gold,run_20260808_212843,2026-08-08T21:28:54.819066+00:00
C03821,50515.59,6314.44875,8,Bronze,run_20260808_212843,2026-08-08T21:28:54.819066+00:00
C03822,7729.62,3864.81,2,Bronze,run_20260808_212843,2026-08-08T21:28:54.819066+00:00
C03823,44743.67,11185.9175,4,Bronze,run_20260808_212843,2026-08-08T21:28:54.819066+00:00
C03824,25576.35,12788.175,2,Bronze,run_20260808_212843,2026-08-08T21:28:54.819066+00:00
C03825,45647.15,7607.858333333334,6,Platinum,run_20260808_212843,2026-08-08T21:28:54.819066+00:00
C03826,53334.92,10666.984,5,Silver,run_20260808_212843,2026-08-08T21:28:54.819066+00:00
C03827,67895.88,7543.986666666668,9,Bronze,run_20260808_212843,2026-08-08T21:28:54.819066+00:00
C03828,67862.02,11310.336666666668,6,Gold,run_20260808_212843,2026-08-08T21:28:54.819066+00:00
C03829,11762.7,3920.9,3,Platinum,run_20260808_212843,2026-08-08T21:28:54.819066+00:00
C03830,52040.55,10408.11,5,Silver,run_20260808_212843,2026-08-08T21:28:54.819066+00:00
C03831,21734.22,7244.740000000001,3,Gold,run_20260808_212843,2026-08-08T21:28:54.819066+00:00
C03832,14227.369999999999,4742.456666666666,3,Platinum,run_20260808_212843,2026-08-08T21:28:54.819066+00:00
C03833,12196.189999999999,3049.0474999999997,4,Silver,run_20260808_212843,2026-08-08T21:28:54.819066+00:00
C03834,9071.59,3023.8633333333332,3,Gold,run_20260808_212843,2026-08-08T21:28:54.819066+00:00
C03835,56525.310000000005,9420.885,6,Silver,run_20260808_212843,2026-08-08T21:28:54.819066+00:00
C03836,19506.12,4876.53,4,Platinum,run_20260808_212843,2026-08-08T21:28:54.819066+00:00
C03837,21767.940000000002,7255.9800000000005,3,Bronze,run_20260808_212843,2026-08-08T21:28:54.819066+00:00
C03838,43980.29,6282.898571428572,7,Platinum,run_20260808_212843,2026-08-08T21:28:54.819066+00:00
C03839,36859.28,6143.213333333333,6,Gold,run_20260808_212843,2026-08-08T21:28:54.819066+00:00
C03840,8642.59,4321.295,2,Bronze,run_20260808_212843,2026-08-08T21:28:54.819066+00:00
C03841,12249.89,3062.4725,4,Silver,run_20260808_212843,2026-08-08T21:28:54.819066+00:00
C03842,44028.59,7338.098333333332,6,Silver,run_20260808_212843,2026-08-08T21:28:54.819066+00:00
C03843,32747.79,5457.965,6,Silver,run_20260808_212843,2026-08-08T21:28:54.819066+00:00
C03844,32049.379999999997,4578.482857142857,7,Platinum,run_20260808_212843,2026-08-08T21:28:54.819066+00:00
C03845,23131.36,5782.84,4,Silver,run_20260808_212843,2026-08-08T21:28:54.819066+00:00
C03846,44984.45,8996.89,5,Silver,run_20260808_212843,2026-08-08T21:28:54.819066+00:00
C03847,10842.18,10842.18,1,Silver,run_20260808_212843,2026-08-08T21:28:54.819066+00:00
C03848,21656.27,7218.756666666667,3,Platinum,run_20260808_212843,2026-08-08T21:28:54.819066+00:00
C03849,14674.84,2934.968,5,Gold,run_20260808_212843,2026-08-08T21:28:54.819066+00:00
C03850,92032.97,9203.297,10,Bronze,run_20260808_212843,2026-08-08T21:28:54.819066+00:00
C03851,27692.94,6923.235,4,Silver,run_20260808_212843,2026-08-08T21:28:54.819066+00:00
C03852,19157.54,3831.5080000000003,5,Platinum,run_20260808_212843,2026-08-08T21:28:54.819066+00:00
C03853,28906.04,4817.673333333333,6,Silver,run_20260808_212843,2026-08-08T21:28:54.819066+00:00
C03854,33990.4,4855.771428571429,7,Bronze,run_20260808_212843,2026-08-08T21:28:54.819066+00:00
C03855,73979.87,10568.552857142857,7,Gold,run_20260808_212843,2026-08-08T21:28:54.819066+00:00
C03856,48353.11,9670.622,5,Gold,run_20260808_212843,2026-08-08T21:28:54.819066+00:00
C03857,34096.979999999996,6819.395999999999,5,Silver,run_20260808_212843,2026-08-08T21:28:54.819066+00:00
C03858,45720.99,7620.165,6,Bronze,run_20260808_212843,2026-08-08T21:28:54.819066+00:00
C03859,25495.56,5099.112,5,Silver,run_20260808_212843,2026-08-08T21:28:54.819066+00:00
C03860,38529.520000000004,9632.380000000001,4,Gold,run_20260808_212843,2026-08-08T21:28:54.819066+00:00
C03861,36014.39,4501.79875,8,Platinum,run_20260808_212843,2026-08-08T21:28:54.819066+00:00
C03862,92584.51,10287.167777777777,9,Platinum,run_20260808_212843,2026-08-08T21:28:54.819066+00:00
C03863,35882.22,5980.37,6,Platinum,run_20260808_212843,2026-08-08T21:28:54.819066+00:00
C03864,49876.619999999995,8312.769999999999,6,Bronze,run_20260808_212843,2026-08-08T21:28:54.819066+00:00
C03865,42118.94,8423.788,5,Bronze,run_20260808_212843,2026-08-08T21:28:54.819066+00:00
C03866,47065.69,9413.138,5,Gold,run_20260808_212843,2026-08-08T21:28:54.819066+00:00
C03867,11797.74,3932.58,3,Bronze,run_20260808_212843,2026-08-08T21:28:54.819066+00:00
C03868,47112.36,5889.045,8,Gold,run_20260808_212843,2026-08-08T21:28:54.819066+00:00
C03869,52230.659999999996,10446.132,5,Gold,run_20260808_212843,2026-08-08T21:28:54.819066+00:00
C03870,84160.07,8416.007000000001,10,Silver,run_20260808_212843,2026-08-08T21:28:54.819066+00:00
C03871,52512.45,6564.05625,8,Platinum,run_20260808_212843,2026-08-08T21:28:54.819066+00:00
C03872,27467.230000000003,6866.807500000001,4,Platinum,run_20260808_212843,2026-08-08T21:28:54.819066+00:00
C03873,23749.2,4749.84,5,Gold,run_20260808_212843,2026-08-08T21:28:54.819066+00:00
C03874,34194.42,8548.605,4,Bronze,run_20260808_212843,2026-08-08T21:28:54.819066+00:00
C03875,33482.06,8370.515,4,Gold,run_20260808_212843,2026-08-08T21:28:54.819066+00:00
C03876,48951.15,8158.525000000001,6,Platinum,run_20260808_212843,2026-08-08T21:28:54.819066+00:00
C03877,29719.19,4953.198333333333,6,Silver,run_20260808_212843,2026-08-08T21:28:54.819066+00:00
C03878,1510.37,1510.37,1,Platinum,run_20260808_212843,2026-08-08T21:28:54.819066+00:00
C03879,52388.18,8731.363333333333,6,Gold,run_20260808_212843,2026-08-08T21:28:54.819066+00:00
C03880,20357.44,10178.72,2,Gold,run_20260808_212843,2026-08-08T21:28:54.819066+00:00
C03881,55941.58,13985.395,4,Platinum,run_20260808_212843,2026-08-08T21:28:54.819066+00:00
C03882,39747.07,7949.414,5,Platinum,run_20260808_212843,2026-08-08T21:28:54.819066+00:00
C03883,94717.59,11839.69875,8,Bronze,run_20260808_212843,2026-08-08T21:28:54.819066+00:00
C03884,87302.33,8730.233,10,Silver,run_20260808_212843,2026-08-08T21:28:54.819066+00:00
C03885,60519.740000000005,10086.623333333335,6,Platinum,run_20260808_212843,2026-08-08T21:28:54.819066+00:00
C03886,30112.03,7528.0075,4,Silver,run_20260808_212843,2026-08-08T21:28:54.819066+00:00
C03887,44883.72,7480.62,6,Silver,run_20260808_212843,2026-08-08T21:28:54.819066+00:00
C03888,60342.590000000004,7542.8237500000005,8,Bronze,run_20260808_212843,2026-08-08T21:28:54.819066+00:00
C03889,44777.71,6396.815714285714,7,Gold,run_20260808_212843,2026-08-08T21:28:54.819066+00:00
C03890,37769.25,5395.607142857143,7,Silver,run_20260808_212843,2026-08-08T21:28:54.819066+00:00
C03891,16549.23,5516.41,3,Silver,run_20260808_212843,2026-08-08T21:28:54.819066+00:00
C03892,65714.69,9387.812857142857,7,Silver,run_20260808_212843,2026-08-08T21:28:54.819066+00:00
C03893,77858.69,8650.965555555556,9,Silver,run_20260808_212843,2026-08-08T21:28:54.819066+00:00
C03894,34875.53,5812.588333333333,6,Gold,run_20260808_212843,2026-08-08T21:28:54.819066+00:00
C03895,22372.440000000002,5593.110000000001,4,Bronze,run_20260808_212843,2026-08-08T21:28:54.819066+00:00
C03896,59343.15,7417.89375,8,Silver,run_20260808_212843,2026-08-08T21:28:54.819066+00:00
C03897,17379.09,4344.7725,4,Platinum,run_20260808_212843,2026-08-08T21:28:54.819066+00:00
C03898,46767.76,7794.626666666667,6,Gold,run_20260808_212843,2026-08-08T21:28:54.819066+00:00
C03899,18132.87,6044.29,3,Bronze,run_20260808_212843,2026-08-08T21:28:54.819066+00:00
C03900,13432.42,6716.21,2,Platinum,run_20260808_212843,2026-08-08T21:28:54.819066+00:00
C03901,48100.07,12025.0175,4,Platinum,run_20260808_212843,2026-08-08T21:28:54.819066+00:00
C03902,19750.26,4937.565,4,Platinum,run_20260808_212843,2026-08-08T21:28:54.819066+00:00
C03903,37799.21,12599.736666666666,3,Silver,run_20260808_212843,2026-08-08T21:28:54.819066+00:00
C03904,55125.3,6890.6625,8,Silver,run_20260808_212843,2026-08-08T21:28:54.819066+00:00
C03905,23541.44,7847.1466666666665,3,Platinum,run_20260808_212843,2026-08-08T21:28:54.819066+00:00
C03906,34861.92,8715.48,4,Bronze,run_20260808_212843,2026-08-08T21:28:54.819066+00:00
C03907,36626.2,9156.55,4,Silver,run_20260808_212843,2026-08-08T21:28:54.819066+00:00
C03908,43379.02,14459.673333333332,3,Bronze,run_20260808_212843,2026-08-08T21:28:54.819066+00:00
C03909,53849.64,8974.94,6,Silver,run_20260808_212843,2026-08-08T21:28:54.819066+00:00
C03910,21327.34,4265.468,5,Silver,run_20260808_212843,2026-08-08T21:28:54.819066+00:00
C03911,37311.74,9327.935,4,Silver,run_20260808_212843,2026-08-08T21:28:54.819066+00:00
C03912,31649.4,7912.35,4,Bronze,run_20260808_212843,2026-08-08T21:28:54.819066+00:00
C03913,7392.9,7392.9,1,Silver,run_20260808_212843,2026-08-08T21:28:54.819066+00:00
C03914,14685.84,7342.92,2,Bronze,run_20260808_212843,2026-08-08T21:28:54.819066+00:00
C03915,3005.08,3005.08,1,Silver,run_20260808_212843,2026-08-08T21:28:54.819066+00:00
C03916,46251.07,6607.295714285714,7,Gold,run_20260808_212843,2026-08-08T21:28:54.819066+00:00
C03917,30881.350000000002,7720.337500000001,4,Silver,run_20260808_212843,2026-08-08T21:28:54.819066+00:00
C03918,19309.87,9654.935,2,Platinum,run_20260808_212843,2026-08-08T21:28:54.819066+00:00
C03919,43854.97,7309.161666666667,6,Bronze,run_20260808_212843,2026-08-08T21:28:54.819066+00:00
C03920,77484.71,9685.58875,8,Gold,run_20260808_212843,2026-08-08T21:28:54.819066+00:00
C03921,32080.29,5346.715,6,Bronze,run_20260808_212843,2026-08-08T21:28:54.819066+00:00
C03922,39301.23,6550.205000000001,6,Silver,run_20260808_212843,2026-08-08T21:28:54.819066+00:00
C03923,16485.199999999997,5495.066666666666,3,Platinum,run_20260808_212843,2026-08-08T21:28:54.819066+00:00
C03924,27762.15,5552.43,5,Platinum,run_20260808_212843,2026-08-08T21:28:54.819066+00:00
C03925,48684.69,8114.115000000001,6,Platinum,run_20260808_212843,2026-08-08T21:28:54.819066+00:00
C03926,51941.18,7420.168571428571,7,Silver,run_20260808_212843,2026-08-08T21:28:54.819066+00:00
C03927,51049.06,6381.1325,8,Silver,run_20260808_212843,2026-08-08T21:28:54.819066+00:00
C03928,44999.34,8999.867999999999,5,Platinum,run_20260808_212843,2026-08-08T21:28:54.819066+00:00
C03929,20010.25,5002.5625,4,Silver,run_20260808_212843,2026-08-08T21:28:54.819066+00:00
C03930,30622.34,4374.62,7,Silver,run_20260808_212843,2026-08-08T21:28:54.819066+00:00
C03931,1185.52,1185.52,1,Gold,run_20260808_212843,2026-08-08T21:28:54.819066+00:00
C03932,55464.79,9244.131666666666,6,Silver,run_20260808_212843,2026-08-08T21:28:54.819066+00:00
C03933,20111.04,4022.208,5,Gold,run_20260808_212843,2026-08-08T21:28:54.819066+00:00
C03935,43325.41,10831.3525,4,Bronze,run_20260808_212843,2026-08-08T21:28:54.819066+00:00
C03936,31006.980000000003,6201.396000000001,5,Silver,run_20260808_212843,2026-08-08T21:28:54.819066+00:00
C03937,21558.46,5389.615,4,Platinum,run_20260808_212843,2026-08-08T21:28:54.819066+00:00
C03938,21563.47,5390.8675,4,Platinum,run_20260808_212843,2026-08-08T21:28:54.819066+00:00
C03939,21395.83,4279.166,5,Silver,run_20260808_212843,2026-08-08T21:28:54.819066+00:00
C03940,28444.44,7111.11,4,Bronze,run_20260808_212843,2026-08-08T21:28:54.819066+00:00
C03941,77345.58,12890.93,6,Bronze,run_20260808_212843,2026-08-08T21:28:54.819066+00:00
C03942,12269.38,3067.345,4,Silver,run_20260808_212843,2026-08-08T21:28:54.819066+00:00
C03943,77749.99,7774.999000000001,10,Platinum,run_20260808_212843,2026-08-08T21:28:54.819066+00:00
C03944,2369.9,2369.9,1,Silver,run_20260808_212843,2026-08-08T21:28:54.819066+00:00
C03945,43332.66,8666.532000000001,5,Bronze,run_20260808_212843,2026-08-08T21:28:54.819066+00:00
C03946,14570.92,2914.184,5,Silver,run_20260808_212843,2026-08-08T21:28:54.819066+00:00
C03947,77029.90000000001,8558.87777777778,9,Platinum,run_20260808_212843,2026-08-08T21:28:54.819066+00:00
C03948,67528.48000000001,8441.060000000001,8,Bronze,run_20260808_212843,2026-08-08T21:28:54.819066+00:00
C03949,42667.58,7111.263333333333,6,Bronze,run_20260808_212843,2026-08-08T21:28:54.819066+00:00
C03950,32143.93,8035.9825,4,Bronze,run_20260808_212843,2026-08-08T21:28:54.819066+00:00
C03951,76150.28,8461.142222222223,9,Platinum,run_20260808_212843,2026-08-08T21:28:54.819066+00:00
C03952,30670.22,6134.044,5,Silver,run_20260808_212843,2026-08-08T21:28:54.819066+00:00
C03953,29288.93,7322.2325,4,Bronze,run_20260808_212843,2026-08-08T21:28:54.819066+00:00
C03954,36742.78,9185.695,4,Platinum,run_20260808_212843,2026-08-08T21:28:54.819066+00:00
C03955,33938.08,6787.616,5,Platinum,run_20260808_212843,2026-08-08T21:28:54.819066+00:00
C03956,16840.48,8420.24,2,Gold,run_20260808_212843,2026-08-08T21:28:54.819066+00:00
C03957,37177.78,5311.111428571428,7,Bronze,run_20260808_212843,2026-08-08T21:28:54.819066+00:00
C03958,85468.05,12209.721428571429,7,Platinum,run_20260808_212843,2026-08-08T21:28:54.819066+00:00
C03959,22053.129999999997,5513.282499999999,4,Silver,run_20260808_212843,2026-08-08T21:28:54.819066+00:00
C03960,38518.5,6419.75,6,Platinum,run_20260808_212843,2026-08-08T21:28:54.819066+00:00
C03961,22759.25,5689.8125,4,Platinum,run_20260808_212843,2026-08-08T21:28:54.819066+00:00
C03962,48601.02,8100.169999999999,6,Gold,run_20260808_212843,2026-08-08T21:28:54.819066+00:00
C03963,45302.08,9060.416000000001,5,Bronze,run_20260808_212843,2026-08-08T21:28:54.819066+00:00
C03964,37366.19,5338.027142857143,7,Platinum,run_20260808_212843,2026-08-08T21:28:54.819066+00:00
C03965,23711.949999999997,4742.389999999999,5,Silver,run_20260808_212843,2026-08-08T21:28:54.819066+00:00
C03966,48202.729999999996,6886.104285714285,7,Gold,run_20260808_212843,2026-08-08T21:28:54.819066+00:00
C03967,11183.82,3727.94,3,Platinum,run_20260808_212843,2026-08-08T21:28:54.819066+00:00
C03968,22008.63,7336.21,3,Silver,run_20260808_212843,2026-08-08T21:28:54.819066+00:00
C03969,34410.53,8602.6325,4,Bronze,run_20260808_212843,2026-08-08T21:28:54.819066+00:00
C03970,100092.69,12511.58625,8,Gold,run_20260808_212843,2026-08-08T21:28:54.819066+00:00
C03971,66330.59,9475.798571428571,7,Platinum,run_20260808_212843,2026-08-08T21:28:54.819066+00:00
C03972,38389.020000000004,5484.145714285715,7,Gold,run_20260808_212843,2026-08-08T21:28:54.819066+00:00
C03973,14639.9,2927.98,5,Silver,run_20260808_212843,2026-08-08T21:28:54.819066+00:00
C03974,43344.58,8668.916000000001,5,Bronze,run_20260808_212843,2026-08-08T21:28:54.819066+00:00
C03975,25032.83,6258.2075,4,Bronze,run_20260808_212843,2026-08-08T21:28:54.819066+00:00
C03976,20572.03,5143.0075,4,Bronze,run_20260808_212843,2026-08-08T21:28:54.819066+00:00
C03977,46357.850000000006,9271.570000000002,5,Bronze,run_20260808_212843,2026-08-08T21:28:54.819066+00:00
C03978,23759.6,3394.2285714285713,7,Platinum,run_20260808_212843,2026-08-08T21:28:54.819066+00:00
C03979,22035.81,4407.162,5,Silver,run_20260808_212843,2026-08-08T21:28:54.819066+00:00
C03980,36648.36,9162.09,4,Gold,run_20260808_212843,2026-08-08T21:28:54.819066+00:00
C03981,13886.65,4628.883333333333,3,Platinum,run_20260808_212843,2026-08-08T21:28:54.819066+00:00
C03982,61929.909999999996,7741.2387499999995,8,Gold,run_20260808_212843,2026-08-08T21:28:54.819066+00:00
C03983,41001.71,6833.618333333333,6,Bronze,run_20260808_212843,2026-08-08T21:28:54.819066+00:00
C03984,36246.29,9061.5725,4,Silver,run_20260808_212843,2026-08-08T21:28:54.819066+00:00
C03985,61500.46,7687.5575,8,Platinum,run_20260808_212843,2026-08-08T21:28:54.819066+00:00
C03986,78205.84,9775.73,8,Gold,run_20260808_212843,2026-08-08T21:28:54.819066+00:00
C03987,28720.57,7180.1425,4,Gold,run_20260808_212843,2026-08-08T21:28:54.819066+00:00
C03988,11093.04,5546.52,2,Platinum,run_20260808_212843,2026-08-08T21:28:54.819066+00:00
C03989,28390.13,4731.6883333333335,6,Gold,run_20260808_212843,2026-08-08T21:28:54.819066+00:00
C03990,59570.229999999996,11914.045999999998,5,Gold,run_20260808_212843,2026-08-08T21:28:54.819066+00:00
C03991,25985.78,6496.445,4,Platinum,run_20260808_212843,2026-08-08T21:28:54.819066+00:00
C03992,18279.52,6093.173333333333,3,Silver,run_20260808_212843,2026-08-08T21:28:54.819066+00:00
C03993,44256.54,11064.135,4,Platinum,run_20260808_212843,2026-08-08T21:28:54.819066+00:00
C03994,19115.59,9557.795,2,Platinum,run_20260808_212843,2026-08-08T21:28:54.819066+00:00
C03995,27668.29,13834.145,2,Silver,run_20260808_212843,2026-08-08T21:28:54.819066+00:00
C03996,39386.04,7877.2080000000005,5,Gold,run_20260808_212843,2026-08-08T21:28:54.819066+00:00
C03997,74186.32,12364.386666666667,6,Platinum,run_20260808_212843,2026-08-08T21:28:54.819066+00:00
C03998,20273.52,10136.76,2,Gold,run_20260808_212843,2026-08-08T21:28:54.819066+00:00
C03999,43363.51,8672.702000000001,5,Gold,run_20260808_212843,2026-08-08T21:28:54.819066+00:00
C04000,70476.78,10068.111428571428,7,Gold,run_20260808_212843,2026-08-08T21:28:54.819066+00:00
C04001,9334.6,4667.3,2,Platinum,run_20260808_212843,2026-08-08T21:28:54.819066+00:00
C04002,40585.54,6764.256666666667,6,Silver,run_20260808_212843,2026-08-08T21:28:54.819066+00:00
C04003,20052.260000000002,5013.0650000000005,4,Bronze,run_20260808_212843,2026-08-08T21:28:54.819066+00:00
C04004,29681.79,5936.358,5,Silver,run_20260808_212843,2026-08-08T21:28:54.819066+00:00
C04005,55581.65,11116.33,5,Platinum,run_20260808_212843,2026-08-08T21:28:54.819066+00:00
C04006,50013.42,8335.57,6,Silver,run_20260808_212843,2026-08-08T21:28:54.819066+00:00
C04007,51774.07,7396.295714285714,7,Bronze,run_20260808_212843,2026-08-08T21:28:54.819066+00:00
C04008,49588.79,9917.758,5,Silver,run_20260808_212843,2026-08-08T21:28:54.819066+00:00
C04009,73318.88,10474.125714285716,7,Platinum,run_20260808_212843,2026-08-08T21:28:54.819066+00:00
C04010,18008.489999999998,4502.1224999999995,4,Gold,run_20260808_212843,2026-08-08T21:28:54.819066+00:00
C04011,36847.55,9211.8875,4,Bronze,run_20260808_212843,2026-08-08T21:28:54.819066+00:00
C04012,32041.79,5340.298333333333,6,Silver,run_20260808_212843,2026-08-08T21:28:54.819066+00:00
C04013,35141.479999999996,8785.369999999999,4,Platinum,run_20260808_212843,2026-08-08T21:28:54.819066+00:00
C04014,2867.07,2867.07,1,Bronze,run_20260808_212843,2026-08-08T21:28:54.819066+00:00
C04015,27843.120000000003,13921.560000000001,2,Bronze,run_20260808_212843,2026-08-08T21:28:54.819066+00:00
C04016,75686.43000000001,9460.803750000001,8,Silver,run_20260808_212843,2026-08-08T21:28:54.819066+00:00
C04017,30069.1,5011.516666666666,6,Platinum,run_20260808_212843,2026-08-08T21:28:54.819066+00:00
C04018,45273.25,7545.541666666667,6,Platinum,run_20260808_212843,2026-08-08T21:28:54.819066+00:00
C04019,25467.64,8489.213333333333,3,Bronze,run_20260808_212843,2026-08-08T21:28:54.819066+00:00
C04020,52719.380000000005,8786.563333333334,6,Bronze,run_20260808_212843,2026-08-08T21:28:54.819066+00:00
C04021,36057.75,7211.55,5,Gold,run_20260808_212843,2026-08-08T21:28:54.819066+00:00
C04022,50046.49,8341.081666666667,6,Silver,run_20260808_212843,2026-08-08T21:28:54.819066+00:00
C04023,50438.76,7205.537142857143,7,Gold,run_20260808_212843,2026-08-08T21:28:54.819066+00:00
C04024,19019.72,4754.93,4,Bronze,run_20260808_212843,2026-08-08T21:28:54.819066+00:00
C04025,35880.92,8970.23,4,Bronze,run_20260808_212843,2026-08-08T21:28:54.819066+00:00
C04026,83472.17,10434.02125,8,Platinum,run_20260808_212843,2026-08-08T21:28:54.819066+00:00
C04027,32249.49,4607.070000000001,7,Platinum,run_20260808_212843,2026-08-08T21:28:54.819066+00:00
C04028,30120.18,6024.036,5,Gold,run_20260808_212843,2026-08-08T21:28:54.819066+00:00
C04029,92795.93000000001,13256.56142857143,7,Bronze,run_20260808_212843,2026-08-08T21:28:54.819066+00:00
C04030,26299.2,8766.4,3,Silver,run_20260808_212843,2026-08-08T21:28:54.819066+00:00
C04031,7225.17,2408.39,3,Platinum,run_20260808_212843,2026-08-08T21:28:54.819066+00:00
C04032,34449.58,5741.596666666667,6,Platinum,run_20260808_212843,2026-08-08T21:28:54.819066+00:00
C04033,23845.36,5961.34,4,Bronze,run_20260808_212843,2026-08-08T21:28:54.819066+00:00
C04034,90501.12,10055.68,9,Silver,run_20260808_212843,2026-08-08T21:28:54.819066+00:00
C04035,42605.65,8521.130000000001,5,Gold,run_20260808_212843,2026-08-08T21:28:54.819066+00:00
C04036,52626.92,8771.153333333334,6,Silver,run_20260808_212843,2026-08-08T21:28:54.819066+00:00
C04037,96559.91,13794.272857142858,7,Bronze,run_20260808_212843,2026-08-08T21:28:54.819066+00:00
C04038,20333.54,5083.385,4,Silver,run_20260808_212843,2026-08-08T21:28:54.819066+00:00
C04039,46565.94,9313.188,5,Silver,run_20260808_212843,2026-08-08T21:28:54.819066+00:00
C04040,51286.17999999999,8547.696666666665,6,Bronze,run_20260808_212843,2026-08-08T21:28:54.819066+00:00
C04041,62847.18,12569.436,5,Gold,run_20260808_212843,2026-08-08T21:28:54.819066+00:00
C04042,6560.68,3280.34,2,Silver,run_20260808_212843,2026-08-08T21:28:54.819066+00:00
C04043,38603.15,7720.63,5,Bronze,run_20260808_212843,2026-08-08T21:28:54.819066+00:00
C04044,28343.43,5668.686,5,Silver,run_20260808_212843,2026-08-08T21:28:54.819066+00:00
C04045,27853.879999999997,5570.776,5,Bronze,run_20260808_212843,2026-08-08T21:28:54.819066+00:00
C04046,42173.229999999996,5271.6537499999995,8,Gold,run_20260808_212843,2026-08-08T21:28:54.819066+00:00
C04047,35369.240000000005,7073.848000000001,5,Platinum,run_20260808_212843,2026-08-08T21:28:54.819066+00:00
C04048,18520.41,6173.47,3,Gold,run_20260808_212843,2026-08-08T21:28:54.819066+00:00
C04049,94939.77,8630.888181818182,11,Platinum,run_20260808_212843,2026-08-08T21:28:54.819066+00:00
C04050,53197.729999999996,8866.288333333332,6,Platinum,run_20260808_212843,2026-08-08T21:28:54.819066+00:00
C04051,35026.91,5837.818333333334,6,Silver,run_20260808_212843,2026-08-08T21:28:54.819066+00:00
C04052,52051.83,5783.536666666667,9,Bronze,run_20260808_212843,2026-08-08T21:28:54.819066+00:00
C04053,11523.480000000001,5761.740000000001,2,Bronze,run_20260808_212843,2026-08-08T21:28:54.819066+00:00
C04054,24915.989999999998,6228.9974999999995,4,Bronze,run_20260808_212843,2026-08-08T21:28:54.819066+00:00
C04055,48161.53,6880.2185714285715,7,Gold,run_20260808_212843,2026-08-08T21:28:54.819066+00:00
C04056,63967.71,10661.285,6,Gold,run_20260808_212843,2026-08-08T21:28:54.819066+00:00
C04057,57294.810000000005,11458.962000000001,5,Gold,run_20260808_212843,2026-08-08T21:28:54.819066+00:00
C04058,38211.35,9552.8375,4,Gold,run_20260808_212843,2026-08-08T21:28:54.819066+00:00
C04059,24561.12,8187.04,3,Silver,run_20260808_212843,2026-08-08T21:28:54.819066+00:00
C04060,17934.95,5978.316666666667,3,Silver,run_20260808_212843,2026-08-08T21:28:54.819066+00:00
C04061,13476.65,4492.216666666666,3,Platinum,run_20260808_212843,2026-08-08T21:28:54.819066+00:00
C04062,35332.69,7066.5380000000005,5,Platinum,run_20260808_212843,2026-08-08T21:28:54.819066+00:00
C04063,33949.7,5658.283333333333,6,Bronze,run_20260808_212843,2026-08-08T21:28:54.819066+00:00
C04064,47956.740000000005,11989.185000000001,4,Gold,run_20260808_212843,2026-08-08T21:28:54.819066+00:00
C04065,18132.13,6044.043333333334,3,Silver,run_20260808_212843,2026-08-08T21:28:54.819066+00:00
C04066,39762.22,5680.317142857143,7,Platinum,run_20260808_212843,2026-08-08T21:28:54.819066+00:00
C04067,29249.89,9749.963333333333,3,Bronze,run_20260808_212843,2026-08-08T21:28:54.819066+00:00
C04068,6819.62,6819.62,1,Bronze,run_20260808_212843,2026-08-08T21:28:54.819066+00:00
C04069,20914.45,4182.89,5,Gold,run_20260808_212843,2026-08-08T21:28:54.819066+00:00
C04070,17282.75,4320.6875,4,Gold,run_20260808_212843,2026-08-08T21:28:54.819066+00:00
C04071,85685.3,8568.53,10,Bronze,run_20260808_212843,2026-08-08T21:28:54.819066+00:00
C04072,57682.33,9613.721666666666,6,Gold,run_20260808_212843,2026-08-08T21:28:54.819066+00:00
C04073,16886.12,3377.2239999999997,5,Gold,run_20260808_212843,2026-08-08T21:28:54.819066+00:00
C04074,88754.07,12679.152857142859,7,Platinum,run_20260808_212843,2026-08-08T21:28:54.819066+00:00
C04075,18139.760000000002,6046.586666666667,3,Platinum,run_20260808_212843,2026-08-08T21:28:54.819066+00:00
C04076,33828.6,8457.15,4,Platinum,run_20260808_212843,2026-08-08T21:28:54.819066+00:00
C04077,57027.39,8146.7699999999995,7,Silver,run_20260808_212843,2026-08-08T21:28:54.819066+00:00
C04078,50441.5,12610.375,4,Gold,run_20260808_212843,2026-08-08T21:28:54.819066+00:00
C04079,33969.48,8492.37,4,Platinum,run_20260808_212843,2026-08-08T21:28:54.819066+00:00
C04080,76937.84,8548.648888888889,9,Platinum,run_20260808_212843,2026-08-08T21:28:54.819066+00:00
C04081,45367.3,5670.9125,8,Bronze,run_20260808_212843,2026-08-08T21:28:54.819066+00:00
C04082,7602.73,2534.2433333333333,3,Platinum,run_20260808_212843,2026-08-08T21:28:54.819066+00:00
C04083,76673.53,12778.921666666667,6,Bronze,run_20260808_212843,2026-08-08T21:28:54.819066+00:00
C04084,33318.1,8329.525,4,Gold,run_20260808_212843,2026-08-08T21:28:54.819066+00:00
C04085,32473.319999999996,5412.219999999999,6,Bronze,run_20260808_212843,2026-08-08T21:28:54.819066+00:00
C04086,37858.270000000004,12619.423333333334,3,Platinum,run_20260808_212843,2026-08-08T21:28:54.819066+00:00
C04087,35515.18,5919.196666666667,6,Silver,run_20260808_212843,2026-08-08T21:28:54.819066+00:00
C04088,55209.28,11041.856,5,Silver,run_20260808_212843,2026-08-08T21:28:54.819066+00:00
C04089,37132.03,4641.50375,8,Gold,run_20260808_212843,2026-08-08T21:28:54.819066+00:00
C04090,24245.89,6061.4725,4,Platinum,run_20260808_212843,2026-08-08T21:28:54.819066+00:00
C04091,39572.15,6595.358333333334,6,Gold,run_20260808_212843,2026-08-08T21:28:54.819066+00:00
C04092,13627.95,4542.650000000001,3,Bronze,run_20260808_212843,2026-08-08T21:28:54.819066+00:00
C04093,68682.05,9811.721428571429,7,Gold,run_20260808_212843,2026-08-08T21:28:54.819066+00:00
C04094,101704.44,9245.858181818183,11,Silver,run_20260808_212843,2026-08-08T21:28:54.819066+00:00
C04095,9915.43,4957.715,2,Gold,run_20260808_212843,2026-08-08T21:28:54.819066+00:00
C04096,83520.57,11931.51,7,Bronze,run_20260808_212843,2026-08-08T21:28:54.819066+00:00
C04097,40876.79,6812.798333333333,6,Platinum,run_20260808_212843,2026-08-08T21:28:54.819066+00:00
C04098,55699.78,6962.4725,8,Gold,run_20260808_212843,2026-08-08T21:28:54.819066+00:00
C04099,36513.409999999996,6085.568333333333,6,Bronze,run_20260808_212843,2026-08-08T21:28:54.819066+00:00
C04100,23180.0,7726.666666666667,3,Silver,run_20260808_212843,2026-08-08T21:28:54.819066+00:00
C04101,41167.130000000005,8233.426000000001,5,Platinum,run_20260808_212843,2026-08-08T21:28:54.819066+00:00
C04102,51403.58,8567.263333333334,6,Gold,run_20260808_212843,2026-08-08T21:28:54.819066+00:00
C04103,51958.729999999996,10391.746,5,Gold,run_20260808_212843,2026-08-08T21:28:54.819066+00:00
C04104,93953.84,10439.315555555555,9,Silver,run_20260808_212843,2026-08-08T21:28:54.819066+00:00
C04105,20027.829999999998,5006.9574999999995,4,Gold,run_20260808_212843,2026-08-08T21:28:54.819066+00:00
C04106,49576.4,9915.28,5,Silver,run_20260808_212843,2026-08-08T21:28:54.819066+00:00
C04107,82844.64,9204.96,9,Silver,run_20260808_212843,2026-08-08T21:28:54.819066+00:00
C04108,17124.93,3424.986,5,Platinum,run_20260808_212843,2026-08-08T21:28:54.819066+00:00
C04109,49540.91,12385.2275,4,Silver,run_20260808_212843,2026-08-08T21:28:54.819066+00:00
C04110,16251.12,3250.224,5,Silver,run_20260808_212843,2026-08-08T21:28:54.819066+00:00
C04111,21279.47,7093.156666666667,3,Silver,run_20260808_212843,2026-08-08T21:28:54.819066+00:00
C04112,26896.67,5379.334,5,Gold,run_20260808_212843,2026-08-08T21:28:54.819066+00:00
C04113,80968.35,11566.907142857144,7,Silver,run_20260808_212843,2026-08-08T21:28:54.819066+00:00
C04114,25509.84,6377.46,4,Silver,run_20260808_212843,2026-08-08T21:28:54.819066+00:00
C04115,9796.18,4898.09,2,Silver,run_20260808_212843,2026-08-08T21:28:54.819066+00:00
C04116,12158.619999999999,4052.873333333333,3,Silver,run_20260808_212843,2026-08-08T21:28:54.819066+00:00
C04117,17072.96,5690.986666666667,3,Gold,run_20260808_212843,2026-08-08T21:28:54.819066+00:00
C04118,50253.09,8375.515,6,Silver,run_20260808_212843,2026-08-08T21:28:54.819066+00:00
C04119,2494.87,2494.87,1,Bronze,run_20260808_212843,2026-08-08T21:28:54.819066+00:00
C04120,36230.590000000004,7246.118,5,Bronze,run_20260808_212843,2026-08-08T21:28:54.819066+00:00
C04121,61449.13,10241.521666666666,6,Bronze,run_20260808_212843,2026-08-08T21:28:54.819066+00:00
C04122,51118.54,7302.648571428572,7,Platinum,run_20260808_212843,2026-08-08T21:28:54.819066+00:00
C04123,48697.270000000004,9739.454000000002,5,Bronze,run_20260808_212843,2026-08-08T21:28:54.819066+00:00
C04124,44341.2,11085.3,4,Bronze,run_20260808_212843,2026-08-08T21:28:54.819066+00:00
C04125,54262.630000000005,6782.828750000001,8,Platinum,run_20260808_212843,2026-08-08T21:28:54.819066+00:00
C04126,16055.55,5351.849999999999,3,Gold,run_20260808_212843,2026-08-08T21:28:54.819066+00:00
C04127,9020.5,4510.25,2,Gold,run_20260808_212843,2026-08-08T21:28:54.819066+00:00
C04128,69541.13,9934.447142857143,7,Platinum,run_20260808_212843,2026-08-08T21:28:54.819066+00:00
C04129,30921.989999999998,7730.4974999999995,4,Gold,run_20260808_212843,2026-08-08T21:28:54.819066+00:00
C04130,17105.82,5701.94,3,Platinum,run_20260808_212843,2026-08-08T21:28:54.819066+00:00
C04131,34129.24,5688.206666666666,6,Silver,run_20260808_212843,2026-08-08T21:28:54.819066+00:00
C04132,21325.34,7108.446666666667,3,Gold,run_20260808_212843,2026-08-08T21:28:54.819066+00:00
C04133,35032.75,7006.55,5,Platinum,run_20260808_212843,2026-08-08T21:28:54.819066+00:00
C04134,16847.61,4211.9025,4,Silver,run_20260808_212843,2026-08-08T21:28:54.819066+00:00
C04135,55777.97,9296.328333333333,6,Silver,run_20260808_212843,2026-08-08T21:28:54.819066+00:00
C04136,44901.29,7483.548333333333,6,Bronze,run_20260808_212843,2026-08-08T21:28:54.819066+00:00
C04137,29340.78,7335.195,4,Platinum,run_20260808_212843,2026-08-08T21:28:54.819066+00:00
C04138,21062.07,10531.035,2,Platinum,run_20260808_212843,2026-08-08T21:28:54.819066+00:00
C04139,59512.09,9918.681666666665,6,Bronze,run_20260808_212843,2026-08-08T21:28:54.819066+00:00
C04140,125496.12,8964.00857142857,14,Gold,run_20260808_212843,2026-08-08T21:28:54.819066+00:00
C04141,18146.46,6048.82,3,Platinum,run_20260808_212843,2026-08-08T21:28:54.819066+00:00
C04142,7143.21,3571.605,2,Silver,run_20260808_212843,2026-08-08T21:28:54.819066+00:00
C04143,55155.24,7879.32,7,Platinum,run_20260808_212843,2026-08-08T21:28:54.819066+00:00
C04144,59991.91,9998.651666666667,6,Bronze,run_20260808_212843,2026-08-08T21:28:54.819066+00:00
C04145,14050.05,3512.5125,4,Platinum,run_20260808_212843,2026-08-08T21:28:54.819066+00:00
C04146,32816.28,8204.07,4,Gold,run_20260808_212843,2026-08-08T21:28:54.819066+00:00
C04147,15550.009999999998,7775.004999999999,2,Bronze,run_20260808_212843,2026-08-08T21:28:54.819066+00:00
C04148,31177.77,5196.295,6,Bronze,run_20260808_212843,2026-08-08T21:28:54.819066+00:00
C04149,28485.93,5697.186,5,Silver,run_20260808_212843,2026-08-08T21:28:54.819066+00:00
C04150,41971.81,8394.362,5,Platinum,run_20260808_212843,2026-08-08T21:28:54.819066+00:00
C04151,37193.3,7438.660000000001,5,Bronze,run_20260808_212843,2026-08-08T21:28:54.819066+00:00
C04152,28807.57,5761.514,5,Gold,run_20260808_212843,2026-08-08T21:28:54.819066+00:00
C04153,45871.09,7645.181666666666,6,Gold,run_20260808_212843,2026-08-08T21:28:54.819066+00:00
C04154,15911.289999999999,3977.8224999999998,4,Gold,run_20260808_212843,2026-08-08T21:28:54.819066+00:00
C04155,49819.950000000004,7117.135714285715,7,Silver,run_20260808_212843,2026-08-08T21:28:54.819066+00:00
C04156,27274.23,5454.846,5,Gold,run_20260808_212843,2026-08-08T21:28:54.819066+00:00
C04157,63695.36,10615.893333333333,6,Silver,run_20260808_212843,2026-08-08T21:28:54.819066+00:00
C04158,73648.8,12274.800000000001,6,Gold,run_20260808_212843,2026-08-08T21:28:54.819066+00:00
C04159,83776.9,11968.128571428571,7,Platinum,run_20260808_212843,2026-08-08T21:28:54.819066+00:00
C04160,11581.689999999999,2895.4224999999997,4,Gold,run_20260808_212843,2026-08-08T21:28:54.819066+00:00
C04161,31076.100000000002,5179.35,6,Gold,run_20260808_212843,2026-08-08T21:28:54.819066+00:00
C04162,11073.24,5536.62,2,Silver,run_20260808_212843,2026-08-08T21:28:54.819066+00:00
C04163,33963.44,5660.573333333334,6,Platinum,run_20260808_212843,2026-08-08T21:28:54.819066+00:00
C04164,42131.740000000005,7021.956666666668,6,Platinum,run_20260808_212843,2026-08-08T21:28:54.819066+00:00
C04165,29954.75,5990.95,5,Silver,run_20260808_212843,2026-08-08T21:28:54.819066+00:00
C04166,30863.75,4409.107142857143,7,Platinum,run_20260808_212843,2026-08-08T21:28:54.819066+00:00
C04167,41225.54,10306.385,4,Gold,run_20260808_212843,2026-08-08T21:28:54.819066+00:00
C04168,25203.65,6300.9125,4,Gold,run_20260808_212843,2026-08-08T21:28:54.819066+00:00
C04169,51333.12,6416.64,8,Platinum,run_20260808_212843,2026-08-08T21:28:54.819066+00:00
C04170,76896.54,6408.044999999999,12,Gold,run_20260808_212843,2026-08-08T21:28:54.819066+00:00
C04171,36808.24,7361.647999999999,5,Platinum,run_20260808_212843,2026-08-08T21:28:54.819066+00:00
C04172,67931.51,11321.918333333333,6,Silver,run_20260808_212843,2026-08-08T21:28:54.819066+00:00
C04173,32221.38,10740.460000000001,3,Silver,run_20260808_212843,2026-08-08T21:28:54.819066+00:00
C04174,52193.24,7456.177142857143,7,Silver,run_20260808_212843,2026-08-08T21:28:54.819066+00:00
C04175,107184.37,11909.374444444444,9,Bronze,run_20260808_212843,2026-08-08T21:28:54.819066+00:00
C04176,25148.53,5029.706,5,Gold,run_20260808_212843,2026-08-08T21:28:54.819066+00:00
C04177,40275.93,8055.186,5,Silver,run_20260808_212843,2026-08-08T21:28:54.819066+00:00
C04178,30540.67,7635.1675,4,Platinum,run_20260808_212843,2026-08-08T21:28:54.819066+00:00
C04179,63798.56,7088.728888888889,9,Platinum,run_20260808_212843,2026-08-08T21:28:54.819066+00:00
C04180,19313.780000000002,3862.7560000000003,5,Silver,run_20260808_212843,2026-08-08T21:28:54.819066+00:00
C04181,49637.28,16545.76,3,Silver,run_20260808_212843,2026-08-08T21:28:54.819066+00:00
C04182,53052.57,5894.73,9,Silver,run_20260808_212843,2026-08-08T21:28:54.819066+00:00
C04183,30741.739999999998,7685.4349999999995,4,Platinum,run_20260808_212843,2026-08-08T21:28:54.819066+00:00
C04184,27507.58,6876.895,4,Bronze,run_20260808_212843,2026-08-08T21:28:54.819066+00:00
C04185,23487.92,7829.306666666666,3,Silver,run_20260808_212843,2026-08-08T21:28:54.819066+00:00
C04186,27460.89,5492.178,5,Platinum,run_20260808_212843,2026-08-08T21:28:54.819066+00:00
C04187,41153.02,10288.255,4,Platinum,run_20260808_212843,2026-08-08T21:28:54.819066+00:00
C04188,47124.16,9424.832,5,Silver,run_20260808_212843,2026-08-08T21:28:54.819066+00:00
C04189,18165.800000000003,4541.450000000001,4,Gold,run_20260808_212843,2026-08-08T21:28:54.819066+00:00
C04190,37166.9,7433.38,5,Platinum,run_20260808_212843,2026-08-08T21:28:54.819066+00:00
C04191,10789.82,2697.455,4,Gold,run_20260808_212843,2026-08-08T21:28:54.819066+00:00
C04192,47147.81,7857.968333333333,6,Gold,run_20260808_212843,2026-08-08T21:28:54.819066+00:00
C04193,34763.49,8690.8725,4,Bronze,run_20260808_212843,2026-08-08T21:28:54.819066+00:00
C04194,72336.46,8037.384444444445,9,Platinum,run_20260808_212843,2026-08-08T21:28:54.819066+00:00
C04195,92370.66,10263.406666666668,9,Bronze,run_20260808_212843,2026-08-08T21:28:54.819066+00:00
C04196,9147.51,9147.51,1,Silver,run_20260808_212843,2026-08-08T21:28:54.819066+00:00
C04197,24357.67,4871.534,5,Bronze,run_20260808_212843,2026-08-08T21:28:54.819066+00:00
C04198,27393.53,6848.3825,4,Silver,run_20260808_212843,2026-08-08T21:28:54.819066+00:00
C04199,13553.55,13553.55,1,Gold,run_20260808_212843,2026-08-08T21:28:54.819066+00:00
C04200,70845.27,8855.65875,8,Platinum,run_20260808_212843,2026-08-08T21:28:54.819066+00:00
C04201,50031.04,6253.88,8,Bronze,run_20260808_212843,2026-08-08T21:28:54.819066+00:00
C04202,23321.29,5830.3225,4,Platinum,run_20260808_212843,2026-08-08T21:28:54.819066+00:00
C04203,61789.63,10298.271666666666,6,Gold,run_20260808_212843,2026-08-08T21:28:54.819066+00:00
C04204,54022.07,10804.414,5,Gold,run_20260808_212843,2026-08-08T21:28:54.819066+00:00
C04205,73729.68,10532.811428571427,7,Gold,run_20260808_212843,2026-08-08T21:28:54.819066+00:00
C04206,24154.62,6038.655,4,Gold,run_20260808_212843,2026-08-08T21:28:54.819066+00:00
C04207,19716.940000000002,4929.235000000001,4,Gold,run_20260808_212843,2026-08-08T21:28:54.819066+00:00
C04208,45154.270000000004,5644.2837500000005,8,Gold,run_20260808_212843,2026-08-08T21:28:54.819066+00:00
C04209,65208.95,7245.438888888889,9,Bronze,run_20260808_212843,2026-08-08T21:28:54.819066+00:00
C04210,40102.94,8020.588000000001,5,Platinum,run_20260808_212843,2026-08-08T21:28:54.819066+00:00
C04211,68245.0,7582.777777777777,9,Bronze,run_20260808_212843,2026-08-08T21:28:54.819066+00:00
C04212,61034.61,7629.32625,8,Gold,run_20260808_212843,2026-08-08T21:28:54.819066+00:00
C04213,55264.75,7894.964285714285,7,Silver,run_20260808_212843,2026-08-08T21:28:54.819066+00:00
C04214,59808.78,8544.111428571428,7,Silver,run_20260808_212843,2026-08-08T21:28:54.819066+00:00
C04215,47082.16,7847.026666666668,6,Gold,run_20260808_212843,2026-08-08T21:28:54.819066+00:00
C04216,60900.65,8700.092857142858,7,Gold,run_20260808_212843,2026-08-08T21:28:54.819066+00:00
C04217,17266.93,4316.7325,4,Gold,run_20260808_212843,2026-08-08T21:28:54.819066+00:00
C04218,38758.56,5536.937142857142,7,Platinum,run_20260808_212843,2026-08-08T21:28:54.819066+00:00
C04219,114955.07,11495.507000000001,10,Platinum,run_20260808_212843,2026-08-08T21:28:54.819066+00:00
C04220,33780.950000000004,6756.1900000000005,5,Bronze,run_20260808_212843,2026-08-08T21:28:54.819066+00:00
C04221,6816.27,2272.09,3,Platinum,run_20260808_212843,2026-08-08T21:28:54.819066+00:00
C04222,16182.470000000001,4045.6175000000003,4,Gold,run_20260808_212843,2026-08-08T21:28:54.819066+00:00
C04223,109402.62,7293.508,15,Platinum,run_20260808_212843,2026-08-08T21:28:54.819066+00:00
C04224,30540.25,6108.05,5,Silver,run_20260808_212843,2026-08-08T21:28:54.819066+00:00
C04225,35216.46,11738.82,3,Silver,run_20260808_212843,2026-08-08T21:28:54.819066+00:00
C04226,17274.18,8637.09,2,Gold,run_20260808_212843,2026-08-08T21:28:54.819066+00:00
C04227,12750.46,4250.153333333333,3,Platinum,run_20260808_212843,2026-08-08T21:28:54.819066+00:00
C04229,33800.27,4225.03375,8,Bronze,run_20260808_212843,2026-08-08T21:28:54.819066+00:00
C04230,40719.119999999995,6786.5199999999995,6,Bronze,run_20260808_212843,2026-08-08T21:28:54.819066+00:00
C04231,25965.21,3709.315714285714,7,Silver,run_20260808_212843,2026-08-08T21:28:54.819066+00:00
C04232,9504.78,3168.26,3,Gold,run_20260808_212843,2026-08-08T21:28:54.819066+00:00
C04233,73565.26,12260.876666666665,6,Silver,run_20260808_212843,2026-08-08T21:28:54.819066+00:00
C04234,35345.72,7069.144,5,Gold,run_20260808_212843,2026-08-08T21:28:54.819066+00:00
C04235,65647.20000000001,8205.900000000001,8,Gold,run_20260808_212843,2026-08-08T21:28:54.819066+00:00
C04236,9648.68,4824.34,2,Gold,run_20260808_212843,2026-08-08T21:28:54.819066+00:00
C04237,5175.9,2587.95,2,Gold,run_20260808_212843,2026-08-08T21:28:54.819066+00:00
C04238,17053.989999999998,5684.663333333333,3,Platinum,run_20260808_212843,2026-08-08T21:28:54.819066+00:00
C04239,18411.5,6137.166666666667,3,Gold,run_20260808_212843,2026-08-08T21:28:54.819066+00:00
C04240,16977.63,4244.4075,4,Platinum,run_20260808_212843,2026-08-08T21:28:54.819066+00:00
C04241,42762.39,10690.5975,4,Gold,run_20260808_212843,2026-08-08T21:28:54.819066+00:00
C04242,21991.08,10995.54,2,Platinum,run_20260808_212843,2026-08-08T21:28:54.819066+00:00
C04243,17686.06,8843.03,2,Platinum,run_20260808_212843,2026-08-08T21:28:54.819066+00:00
C04244,19856.92,4964.23,4,Silver,run_20260808_212843,2026-08-08T21:28:54.819066+00:00
C04245,39866.06,5695.151428571428,7,Silver,run_20260808_212843,2026-08-08T21:28:54.819066+00:00
C04246,17936.73,4484.1825,4,Bronze,run_20260808_212843,2026-08-08T21:28:54.819066+00:00
C04247,11403.22,2850.805,4,Silver,run_20260808_212843,2026-08-08T21:28:54.819066+00:00
C04248,19290.010000000002,4822.5025000000005,4,Silver,run_20260808_212843,2026-08-08T21:28:54.819066+00:00
C04249,39451.56,6575.259999999999,6,Gold,run_20260808_212843,2026-08-08T21:28:54.819066+00:00
C04250,35999.3,11999.766666666668,3,Bronze,run_20260808_212843,2026-08-08T21:28:54.819066+00:00
C04251,23333.8,3888.9666666666667,6,Silver,run_20260808_212843,2026-08-08T21:28:54.819066+00:00
C04252,32109.88,6421.976000000001,5,Silver,run_20260808_212843,2026-08-08T21:28:54.819066+00:00
C04253,19356.920000000002,4839.2300000000005,4,Platinum,run_20260808_212843,2026-08-08T21:28:54.819066+00:00
C04254,27548.38,6887.095,4,Bronze,run_20260808_212843,2026-08-08T21:28:54.819066+00:00
C04255,48118.72,8019.786666666667,6,Bronze,run_20260808_212843,2026-08-08T21:28:54.819066+00:00
C04256,11389.82,2277.964,5,Bronze,run_20260808_212843,2026-08-08T21:28:54.819066+00:00
C04257,50508.2,10101.64,5,Platinum,run_20260808_212843,2026-08-08T21:28:54.819066+00:00
C04258,39316.42,9829.105,4,Bronze,run_20260808_212843,2026-08-08T21:28:54.819066+00:00
C04259,72513.76000000001,8057.084444444446,9,Bronze,run_20260808_212843,2026-08-08T21:28:54.819066+00:00
C04261,55417.02,7916.717142857143,7,Bronze,run_20260808_212843,2026-08-08T21:28:54.819066+00:00
C04262,48323.630000000005,6040.453750000001,8,Bronze,run_20260808_212843,2026-08-08T21:28:54.819066+00:00
C04263,39213.54,7842.7080000000005,5,Gold,run_20260808_212843,2026-08-08T21:28:54.819066+00:00
C04264,12215.789999999999,4071.93,3,Silver,run_20260808_212843,2026-08-08T21:28:54.819066+00:00
C04265,31122.440000000002,4446.062857142858,7,Bronze,run_20260808_212843,2026-08-08T21:28:54.819066+00:00
C04266,37883.11,7576.622,5,Platinum,run_20260808_212843,2026-08-08T21:28:54.819066+00:00
C04267,34322.77,11440.923333333332,3,Gold,run_20260808_212843,2026-08-08T21:28:54.819066+00:00
C04268,70736.1,10105.157142857144,7,Silver,run_20260808_212843,2026-08-08T21:28:54.819066+00:00
C04269,27156.64,9052.213333333333,3,Silver,run_20260808_212843,2026-08-08T21:28:54.819066+00:00
C04270,26267.59,8755.863333333333,3,Gold,run_20260808_212843,2026-08-08T21:28:54.819066+00:00
C04271,76956.71,12826.118333333334,6,Platinum,run_20260808_212843,2026-08-08T21:28:54.819066+00:00
C04272,50790.37,10158.074,5,Silver,run_20260808_212843,2026-08-08T21:28:54.819066+00:00
C04273,38593.26,7718.652,5,Silver,run_20260808_212843,2026-08-08T21:28:54.819066+00:00
C04274,15311.12,5103.706666666667,3,Silver,run_20260808_212843,2026-08-08T21:28:54.819066+00:00
C04275,43663.04,14554.346666666666,3,Bronze,run_20260808_212843,2026-08-08T21:28:54.819066+00:00
C04276,34465.55,4923.650000000001,7,Bronze,run_20260808_212843,2026-08-08T21:28:54.819066+00:00
C04277,27251.83,6812.9575,4,Gold,run_20260808_212843,2026-08-08T21:28:54.819066+00:00
C04278,31992.489999999998,7998.1224999999995,4,Gold,run_20260808_212843,2026-08-08T21:28:54.819066+00:00
C04279,13977.939999999999,6988.969999999999,2,Platinum,run_20260808_212843,2026-08-08T21:28:54.819066+00:00
C04280,23959.510000000002,3993.251666666667,6,Platinum,run_20260808_212843,2026-08-08T21:28:54.819066+00:00
C04281,42996.15,10749.0375,4,Gold,run_20260808_212843,2026-08-08T21:28:54.819066+00:00
C04282,23748.850000000002,7916.283333333334,3,Platinum,run_20260808_212843,2026-08-08T21:28:54.819066+00:00
C04283,28765.5,9588.5,3,Silver,run_20260808_212843,2026-08-08T21:28:54.819066+00:00
C04284,42980.3,6140.042857142857,7,Silver,run_20260808_212843,2026-08-08T21:28:54.819066+00:00
C04285,55467.31,7923.901428571428,7,Platinum,run_20260808_212843,2026-08-08T21:28:54.819066+00:00
C04286,40243.259999999995,13414.419999999998,3,Platinum,run_20260808_212843,2026-08-08T21:28:54.819066+00:00
C04287,16176.210000000001,4044.0525000000002,4,Gold,run_20260808_212843,2026-08-08T21:28:54.819066+00:00
C04288,16836.62,8418.31,2,Gold,run_20260808_212843,2026-08-08T21:28:54.819066+00:00
C04289,12405.87,12405.87,1,Platinum,run_20260808_212843,2026-08-08T21:28:54.819066+00:00
C04290,42065.05,5258.13125,8,Silver,run_20260808_212843,2026-08-08T21:28:54.819066+00:00
C04291,15515.53,5171.843333333333,3,Bronze,run_20260808_212843,2026-08-08T21:28:54.819066+00:00
C04292,30879.82,10293.273333333333,3,Platinum,run_20260808_212843,2026-08-08T21:28:54.819066+00:00
C04293,17159.86,8579.93,2,Gold,run_20260808_212843,2026-08-08T21:28:54.819066+00:00
C04294,19712.260000000002,9856.130000000001,2,Gold,run_20260808_212843,2026-08-08T21:28:54.819066+00:00
C04295,51373.23,10274.646,5,Platinum,run_20260808_212843,2026-08-08T21:28:54.819066+00:00
C04296,41592.2,5941.742857142856,7,Gold,run_20260808_212843,2026-08-08T21:28:54.819066+00:00
C04297,75004.06,6818.550909090909,11,Silver,run_20260808_212843,2026-08-08T21:28:54.819066+00:00
C04298,33600.66,5600.110000000001,6,Gold,run_20260808_212843,2026-08-08T21:28:54.819066+00:00
C04299,15877.84,5292.613333333334,3,Bronze,run_20260808_212843,2026-08-08T21:28:54.819066+00:00
C04300,44622.659999999996,6374.665714285714,7,Bronze,run_20260808_212843,2026-08-08T21:28:54.819066+00:00
C04301,68597.25,13719.45,5,Silver,run_20260808_212843,2026-08-08T21:28:54.819066+00:00
C04302,8693.08,2897.693333333333,3,Gold,run_20260808_212843,2026-08-08T21:28:54.819066+00:00
C04303,40211.46,6701.91,6,Gold,run_20260808_212843,2026-08-08T21:28:54.819066+00:00
C04304,67592.41,13518.482,5,Platinum,run_20260808_212843,2026-08-08T21:28:54.819066+00:00
C04305,54681.71,10936.342,5,Bronze,run_20260808_212843,2026-08-08T21:28:54.819066+00:00
C04306,150697.58000000002,11592.121538461539,13,Platinum,run_20260808_212843,2026-08-08T21:28:54.819066+00:00
C04307,69234.4,8654.3,8,Platinum,run_20260808_212843,2026-08-08T21:28:54.819066+00:00
C04308,22835.43,4567.086,5,Gold,run_20260808_212843,2026-08-08T21:28:54.819066+00:00
C04309,37009.979999999996,9252.494999999999,4,Bronze,run_20260808_212843,2026-08-08T21:28:54.819066+00:00
C04310,53469.69,6683.71125,8,Platinum,run_20260808_212843,2026-08-08T21:28:54.819066+00:00
C04311,30035.989999999998,10011.996666666666,3,Gold,run_20260808_212843,2026-08-08T21:28:54.819066+00:00
C04312,49906.89,9981.378,5,Silver,run_20260808_212843,2026-08-08T21:28:54.819066+00:00
C04313,13933.43,2786.686,5,Bronze,run_20260808_212843,2026-08-08T21:28:54.819066+00:00
C04314,37140.88,9285.22,4,Gold,run_20260808_212843,2026-08-08T21:28:54.819066+00:00
C04315,56819.97,11363.994,5,Silver,run_20260808_212843,2026-08-08T21:28:54.819066+00:00
C04316,50097.700000000004,7156.814285714287,7,Platinum,run_20260808_212843,2026-08-08T21:28:54.819066+00:00
C04317,29934.17,7483.5425,4,Platinum,run_20260808_212843,2026-08-08T21:28:54.819066+00:00
C04318,67748.44,9678.348571428573,7,Platinum,run_20260808_212843,2026-08-08T21:28:54.819066+00:00
C04319,24224.59,8074.863333333334,3,Silver,run_20260808_212843,2026-08-08T21:28:54.819066+00:00
C04320,75592.08,8399.12,9,Silver,run_20260808_212843,2026-08-08T21:28:54.819066+00:00
C04321,31173.95,7793.4875,4,Platinum,run_20260808_212843,2026-08-08T21:28:54.819066+00:00
C04322,34547.8,8636.95,4,Platinum,run_20260808_212843,2026-08-08T21:28:54.819066+00:00
C04323,29661.84,4943.64,6,Silver,run_20260808_212843,2026-08-08T21:28:54.819066+00:00
C04324,9685.37,4842.685,2,Gold,run_20260808_212843,2026-08-08T21:28:54.819066+00:00
C04325,74118.48,12353.08,6,Bronze,run_20260808_212843,2026-08-08T21:28:54.819066+00:00
C04326,73204.87,8133.874444444444,9,Platinum,run_20260808_212843,2026-08-08T21:28:54.819066+00:00
C04327,36347.26,7269.452,5,Silver,run_20260808_212843,2026-08-08T21:28:54.819066+00:00
C04328,13192.38,4397.46,3,Gold,run_20260808_212843,2026-08-08T21:28:54.819066+00:00
C04329,58283.85,9713.975,6,Gold,run_20260808_212843,2026-08-08T21:28:54.819066+00:00
C04330,4844.400000000001,1614.8000000000002,3,Gold,run_20260808_212843,2026-08-08T21:28:54.819066+00:00
C04331,46724.43,7787.405,6,Platinum,run_20260808_212843,2026-08-08T21:28:54.819066+00:00
C04332,24750.199999999997,4950.039999999999,5,Silver,run_20260808_212843,2026-08-08T21:28:54.819066+00:00
C04333,33487.32,8371.83,4,Bronze,run_20260808_212843,2026-08-08T21:28:54.819066+00:00
C04334,79409.86,11344.265714285715,7,Silver,run_20260808_212843,2026-08-08T21:28:54.819066+00:00
C04335,19513.56,4878.39,4,Silver,run_20260808_212843,2026-08-08T21:28:54.819066+00:00
C04336,3045.82,1015.2733333333334,3,Gold,run_20260808_212843,2026-08-08T21:28:54.819066+00:00
C04337,13559.65,4519.883333333333,3,Bronze,run_20260808_212843,2026-08-08T21:28:54.819066+00:00
C04338,26878.04,5375.608,5,Platinum,run_20260808_212843,2026-08-08T21:28:54.819066+00:00
C04339,72067.17,10295.31,7,Platinum,run_20260808_212843,2026-08-08T21:28:54.819066+00:00
C04340,16490.9,3298.1800000000003,5,Gold,run_20260808_212843,2026-08-08T21:28:54.819066+00:00
C04341,14792.45,3698.1125,4,Platinum,run_20260808_212843,2026-08-08T21:28:54.819066+00:00
C04342,18924.72,4731.18,4,Silver,run_20260808_212843,2026-08-08T21:28:54.819066+00:00
C04343,66630.97,16657.7425,4,Gold,run_20260808_212843,2026-08-08T21:28:54.819066+00:00
C04344,19851.35,6617.116666666666,3,Bronze,run_20260808_212843,2026-08-08T21:28:54.819066+00:00
C04345,15329.66,3832.415,4,Silver,run_20260808_212843,2026-08-08T21:28:54.819066+00:00
C04346,30581.260000000002,10193.753333333334,3,Bronze,run_20260808_212843,2026-08-08T21:28:54.819066+00:00
C04347,77242.98999999999,7724.298999999999,10,Bronze,run_20260808_212843,2026-08-08T21:28:54.819066+00:00
C04348,18187.62,9093.81,2,Silver,run_20260808_212843,2026-08-08T21:28:54.819066+00:00
C04349,19033.85,3806.7699999999995,5,Bronze,run_20260808_212843,2026-08-08T21:28:54.819066+00:00
C04350,33776.41,8444.1025,4,Gold,run_20260808_212843,2026-08-08T21:28:54.819066+00:00
C04351,2776.28,2776.28,1,Gold,run_20260808_212843,2026-08-08T21:28:54.819066+00:00
C04352,24711.5,6177.875,4,Silver,run_20260808_212843,2026-08-08T21:28:54.819066+00:00
C04353,22839.91,7613.303333333333,3,Platinum,run_20260808_212843,2026-08-08T21:28:54.819066+00:00
C04354,20450.98,4090.196,5,Bronze,run_20260808_212843,2026-08-08T21:28:54.819066+00:00
C04355,46809.35,6687.05,7,Silver,run_20260808_212843,2026-08-08T21:28:54.819066+00:00
C04356,30926.39,7731.5975,4,Bronze,run_20260808_212843,2026-08-08T21:28:54.819066+00:00
C04357,19300.489999999998,6433.496666666666,3,Silver,run_20260808_212843,2026-08-08T21:28:54.819066+00:00
C04358,9091.199999999999,2272.7999999999997,4,Bronze,run_20260808_212843,2026-08-08T21:28:54.819066+00:00
C04359,42494.59,10623.6475,4,Platinum,run_20260808_212843,2026-08-08T21:28:54.819066+00:00
C04360,26079.82,6519.955,4,Silver,run_20260808_212843,2026-08-08T21:28:54.819066+00:00
C04361,52887.2,10577.439999999999,5,Gold,run_20260808_212843,2026-08-08T21:28:54.819066+00:00
C04362,24115.17,12057.585,2,Platinum,run_20260808_212843,2026-08-08T21:28:54.819066+00:00
C04363,11891.64,11891.64,1,Gold,run_20260808_212843,2026-08-08T21:28:54.819066+00:00
C04364,51611.61,10322.322,5,Platinum,run_20260808_212843,2026-08-08T21:28:54.819066+00:00
C04365,28232.79,4705.465,6,Gold,run_20260808_212843,2026-08-08T21:28:54.819066+00:00
C04366,36351.14,6058.5233333333335,6,Platinum,run_20260808_212843,2026-08-08T21:28:54.819066+00:00
C04367,23731.91,7910.636666666666,3,Bronze,run_20260808_212843,2026-08-08T21:28:54.819066+00:00
C04368,77389.04000000001,9673.630000000001,8,Gold,run_20260808_212843,2026-08-08T21:28:54.819066+00:00
C04369,84532.33,9392.481111111112,9,Bronze,run_20260808_212843,2026-08-08T21:28:54.819066+00:00
C04370,18525.3,3705.06,5,Silver,run_20260808_212843,2026-08-08T21:28:54.819066+00:00
C04371,46779.329999999994,6682.761428571428,7,Bronze,run_20260808_212843,2026-08-08T21:28:54.819066+00:00
C04372,19522.18,6507.393333333333,3,Gold,run_20260808_212843,2026-08-08T21:28:54.819066+00:00
C04373,40101.22,6683.536666666667,6,Platinum,run_20260808_212843,2026-08-08T21:28:54.819066+00:00
C04374,33759.79,6751.9580000000005,5,Bronze,run_20260808_212843,2026-08-08T21:28:54.819066+00:00
C04375,60848.87,12169.774000000001,5,Platinum,run_20260808_212843,2026-08-08T21:28:54.819066+00:00
C04376,61642.25,8806.035714285714,7,Silver,run_20260808_212843,2026-08-08T21:28:54.819066+00:00
C04377,31655.489999999998,6331.098,5,Silver,run_20260808_212843,2026-08-08T21:28:54.819066+00:00
C04378,50863.12,12715.78,4,Gold,run_20260808_212843,2026-08-08T21:28:54.819066+00:00
C04379,38976.29,7795.258,5,Platinum,run_20260808_212843,2026-08-08T21:28:54.819066+00:00
C04380,3207.76,3207.76,1,Bronze,run_20260808_212843,2026-08-08T21:28:54.819066+00:00
C04381,63805.600000000006,7089.511111111112,9,Bronze,run_20260808_212843,2026-08-08T21:28:54.819066+00:00
C04382,50511.72,5612.413333333334,9,Silver,run_20260808_212843,2026-08-08T21:28:54.819066+00:00
C04383,57914.82,11582.964,5,Platinum,run_20260808_212843,2026-08-08T21:28:54.819066+00:00
C04384,12396.59,4132.196666666667,3,Platinum,run_20260808_212843,2026-08-08T21:28:54.819066+00:00
C04385,27706.719999999998,6926.679999999999,4,Silver,run_20260808_212843,2026-08-08T21:28:54.819066+00:00
C04386,18238.07,6079.356666666667,3,Bronze,run_20260808_212843,2026-08-08T21:28:54.819066+00:00
C04387,97566.75,8130.5625,12,Silver,run_20260808_212843,2026-08-08T21:28:54.819066+00:00
C04388,36098.33,9024.5825,4,Platinum,run_20260808_212843,2026-08-08T21:28:54.819066+00:00
C04389,47897.41,6842.487142857143,7,Bronze,run_20260808_212843,2026-08-08T21:28:54.819066+00:00
C04390,50171.42,7167.345714285714,7,Silver,run_20260808_212843,2026-08-08T21:28:54.819066+00:00
C04391,66114.43,8264.30375,8,Platinum,run_20260808_212843,2026-08-08T21:28:54.819066+00:00
C04392,25472.08,6368.02,4,Platinum,run_20260808_212843,2026-08-08T21:28:54.819066+00:00
C04393,38868.55,7773.710000000001,5,Gold,run_20260808_212843,2026-08-08T21:28:54.819066+00:00
C04394,47528.81,7921.468333333333,6,Gold,run_20260808_212843,2026-08-08T21:28:54.819066+00:00
C04395,26824.16,5364.832,5,Silver,run_20260808_212843,2026-08-08T21:28:54.819066+00:00
C04396,5063.589999999999,2531.7949999999996,2,Bronze,run_20260808_212843,2026-08-08T21:28:54.819066+00:00
C04397,57854.68,7231.835,8,Bronze,run_20260808_212843,2026-08-08T21:28:54.819066+00:00
C04398,6782.26,6782.26,1,Gold,run_20260808_212843,2026-08-08T21:28:54.819066+00:00
C04399,44910.079999999994,7485.013333333332,6,Platinum,run_20260808_212843,2026-08-08T21:28:54.819066+00:00
C04400,30235.239999999998,6047.048,5,Gold,run_20260808_212843,2026-08-08T21:28:54.819066+00:00
C04401,44764.9,7460.816666666667,6,Silver,run_20260808_212843,2026-08-08T21:28:54.819066+00:00
C04402,59880.82,9980.136666666667,6,Gold,run_20260808_212843,2026-08-08T21:28:54.819066+00:00
C04403,22607.0,4521.4,5,Bronze,run_20260808_212843,2026-08-08T21:28:54.819066+00:00
C04404,9026.62,3008.8733333333334,3,Silver,run_20260808_212843,2026-08-08T21:28:54.819066+00:00
C04405,50593.26,7227.608571428572,7,Bronze,run_20260808_212843,2026-08-08T21:28:54.819066+00:00
C04406,48287.270000000004,12071.817500000001,4,Silver,run_20260808_212843,2026-08-08T21:28:54.819066+00:00
C04407,10094.29,5047.145,2,Platinum,run_20260808_212843,2026-08-08T21:28:54.819066+00:00
C04408,43148.41,7191.401666666668,6,Gold,run_20260808_212843,2026-08-08T21:28:54.819066+00:00
C04409,94468.61,11808.57625,8,Bronze,run_20260808_212843,2026-08-08T21:28:54.819066+00:00
C04410,52301.56,8716.926666666666,6,Silver,run_20260808_212843,2026-08-08T21:28:54.819066+00:00
C04411,48686.34,6085.7925,8,Gold,run_20260808_212843,2026-08-08T21:28:54.819066+00:00
C04412,43935.149999999994,10983.787499999999,4,Bronze,run_20260808_212843,2026-08-08T21:28:54.819066+00:00
C04413,30247.93,6049.586,5,Platinum,run_20260808_212843,2026-08-08T21:28:54.819066+00:00
C04414,9289.779999999999,2322.4449999999997,4,Silver,run_20260808_212843,2026-08-08T21:28:54.819066+00:00
C04415,53285.81,8880.968333333332,6,Bronze,run_20260808_212843,2026-08-08T21:28:54.819066+00:00
C04416,16283.349999999999,5427.783333333333,3,Bronze,run_20260808_212843,2026-08-08T21:28:54.819066+00:00
C04417,54739.11,7819.872857142857,7,Platinum,run_20260808_212843,2026-08-08T21:28:54.819066+00:00
C04418,18813.79,3135.6316666666667,6,Silver,run_20260808_212843,2026-08-08T21:28:54.819066+00:00
C04419,40346.090000000004,6724.348333333334,6,Gold,run_20260808_212843,2026-08-08T21:28:54.819066+00:00
C04420,9338.04,3112.6800000000003,3,Bronze,run_20260808_212843,2026-08-08T21:28:54.819066+00:00
C04421,24468.77,4078.1283333333336,6,Silver,run_20260808_212843,2026-08-08T21:28:54.819066+00:00
C04422,23673.09,7891.03,3,Silver,run_20260808_212843,2026-08-08T21:28:54.819066+00:00
C04423,29508.61,7377.1525,4,Platinum,run_20260808_212843,2026-08-08T21:28:54.819066+00:00
C04424,23394.34,11697.17,2,Bronze,run_20260808_212843,2026-08-08T21:28:54.819066+00:00
C04425,25037.7,12518.85,2,Gold,run_20260808_212843,2026-08-08T21:28:54.819066+00:00
C04426,62757.439999999995,8965.34857142857,7,Bronze,run_20260808_212843,2026-08-08T21:28:54.819066+00:00
C04427,72200.95000000001,18050.237500000003,4,Bronze,run_20260808_212843,2026-08-08T21:28:54.819066+00:00
C04428,32760.18,8190.045,4,Gold,run_20260808_212843,2026-08-08T21:28:54.819066+00:00
C04429,44239.3,14746.433333333334,3,Silver,run_20260808_212843,2026-08-08T21:28:54.819066+00:00
C04430,29789.9,9929.966666666667,3,Bronze,run_20260808_212843,2026-08-08T21:28:54.819066+00:00
C04431,42638.79,10659.6975,4,Silver,run_20260808_212843,2026-08-08T21:28:54.819066+00:00
C04432,29777.4,7444.35,4,Platinum,run_20260808_212843,2026-08-08T21:28:54.819066+00:00
C04433,40725.28,6787.546666666666,6,Silver,run_20260808_212843,2026-08-08T21:28:54.819066+00:00
C04434,88721.69,6824.745384615385,13,Gold,run_20260808_212843,2026-08-08T21:28:54.819066+00:00
C04435,54876.06,10975.212,5,Gold,run_20260808_212843,2026-08-08T21:28:54.819066+00:00
C04436,35234.399999999994,11744.799999999997,3,Platinum,run_20260808_212843,2026-08-08T21:28:54.819066+00:00
C04437,57270.03,7158.75375,8,Silver,run_20260808_212843,2026-08-08T21:28:54.819066+00:00
C04438,33298.130000000005,16649.065000000002,2,Bronze,run_20260808_212843,2026-08-08T21:28:54.819066+00:00
C04439,47769.259999999995,7961.543333333332,6,Platinum,run_20260808_212843,2026-08-08T21:28:54.819066+00:00
C04440,44914.35,14971.449999999999,3,Gold,run_20260808_212843,2026-08-08T21:28:54.819066+00:00
C04441,60658.83,12131.766,5,Silver,run_20260808_212843,2026-08-08T21:28:54.819066+00:00
C04442,1295.91,1295.91,1,Gold,run_20260808_212843,2026-08-08T21:28:54.819066+00:00
C04443,9583.86,9583.86,1,Bronze,run_20260808_212843,2026-08-08T21:28:54.819066+00:00
C04444,13894.04,6947.02,2,Platinum,run_20260808_212843,2026-08-08T21:28:54.819066+00:00
C04445,14760.09,14760.09,1,Platinum,run_20260808_212843,2026-08-08T21:28:54.819066+00:00
C04446,31782.25,7945.5625,4,Gold,run_20260808_212843,2026-08-08T21:28:54.819066+00:00
C04447,53202.88,5911.431111111111,9,Platinum,run_20260808_212843,2026-08-08T21:28:54.819066+00:00
C04448,4403.3,4403.3,1,Silver,run_20260808_212843,2026-08-08T21:28:54.819066+00:00
C04449,7710.860000000001,3855.4300000000003,2,Silver,run_20260808_212843,2026-08-08T21:28:54.819066+00:00
C04450,15026.769999999999,3756.6924999999997,4,Gold,run_20260808_212843,2026-08-08T21:28:54.819066+00:00
C04451,4536.3099999999995,2268.1549999999997,2,Gold,run_20260808_212843,2026-08-08T21:28:54.819066+00:00
C04452,36947.39,9236.8475,4,Platinum,run_20260808_212843,2026-08-08T21:28:54.819066+00:00
C04453,31963.46,5327.243333333333,6,Gold,run_20260808_212843,2026-08-08T21:28:54.819066+00:00
C04454,11587.560000000001,5793.780000000001,2,Silver,run_20260808_212843,2026-08-08T21:28:54.819066+00:00
C04455,31591.47,7897.8675,4,Bronze,run_20260808_212843,2026-08-08T21:28:54.819066+00:00
C04456,40970.53,5121.31625,8,Silver,run_20260808_212843,2026-08-08T21:28:54.819066+00:00
C04457,11365.6,5682.8,2,Platinum,run_20260808_212843,2026-08-08T21:28:54.819066+00:00
C04458,1209.98,1209.98,1,Gold,run_20260808_212843,2026-08-08T21:28:54.819066+00:00
C04459,36362.36,7272.472,5,Gold,run_20260808_212843,2026-08-08T21:28:54.819066+00:00
C04460,44349.799999999996,11087.449999999999,4,Gold,run_20260808_212843,2026-08-08T21:28:54.819066+00:00
C04461,49225.5,12306.375,4,Platinum,run_20260808_212843,2026-08-08T21:28:54.819066+00:00
C04462,35490.6,8872.65,4,Bronze,run_20260808_212843,2026-08-08T21:28:54.819066+00:00
C04463,79194.47,11313.495714285715,7,Platinum,run_20260808_212843,2026-08-08T21:28:54.819066+00:00
C04464,19273.14,6424.38,3,Silver,run_20260808_212843,2026-08-08T21:28:54.819066+00:00
C04465,16415.850000000002,2735.9750000000004,6,Bronze,run_20260808_212843,2026-08-08T21:28:54.819066+00:00
C04466,32682.449999999997,5447.075,6,Gold,run_20260808_212843,2026-08-08T21:28:54.819066+00:00
C04467,48702.68,8117.113333333334,6,Silver,run_20260808_212843,2026-08-08T21:28:54.819066+00:00
C04468,7869.29,2623.096666666667,3,Gold,run_20260808_212843,2026-08-08T21:28:54.819066+00:00
C04469,66783.47,6678.347,10,Bronze,run_20260808_212843,2026-08-08T21:28:54.819066+00:00
C04470,24455.64,6113.91,4,Platinum,run_20260808_212843,2026-08-08T21:28:54.819066+00:00
C04471,9598.66,4799.33,2,Silver,run_20260808_212843,2026-08-08T21:28:54.819066+00:00
C04472,43343.81,6191.972857142857,7,Platinum,run_20260808_212843,2026-08-08T21:28:54.819066+00:00
C04473,23685.760000000002,4737.152,5,Silver,run_20260808_212843,2026-08-08T21:28:54.819066+00:00
C04474,49558.36,8259.726666666667,6,Gold,run_20260808_212843,2026-08-08T21:28:54.819066+00:00
C04475,8698.92,8698.92,1,Gold,run_20260808_212843,2026-08-08T21:28:54.819066+00:00
C04476,33687.87,6737.5740000000005,5,Platinum,run_20260808_212843,2026-08-08T21:28:54.819066+00:00
C04477,20758.85,5189.7125,4,Gold,run_20260808_212843,2026-08-08T21:28:54.819066+00:00
C04478,39503.22,5643.317142857143,7,Bronze,run_20260808_212843,2026-08-08T21:28:54.819066+00:00
C04479,29502.75,5900.55,5,Bronze,run_20260808_212843,2026-08-08T21:28:54.819066+00:00
C04480,45802.39,9160.478,5,Bronze,run_20260808_212843,2026-08-08T21:28:54.819066+00:00
C04481,62754.12,5229.51,12,Bronze,run_20260808_212843,2026-08-08T21:28:54.819066+00:00
C04482,67934.71,9704.958571428573,7,Silver,run_20260808_212843,2026-08-08T21:28:54.819066+00:00
C04483,29893.56,5978.712,5,Silver,run_20260808_212843,2026-08-08T21:28:54.819066+00:00
C04484,11040.3,2760.075,4,Bronze,run_20260808_212843,2026-08-08T21:28:54.819066+00:00
C04485,68848.67,7649.852222222222,9,Silver,run_20260808_212843,2026-08-08T21:28:54.819066+00:00
C04486,61871.06,7733.8825,8,Bronze,run_20260808_212843,2026-08-08T21:28:54.819066+00:00
C04487,12664.55,3166.1375,4,Platinum,run_20260808_212843,2026-08-08T21:28:54.819066+00:00
C04488,82622.26,13770.376666666665,6,Silver,run_20260808_212843,2026-08-08T21:28:54.819066+00:00
C04489,32552.55,8138.1375,4,Bronze,run_20260808_212843,2026-08-08T21:28:54.819066+00:00
C04490,17369.010000000002,5789.670000000001,3,Bronze,run_20260808_212843,2026-08-08T21:28:54.819066+00:00
C04491,28265.28,9421.76,3,Platinum,run_20260808_212843,2026-08-08T21:28:54.819066+00:00
C04492,59847.75,14961.9375,4,Platinum,run_20260808_212843,2026-08-08T21:28:54.819066+00:00
C04493,88779.74,9864.415555555555,9,Gold,run_20260808_212843,2026-08-08T21:28:54.819066+00:00
C04494,74604.89,6782.262727272727,11,Bronze,run_20260808_212843,2026-08-08T21:28:54.819066+00:00
C04496,35591.83,8897.9575,4,Silver,run_20260808_212843,2026-08-08T21:28:54.819066+00:00
C04497,62188.270000000004,7773.5337500000005,8,Bronze,run_20260808_212843,2026-08-08T21:28:54.819066+00:00
C04498,26778.22,6694.555,4,Bronze,run_20260808_212843,2026-08-08T21:28:54.819066+00:00
C04499,68475.58,8559.4475,8,Silver,run_20260808_212843,2026-08-08T21:28:54.819066+00:00
C04500,35102.19,8775.5475,4,Platinum,run_20260808_212843,2026-08-08T21:28:54.819066+00:00
C04501,79446.98999999999,9930.873749999999,8,Bronze,run_20260808_212843,2026-08-08T21:28:54.819066+00:00
C04502,35699.479999999996,5949.913333333333,6,Platinum,run_20260808_212843,2026-08-08T21:28:54.819066+00:00
C04503,71851.78,14370.356,5,Bronze,run_20260808_212843,2026-08-08T21:28:54.819066+00:00
C04504,28555.81,9518.603333333334,3,Gold,run_20260808_212843,2026-08-08T21:28:54.819066+00:00
C04505,29621.019999999997,9873.673333333332,3,Platinum,run_20260808_212843,2026-08-08T21:28:54.819066+00:00
C04506,35380.270000000004,7076.054000000001,5,Gold,run_20260808_212843,2026-08-08T21:28:54.819066+00:00
C04507,27734.15,4622.358333333334,6,Bronze,run_20260808_212843,2026-08-08T21:28:54.819066+00:00
C04508,65859.88,9408.554285714286,7,Gold,run_20260808_212843,2026-08-08T21:28:54.819066+00:00
C04509,27348.34,5469.668,5,Bronze,run_20260808_212843,2026-08-08T21:28:54.819066+00:00
C04510,52465.14000000001,8744.19,6,Bronze,run_20260808_212843,2026-08-08T21:28:54.819066+00:00
C04512,14899.3,7449.65,2,Bronze,run_20260808_212843,2026-08-08T21:28:54.819066+00:00
C04513,31880.249999999996,6376.049999999999,5,Silver,run_20260808_212843,2026-08-08T21:28:54.819066+00:00
C04514,30440.2,6088.04,5,Bronze,run_20260808_212843,2026-08-08T21:28:54.819066+00:00
C04515,46897.950000000004,11724.487500000001,4,Bronze,run_20260808_212843,2026-08-08T21:28:54.819066+00:00
C04516,40185.21,8037.0419999999995,5,Silver,run_20260808_212843,2026-08-08T21:28:54.819066+00:00
C04517,30483.11,7620.7775,4,Platinum,run_20260808_212843,2026-08-08T21:28:54.819066+00:00
C04518,66631.32,8328.915,8,Silver,run_20260808_212843,2026-08-08T21:28:54.819066+00:00
C04519,68889.39,13777.878,5,Silver,run_20260808_212843,2026-08-08T21:28:54.819066+00:00
C04520,67724.87,6772.486999999999,10,Silver,run_20260808_212843,2026-08-08T21:28:54.819066+00:00
C04521,70238.56,7804.2844444444445,9,Silver,run_20260808_212843,2026-08-08T21:28:54.819066+00:00
C04522,13024.529999999999,6512.264999999999,2,Platinum,run_20260808_212843,2026-08-08T21:28:54.819066+00:00
C04523,33700.15,6740.030000000001,5,Bronze,run_20260808_212843,2026-08-08T21:28:54.819066+00:00
C04524,34273.48,8568.37,4,Gold,run_20260808_212843,2026-08-08T21:28:54.819066+00:00
C04525,95901.0,11987.625,8,Platinum,run_20260808_212843,2026-08-08T21:28:54.819066+00:00
C04526,27136.5,4522.75,6,Platinum,run_20260808_212843,2026-08-08T21:28:54.819066+00:00
C04527,27340.36,9113.453333333333,3,Bronze,run_20260808_212843,2026-08-08T21:28:54.819066+00:00
C04528,107697.88,8974.823333333334,12,Silver,run_20260808_212843,2026-08-08T21:28:54.819066+00:00
C04529,58111.009999999995,11622.202,5,Silver,run_20260808_212843,2026-08-08T21:28:54.819066+00:00
C04530,9346.14,2336.535,4,Platinum,run_20260808_212843,2026-08-08T21:28:54.819066+00:00
C04531,89194.24,12742.034285714286,7,Gold,run_20260808_212843,2026-08-08T21:28:54.819066+00:00
C04532,44752.600000000006,11188.150000000001,4,Silver,run_20260808_212843,2026-08-08T21:28:54.819066+00:00
C04533,22408.3,7469.433333333333,3,Platinum,run_20260808_212843,2026-08-08T21:28:54.819066+00:00
C04534,57302.61,7162.82625,8,Gold,run_20260808_212843,2026-08-08T21:28:54.819066+00:00
C04535,72672.59,10381.798571428571,7,Gold,run_20260808_212843,2026-08-08T21:28:54.819066+00:00
C04536,32207.86,8051.965,4,Gold,run_20260808_212843,2026-08-08T21:28:54.819066+00:00
C04537,47114.01,5889.25125,8,Gold,run_20260808_212843,2026-08-08T21:28:54.819066+00:00
C04538,30220.629999999997,10073.543333333333,3,Platinum,run_20260808_212843,2026-08-08T21:28:54.819066+00:00
C04539,67437.42,7493.046666666666,9,Platinum,run_20260808_212843,2026-08-08T21:28:54.819066+00:00
C04540,52586.61,10517.322,5,Gold,run_20260808_212843,2026-08-08T21:28:54.819066+00:00
C04541,30154.44,15077.22,2,Silver,run_20260808_212843,2026-08-08T21:28:54.819066+00:00
C04542,66462.79000000001,11077.131666666668,6,Silver,run_20260808_212843,2026-08-08T21:28:54.819066+00:00
C04543,62560.96,6951.217777777778,9,Platinum,run_20260808_212843,2026-08-08T21:28:54.819066+00:00
C04544,59904.07,8557.724285714286,7,Gold,run_20260808_212843,2026-08-08T21:28:54.819066+00:00
C04545,57476.21,9579.368333333334,6,Gold,run_20260808_212843,2026-08-08T21:28:54.819066+00:00
C04546,34342.63,8585.6575,4,Platinum,run_20260808_212843,2026-08-08T21:28:54.819066+00:00
C04547,31347.579999999998,5224.596666666666,6,Platinum,run_20260808_212843,2026-08-08T21:28:54.819066+00:00
C04548,35492.61,11830.87,3,Platinum,run_20260808_212843,2026-08-08T21:28:54.819066+00:00
C04549,25731.31,6432.8275,4,Bronze,run_20260808_212843,2026-08-08T21:28:54.819066+00:00
C04550,44531.33,11132.8325,4,Bronze,run_20260808_212843,2026-08-08T21:28:54.819066+00:00
C04551,8709.05,2903.0166666666664,3,Gold,run_20260808_212843,2026-08-08T21:28:54.819066+00:00
C04552,34842.39,6968.478,5,Bronze,run_20260808_212843,2026-08-08T21:28:54.819066+00:00
C04553,51077.3,8512.883333333333,6,Silver,run_20260808_212843,2026-08-08T21:28:54.819066+00:00
C04554,24668.27,8222.756666666666,3,Gold,run_20260808_212843,2026-08-08T21:28:54.819066+00:00
C04555,55669.61,6958.70125,8,Bronze,run_20260808_212843,2026-08-08T21:28:54.819066+00:00
C04556,80866.85,10108.35625,8,Gold,run_20260808_212843,2026-08-08T21:28:54.819066+00:00
C04557,29477.760000000002,7369.4400000000005,4,Silver,run_20260808_212843,2026-08-08T21:28:54.819066+00:00
C04558,29214.99,4869.165,6,Silver,run_20260808_212843,2026-08-08T21:28:54.819066+00:00
C04559,60165.590000000004,7520.6987500000005,8,Gold,run_20260808_212843,2026-08-08T21:28:54.819066+00:00
C04560,26754.62,5350.924,5,Bronze,run_20260808_212843,2026-08-08T21:28:54.819066+00:00
C04561,13146.31,3286.5775,4,Gold,run_20260808_212843,2026-08-08T21:28:54.819066+00:00
C04562,19035.6,19035.6,1,Silver,run_20260808_212843,2026-08-08T21:28:54.819066+00:00
C04563,47166.81,9433.362,5,Bronze,run_20260808_212843,2026-08-08T21:28:54.819066+00:00
C04564,6269.03,2089.6766666666667,3,Bronze,run_20260808_212843,2026-08-08T21:28:54.819066+00:00
C04565,49586.78,9917.356,5,Platinum,run_20260808_212843,2026-08-08T21:28:54.819066+00:00
C04566,16893.66,5631.22,3,Gold,run_20260808_212843,2026-08-08T21:28:54.819066+00:00
C04567,1531.24,1531.24,1,Silver,run_20260808_212843,2026-08-08T21:28:54.819066+00:00
C04568,77699.21,7769.921,10,Silver,run_20260808_212843,2026-08-08T21:28:54.819066+00:00
C04569,4367.27,1455.756666666667,3,Gold,run_20260808_212843,2026-08-08T21:28:54.819066+00:00
C04570,36690.11,12230.036666666667,3,Gold,run_20260808_212843,2026-08-08T21:28:54.819066+00:00
C04571,75394.02,10770.574285714287,7,Silver,run_20260808_212843,2026-08-08T21:28:54.819066+00:00
C04572,42635.45,7105.908333333333,6,Silver,run_20260808_212843,2026-08-08T21:28:54.819066+00:00
C04573,86950.72,10868.84,8,Gold,run_20260808_212843,2026-08-08T21:28:54.819066+00:00
C04574,49947.340000000004,12486.835000000001,4,Gold,run_20260808_212843,2026-08-08T21:28:54.819066+00:00
C04575,75221.09,7522.1089999999995,10,Bronze,run_20260808_212843,2026-08-08T21:28:54.819066+00:00
C04576,75338.37,10762.624285714284,7,Platinum,run_20260808_212843,2026-08-08T21:28:54.819066+00:00
C04577,41765.05,8353.01,5,Silver,run_20260808_212843,2026-08-08T21:28:54.819066+00:00
C04578,16346.880000000001,4086.7200000000003,4,Bronze,run_20260808_212843,2026-08-08T21:28:54.819066+00:00
C04579,52230.29,8705.048333333334,6,Gold,run_20260808_212843,2026-08-08T21:28:54.819066+00:00
C04580,32317.92,5386.32,6,Platinum,run_20260808_212843,2026-08-08T21:28:54.819066+00:00
C04581,86669.13,10833.64125,8,Silver,run_20260808_212843,2026-08-08T21:28:54.819066+00:00
C04582,68491.6,11415.266666666668,6,Platinum,run_20260808_212843,2026-08-08T21:28:54.819066+00:00
C04583,37529.02,4169.891111111111,9,Bronze,run_20260808_212843,2026-08-08T21:28:54.819066+00:00
C04584,8491.779999999999,4245.889999999999,2,Gold,run_20260808_212843,2026-08-08T21:28:54.819066+00:00
C04585,3418.95,1709.475,2,Bronze,run_20260808_212843,2026-08-08T21:28:54.819066+00:00
C04586,43054.78,6150.682857142857,7,Platinum,run_20260808_212843,2026-08-08T21:28:54.819066+00:00
C04587,26625.23,6656.3075,4,Bronze,run_20260808_212843,2026-08-08T21:28:54.819066+00:00
C04588,75998.64,6908.967272727273,11,Bronze,run_20260808_212843,2026-08-08T21:28:54.819066+00:00
C04589,61947.46,7743.4325,8,Gold,run_20260808_212843,2026-08-08T21:28:54.819066+00:00
C04590,28572.879999999997,5714.575999999999,5,Gold,run_20260808_212843,2026-08-08T21:28:54.819066+00:00
C04591,29627.510000000002,7406.8775000000005,4,Platinum,run_20260808_212843,2026-08-08T21:28:54.819066+00:00
C04592,71097.36,7109.736,10,Platinum,run_20260808_212843,2026-08-08T21:28:54.819066+00:00
C04593,53610.76,8935.126666666667,6,Bronze,run_20260808_212843,2026-08-08T21:28:54.819066+00:00
C04594,28341.88,7085.47,4,Silver,run_20260808_212843,2026-08-08T21:28:54.819066+00:00
C04595,30736.37,10245.456666666667,3,Bronze,run_20260808_212843,2026-08-08T21:28:54.819066+00:00
C04596,29886.379999999997,4981.063333333333,6,Platinum,run_20260808_212843,2026-08-08T21:28:54.819066+00:00
C04597,29091.34,5818.268,5,Bronze,run_20260808_212843,2026-08-08T21:28:54.819066+00:00
C04598,23574.65,5893.6625,4,Gold,run_20260808_212843,2026-08-08T21:28:54.819066+00:00
C04599,58644.66,8377.808571428572,7,Bronze,run_20260808_212843,2026-08-08T21:28:54.819066+00:00
C04600,40005.91,6667.651666666668,6,Gold,run_20260808_212843,2026-08-08T21:28:54.819066+00:00
C04601,29299.949999999997,5859.99,5,Silver,run_20260808_212843,2026-08-08T21:28:54.819066+00:00
C04602,47511.4,6787.342857142858,7,Gold,run_20260808_212843,2026-08-08T21:28:54.819066+00:00
C04603,19902.57,9951.285,2,Silver,run_20260808_212843,2026-08-08T21:28:54.819066+00:00
C04604,53370.869999999995,13342.717499999999,4,Silver,run_20260808_212843,2026-08-08T21:28:54.819066+00:00
C04605,20001.379999999997,5000.344999999999,4,Bronze,run_20260808_212843,2026-08-08T21:28:54.819066+00:00
C04606,48981.65,8163.608333333334,6,Platinum,run_20260808_212843,2026-08-08T21:28:54.819066+00:00
C04607,46353.490000000005,9270.698,5,Platinum,run_20260808_212843,2026-08-08T21:28:54.819066+00:00
C04608,10749.42,5374.71,2,Bronze,run_20260808_212843,2026-08-08T21:28:54.819066+00:00
C04609,45120.54,6445.791428571429,7,Silver,run_20260808_212843,2026-08-08T21:28:54.819066+00:00
C04610,81759.9,8175.99,10,Platinum,run_20260808_212843,2026-08-08T21:28:54.819066+00:00
C04611,29713.4,3714.175,8,Gold,run_20260808_212843,2026-08-08T21:28:54.819066+00:00
C04612,48307.09,6901.012857142857,7,Platinum,run_20260808_212843,2026-08-08T21:28:54.819066+00:00
C04613,43412.58,8682.516,5,Silver,run_20260808_212843,2026-08-08T21:28:54.819066+00:00
C04614,55601.15,11120.23,5,Silver,run_20260808_212843,2026-08-08T21:28:54.819066+00:00
C04615,32932.77,5488.794999999999,6,Gold,run_20260808_212843,2026-08-08T21:28:54.819066+00:00
C04616,70549.43000000001,7838.825555555556,9,Bronze,run_20260808_212843,2026-08-08T21:28:54.819066+00:00
C04617,40950.85,10237.7125,4,Platinum,run_20260808_212843,2026-08-08T21:28:54.819066+00:00
C04618,56729.98,9454.996666666668,6,Bronze,run_20260808_212843,2026-08-08T21:28:54.819066+00:00
C04619,15066.7,7533.35,2,Platinum,run_20260808_212843,2026-08-08T21:28:54.819066+00:00
C04620,23780.18,3963.3633333333332,6,Gold,run_20260808_212843,2026-08-08T21:28:54.819066+00:00
C04621,65554.64,9364.948571428571,7,Bronze,run_20260808_212843,2026-08-08T21:28:54.819066+00:00
C04622,18857.68,3771.536,5,Platinum,run_20260808_212843,2026-08-08T21:28:54.819066+00:00
C04623,5501.28,5501.28,1,Platinum,run_20260808_212843,2026-08-08T21:28:54.819066+00:00
C04624,38508.35,19254.175,2,Silver,run_20260808_212843,2026-08-08T21:28:54.819066+00:00
C04625,75199.01,7519.901,10,Silver,run_20260808_212843,2026-08-08T21:28:54.819066+00:00
C04626,43878.34,6268.334285714285,7,Platinum,run_20260808_212843,2026-08-08T21:28:54.819066+00:00
C04627,36419.69,6069.948333333334,6,Silver,run_20260808_212843,2026-08-08T21:28:54.819066+00:00
C04628,38904.1,6484.016666666666,6,Platinum,run_20260808_212843,2026-08-08T21:28:54.819066+00:00
C04629,25996.35,8665.449999999999,3,Platinum,run_20260808_212843,2026-08-08T21:28:54.819066+00:00
C04630,59476.43,6608.492222222222,9,Silver,run_20260808_212843,2026-08-08T21:28:54.819066+00:00
C04631,69652.13,9950.304285714286,7,Silver,run_20260808_212843,2026-08-08T21:28:54.819066+00:00
C04632,47341.69,15780.563333333334,3,Silver,run_20260808_212843,2026-08-08T21:28:54.819066+00:00
C04633,35553.88,8888.47,4,Bronze,run_20260808_212843,2026-08-08T21:28:54.819066+00:00
C04634,34908.56,4986.937142857142,7,Gold,run_20260808_212843,2026-08-08T21:28:54.819066+00:00
C04635,34139.85,4877.121428571429,7,Platinum,run_20260808_212843,2026-08-08T21:28:54.819066+00:00
C04636,41158.85,5879.835714285714,7,Gold,run_20260808_212843,2026-08-08T21:28:54.819066+00:00
C04637,45555.600000000006,9111.12,5,Bronze,run_20260808_212843,2026-08-08T21:28:54.819066+00:00
C04638,31891.42,7972.855,4,Bronze,run_20260808_212843,2026-08-08T21:28:54.819066+00:00
C04639,31446.89,6289.378,5,Platinum,run_20260808_212843,2026-08-08T21:28:54.819066+00:00
C04640,15468.38,3867.095,4,Platinum,run_20260808_212843,2026-08-08T21:28:54.819066+00:00
C04641,53776.38,17925.46,3,Gold,run_20260808_212843,2026-08-08T21:28:54.819066+00:00
C04642,67680.82,8460.1025,8,Gold,run_20260808_212843,2026-08-08T21:28:54.819066+00:00
C04643,43792.78,8758.556,5,Silver,run_20260808_212843,2026-08-08T21:28:54.819066+00:00
C04645,40616.36,8123.272,5,Gold,run_20260808_212843,2026-08-08T21:28:54.819066+00:00
C04646,25008.83,6252.2075,4,Bronze,run_20260808_212843,2026-08-08T21:28:54.819066+00:00
C04647,51884.59,6485.57375,8,Gold,run_20260808_212843,2026-08-08T21:28:54.819066+00:00
C04648,34786.12,5797.686666666667,6,Silver,run_20260808_212843,2026-08-08T21:28:54.819066+00:00
C04649,58377.92,5307.083636363636,11,Gold,run_20260808_212843,2026-08-08T21:28:54.819066+00:00
C04650,8681.61,2893.8700000000003,3,Platinum,run_20260808_212843,2026-08-08T21:28:54.819066+00:00
C04651,13819.839999999998,4606.613333333333,3,Silver,run_20260808_212843,2026-08-08T21:28:54.819066+00:00
C04652,11740.81,3913.603333333333,3,Platinum,run_20260808_212843,2026-08-08T21:28:54.819066+00:00
C04653,23237.83,5809.4575,4,Bronze,run_20260808_212843,2026-08-08T21:28:54.819066+00:00
C04654,10157.34,5078.67,2,Silver,run_20260808_212843,2026-08-08T21:28:54.819066+00:00
C04655,17716.4,8858.2,2,Silver,run_20260808_212843,2026-08-08T21:28:54.819066+00:00
C04656,23438.260000000002,11719.130000000001,2,Gold,run_20260808_212843,2026-08-08T21:28:54.819066+00:00
C04657,26446.05,5289.21,5,Silver,run_20260808_212843,2026-08-08T21:28:54.819066+00:00
C04658,16916.87,4229.2175,4,Bronze,run_20260808_212843,2026-08-08T21:28:54.819066+00:00
C04659,18915.760000000002,9457.880000000001,2,Bronze,run_20260808_212843,2026-08-08T21:28:54.819066+00:00
C04660,25004.199999999997,6251.049999999999,4,Bronze,run_20260808_212843,2026-08-08T21:28:54.819066+00:00
C04661,53543.03,7649.004285714285,7,Silver,run_20260808_212843,2026-08-08T21:28:54.819066+00:00
C04662,29686.09,5937.218,5,Silver,run_20260808_212843,2026-08-08T21:28:54.819066+00:00
C04663,27149.82,4524.97,6,Gold,run_20260808_212843,2026-08-08T21:28:54.819066+00:00
C04664,16063.66,5354.553333333333,3,Bronze,run_20260808_212843,2026-08-08T21:28:54.819066+00:00
C04665,51637.91,10327.582,5,Gold,run_20260808_212843,2026-08-08T21:28:54.819066+00:00
C04666,23024.98,3289.282857142857,7,Bronze,run_20260808_212843,2026-08-08T21:28:54.819066+00:00
C04667,29173.18,5834.636,5,Gold,run_20260808_212843,2026-08-08T21:28:54.819066+00:00
C04668,2750.64,2750.64,1,Platinum,run_20260808_212843,2026-08-08T21:28:54.819066+00:00
C04669,78056.59,9757.07375,8,Platinum,run_20260808_212843,2026-08-08T21:28:54.819066+00:00
C04670,18588.89,9294.445,2,Bronze,run_20260808_212843,2026-08-08T21:28:54.819066+00:00
C04671,27780.670000000002,5556.134,5,Gold,run_20260808_212843,2026-08-08T21:28:54.819066+00:00
C04672,16883.78,8441.89,2,Silver,run_20260808_212843,2026-08-08T21:28:54.819066+00:00
C04673,41312.979999999996,13770.993333333332,3,Silver,run_20260808_212843,2026-08-08T21:28:54.819066+00:00
C04674,36154.25,6025.708333333333,6,Silver,run_20260808_212843,2026-08-08T21:28:54.819066+00:00
C04675,31305.730000000003,10435.243333333334,3,Gold,run_20260808_212843,2026-08-08T21:28:54.819066+00:00
C04676,75581.55,6871.05,11,Platinum,run_20260808_212843,2026-08-08T21:28:54.819066+00:00
C04677,16511.61,3302.322,5,Silver,run_20260808_212843,2026-08-08T21:28:54.819066+00:00
C04678,9222.869999999999,4611.4349999999995,2,Bronze,run_20260808_212843,2026-08-08T21:28:54.819066+00:00
C04679,59651.090000000004,8521.584285714287,7,Platinum,run_20260808_212843,2026-08-08T21:28:54.819066+00:00
C04680,83201.27,7563.751818181819,11,Bronze,run_20260808_212843,2026-08-08T21:28:54.819066+00:00
C04681,52447.7,7492.528571428571,7,Gold,run_20260808_212843,2026-08-08T21:28:54.819066+00:00
C04682,23372.65,23372.65,1,Silver,run_20260808_212843,2026-08-08T21:28:54.819066+00:00
C04683,48545.259999999995,6935.0371428571425,7,Bronze,run_20260808_212843,2026-08-08T21:28:54.819066+00:00
C04684,2545.85,2545.85,1,Gold,run_20260808_212843,2026-08-08T21:28:54.819066+00:00
C04685,54907.07,6863.38375,8,Silver,run_20260808_212843,2026-08-08T21:28:54.819066+00:00
C04686,7909.91,2636.6366666666668,3,Gold,run_20260808_212843,2026-08-08T21:28:54.819066+00:00
C04687,41234.34,10308.585,4,Bronze,run_20260808_212843,2026-08-08T21:28:54.819066+00:00
C04688,72811.93000000001,9101.491250000001,8,Platinum,run_20260808_212843,2026-08-08T21:28:54.819066+00:00
C04689,91508.14,13072.591428571428,7,Bronze,run_20260808_212843,2026-08-08T21:28:54.819066+00:00
C04690,34770.43,6954.086,5,Bronze,run_20260808_212843,2026-08-08T21:28:54.819066+00:00
C04691,19500.34,9750.17,2,Platinum,run_20260808_212843,2026-08-08T21:28:54.819066+00:00
C04692,45550.619999999995,9110.124,5,Gold,run_20260808_212843,2026-08-08T21:28:54.819066+00:00
C04693,49154.32,6144.29,8,Gold,run_20260808_212843,2026-08-08T21:28:54.819066+00:00
C04694,62058.71,7757.33875,8,Bronze,run_20260808_212843,2026-08-08T21:28:54.819066+00:00
C04695,14808.68,7404.34,2,Bronze,run_20260808_212843,2026-08-08T21:28:54.819066+00:00
C04696,42063.06,14021.019999999999,3,Gold,run_20260808_212843,2026-08-08T21:28:54.819066+00:00
C04697,67472.95999999999,8434.119999999999,8,Platinum,run_20260808_212843,2026-08-08T21:28:54.819066+00:00
C04698,40623.41,8124.682000000001,5,Silver,run_20260808_212843,2026-08-08T21:28:54.819066+00:00
C04699,51185.25,17061.75,3,Platinum,run_20260808_212843,2026-08-08T21:28:54.819066+00:00
C04700,31463.82,6292.764,5,Bronze,run_20260808_212843,2026-08-08T21:28:54.819066+00:00
C04701,15613.56,5204.5199999999995,3,Gold,run_20260808_212843,2026-08-08T21:28:54.819066+00:00
C04702,31349.5,7837.375,4,Platinum,run_20260808_212843,2026-08-08T21:28:54.819066+00:00
C04703,23545.57,4709.114,5,Bronze,run_20260808_212843,2026-08-08T21:28:54.819066+00:00
C04704,22829.370000000003,11414.685000000001,2,Silver,run_20260808_212843,2026-08-08T21:28:54.819066+00:00
C04705,13364.53,3341.1325,4,Silver,run_20260808_212843,2026-08-08T21:28:54.819066+00:00
C04706,17445.73,4361.4325,4,Platinum,run_20260808_212843,2026-08-08T21:28:54.819066+00:00
C04707,36826.55,18413.275,2,Bronze,run_20260808_212843,2026-08-08T21:28:54.819066+00:00
C04708,39556.21,9889.0525,4,Bronze,run_20260808_212843,2026-08-08T21:28:54.819066+00:00
C04709,29225.95,5845.1900000000005,5,Silver,run_20260808_212843,2026-08-08T21:28:54.819066+00:00
C04710,27272.85,13636.425,2,Gold,run_20260808_212843,2026-08-08T21:28:54.819066+00:00
C04711,9877.17,3292.39,3,Gold,run_20260808_212843,2026-08-08T21:28:54.819066+00:00
C04712,32457.33,6491.466,5,Platinum,run_20260808_212843,2026-08-08T21:28:54.819066+00:00
C04713,16176.09,4044.0225,4,Platinum,run_20260808_212843,2026-08-08T21:28:54.819066+00:00
C04714,64180.6,6418.0599999999995,10,Silver,run_20260808_212843,2026-08-08T21:28:54.819066+00:00
C04715,42335.38,6047.911428571429,7,Bronze,run_20260808_212843,2026-08-08T21:28:54.819066+00:00
C04716,4785.41,2392.705,2,Gold,run_20260808_212843,2026-08-08T21:28:54.819066+00:00
C04717,23341.14,7780.38,3,Gold,run_20260808_212843,2026-08-08T21:28:54.819066+00:00
C04718,33000.2,8250.05,4,Gold,run_20260808_212843,2026-08-08T21:28:54.819066+00:00
C04719,57376.479999999996,9562.746666666666,6,Gold,run_20260808_212843,2026-08-08T21:28:54.819066+00:00
C04720,12124.550000000001,4041.516666666667,3,Silver,run_20260808_212843,2026-08-08T21:28:54.819066+00:00
C04721,57088.6,8155.5142857142855,7,Gold,run_20260808_212843,2026-08-08T21:28:54.819066+00:00
C04722,29026.260000000002,9675.42,3,Bronze,run_20260808_212843,2026-08-08T21:28:54.819066+00:00
C04723,33208.25,8302.0625,4,Gold,run_20260808_212843,2026-08-08T21:28:54.819066+00:00
C04724,45262.229999999996,7543.704999999999,6,Platinum,run_20260808_212843,2026-08-08T21:28:54.819066+00:00
C04725,21336.98,4267.396,5,Bronze,run_20260808_212843,2026-08-08T21:28:54.819066+00:00
C04726,44841.26,7473.543333333334,6,Gold,run_20260808_212843,2026-08-08T21:28:54.819066+00:00
C04727,53230.670000000006,6653.833750000001,8,Silver,run_20260808_212843,2026-08-08T21:28:54.819066+00:00
C04728,17213.75,8606.875,2,Silver,run_20260808_212843,2026-08-08T21:28:54.819066+00:00
C04729,30742.82,6148.564,5,Gold,run_20260808_212843,2026-08-08T21:28:54.819066+00:00
C04730,30338.27,5056.378333333333,6,Platinum,run_20260808_212843,2026-08-08T21:28:54.819066+00:00
C04731,20558.28,6852.759999999999,3,Silver,run_20260808_212843,2026-08-08T21:28:54.819066+00:00
C04732,33531.62,11177.206666666667,3,Bronze,run_20260808_212843,2026-08-08T21:28:54.819066+00:00
C04733,3466.89,3466.89,1,Platinum,run_20260808_212843,2026-08-08T21:28:54.819066+00:00
C04734,58761.979999999996,7345.2474999999995,8,Silver,run_20260808_212843,2026-08-08T21:28:54.819066+00:00
C04735,18739.41,3747.882,5,Platinum,run_20260808_212843,2026-08-08T21:28:54.819066+00:00
C04736,26135.3,5227.0599999999995,5,Silver,run_20260808_212843,2026-08-08T21:28:54.819066+00:00
C04737,31100.39,6220.0779999999995,5,Silver,run_20260808_212843,2026-08-08T21:28:54.819066+00:00
C04738,48863.99,8143.998333333333,6,Platinum,run_20260808_212843,2026-08-08T21:28:54.819066+00:00
C04739,22714.72,5678.68,4,Gold,run_20260808_212843,2026-08-08T21:28:54.819066+00:00
C04740,50823.51,10164.702000000001,5,Gold,run_20260808_212843,2026-08-08T21:28:54.819066+00:00
C04741,24117.21,6029.3025,4,Platinum,run_20260808_212843,2026-08-08T21:28:54.819066+00:00
C04742,45859.99,5732.49875,8,Silver,run_20260808_212843,2026-08-08T21:28:54.819066+00:00
C04743,40129.34,6688.223333333332,6,Silver,run_20260808_212843,2026-08-08T21:28:54.819066+00:00
C04744,43380.31,5422.53875,8,Silver,run_20260808_212843,2026-08-08T21:28:54.819066+00:00
C04745,83090.86,9232.317777777778,9,Silver,run_20260808_212843,2026-08-08T21:28:54.819066+00:00
C04746,76203.77,10886.252857142857,7,Silver,run_20260808_212843,2026-08-08T21:28:54.819066+00:00
C04747,58091.58,7261.4475,8,Gold,run_20260808_212843,2026-08-08T21:28:54.819066+00:00
C04748,58161.84,9693.64,6,Silver,run_20260808_212843,2026-08-08T21:28:54.819066+00:00
C04749,53928.9,5992.1,9,Platinum,run_20260808_212843,2026-08-08T21:28:54.819066+00:00
C04750,22348.81,7449.6033333333335,3,Silver,run_20260808_212843,2026-08-08T21:28:54.819066+00:00
C04751,21178.86,10589.43,2,Silver,run_20260808_212843,2026-08-08T21:28:54.819066+00:00
C04752,11104.3,5552.15,2,Gold,run_20260808_212843,2026-08-08T21:28:54.819066+00:00
C04753,18488.47,3081.411666666667,6,Bronze,run_20260808_212843,2026-08-08T21:28:54.819066+00:00
C04754,83198.32,10399.79,8,Bronze,run_20260808_212843,2026-08-08T21:28:54.819066+00:00
C04755,34845.83,8711.4575,4,Silver,run_20260808_212843,2026-08-08T21:28:54.819066+00:00
C04756,8478.130000000001,2826.0433333333335,3,Gold,run_20260808_212843,2026-08-08T21:28:54.819066+00:00
C04757,31078.39,6215.678,5,Silver,run_20260808_212843,2026-08-08T21:28:54.819066+00:00
C04758,41045.33,5863.618571428572,7,Bronze,run_20260808_212843,2026-08-08T21:28:54.819066+00:00
C04759,70430.26,10061.465714285714,7,Gold,run_20260808_212843,2026-08-08T21:28:54.819066+00:00
C04760,16387.15,5462.383333333334,3,Platinum,run_20260808_212843,2026-08-08T21:28:54.819066+00:00
C04761,37924.270000000004,6320.711666666667,6,Platinum,run_20260808_212843,2026-08-08T21:28:54.819066+00:00
C04762,44846.83,8969.366,5,Gold,run_20260808_212843,2026-08-08T21:28:54.819066+00:00
C04763,21137.54,10568.77,2,Platinum,run_20260808_212843,2026-08-08T21:28:54.819066+00:00
C04764,31590.4,5265.066666666667,6,Gold,run_20260808_212843,2026-08-08T21:28:54.819066+00:00
C04765,26279.87,5255.974,5,Silver,run_20260808_212843,2026-08-08T21:28:54.819066+00:00
C04766,33613.4,11204.466666666667,3,Silver,run_20260808_212843,2026-08-08T21:28:54.819066+00:00
C04767,46292.88,7715.48,6,Bronze,run_20260808_212843,2026-08-08T21:28:54.819066+00:00
C04768,50904.729999999996,8484.121666666666,6,Silver,run_20260808_212843,2026-08-08T21:28:54.819066+00:00
C04769,15316.14,3063.228,5,Silver,run_20260808_212843,2026-08-08T21:28:54.819066+00:00
C04770,46960.95,9392.189999999999,5,Bronze,run_20260808_212843,2026-08-08T21:28:54.819066+00:00
C04771,33160.89,11053.63,3,Gold,run_20260808_212843,2026-08-08T21:28:54.819066+00:00
C04772,27365.13,9121.710000000001,3,Silver,run_20260808_212843,2026-08-08T21:28:54.819066+00:00
C04773,20696.420000000002,6898.806666666667,3,Silver,run_20260808_212843,2026-08-08T21:28:54.819066+00:00
C04774,54400.56,7771.5085714285715,7,Silver,run_20260808_212843,2026-08-08T21:28:54.819066+00:00
C04775,7509.22,3754.61,2,Bronze,run_20260808_212843,2026-08-08T21:28:54.819066+00:00
C04776,55202.54,6900.3175,8,Gold,run_20260808_212843,2026-08-08T21:28:54.819066+00:00
C04777,65828.95,6582.8949999999995,10,Bronze,run_20260808_212843,2026-08-08T21:28:54.819066+00:00
C04778,40273.92,6712.32,6,Platinum,run_20260808_212843,2026-08-08T21:28:54.819066+00:00
C04779,111347.6,10122.509090909092,11,Silver,run_20260808_212843,2026-08-08T21:28:54.819066+00:00
C04780,22574.68,5643.67,4,Platinum,run_20260808_212843,2026-08-08T21:28:54.819066+00:00
C04781,54658.71,6832.33875,8,Gold,run_20260808_212843,2026-08-08T21:28:54.819066+00:00
C04782,12092.83,3023.2075,4,Silver,run_20260808_212843,2026-08-08T21:28:54.819066+00:00
C04783,45324.05,9064.810000000001,5,Platinum,run_20260808_212843,2026-08-08T21:28:54.819066+00:00
C04784,107102.86,8925.238333333333,12,Platinum,run_20260808_212843,2026-08-08T21:28:54.819066+00:00
C04785,26906.53,5381.306,5,Platinum,run_20260808_212843,2026-08-08T21:28:54.819066+00:00
C04786,17260.08,5753.360000000001,3,Silver,run_20260808_212843,2026-08-08T21:28:54.819066+00:00
C04787,65207.409999999996,8150.9262499999995,8,Silver,run_20260808_212843,2026-08-08T21:28:54.819066+00:00
C04788,61335.14,12267.028,5,Silver,run_20260808_212843,2026-08-08T21:28:54.819066+00:00
C04789,26370.01,6592.5025,4,Silver,run_20260808_212843,2026-08-08T21:28:54.819066+00:00
C04790,8257.619999999999,2752.5399999999995,3,Bronze,run_20260808_212843,2026-08-08T21:28:54.819066+00:00
C04791,26948.239999999998,5389.647999999999,5,Platinum,run_20260808_212843,2026-08-08T21:28:54.819066+00:00
C04792,47604.509999999995,9520.901999999998,5,Bronze,run_20260808_212843,2026-08-08T21:28:54.819066+00:00
C04793,59579.53,6619.947777777777,9,Gold,run_20260808_212843,2026-08-08T21:28:54.819066+00:00
C04794,70762.81,11793.801666666666,6,Platinum,run_20260808_212843,2026-08-08T21:28:54.819066+00:00
C04795,36690.36,7338.072,5,Silver,run_20260808_212843,2026-08-08T21:28:54.819066+00:00
C04796,34068.91,8517.2275,4,Silver,run_20260808_212843,2026-08-08T21:28:54.819066+00:00
C04797,46726.43,9345.286,5,Silver,run_20260808_212843,2026-08-08T21:28:54.819066+00:00
C04798,23517.48,5879.37,4,Bronze,run_20260808_212843,2026-08-08T21:28:54.819066+00:00
C04799,71344.23,10192.032857142856,7,Silver,run_20260808_212843,2026-08-08T21:28:54.819066+00:00
C04800,22063.839999999997,7354.613333333332,3,Platinum,run_20260808_212843,2026-08-08T21:28:54.819066+00:00
C04801,59724.65,9954.108333333334,6,Platinum,run_20260808_212843,2026-08-08T21:28:54.819066+00:00
C04802,29222.51,5844.5019999999995,5,Gold,run_20260808_212843,2026-08-08T21:28:54.819066+00:00
C04803,12929.67,4309.89,3,Platinum,run_20260808_212843,2026-08-08T21:28:54.819066+00:00
C04804,44683.04,8936.608,5,Silver,run_20260808_212843,2026-08-08T21:28:54.819066+00:00
C04805,10000.76,5000.38,2,Platinum,run_20260808_212843,2026-08-08T21:28:54.819066+00:00
C04806,12866.45,6433.225,2,Platinum,run_20260808_212843,2026-08-08T21:28:54.819066+00:00
C04807,20463.27,6821.09,3,Bronze,run_20260808_212843,2026-08-08T21:28:54.819066+00:00
C04808,31411.36,6282.272,5,Platinum,run_20260808_212843,2026-08-08T21:28:54.819066+00:00
C04809,1478.49,1478.49,1,Gold,run_20260808_212843,2026-08-08T21:28:54.819066+00:00
C04810,7665.299999999999,2555.1,3,Platinum,run_20260808_212843,2026-08-08T21:28:54.819066+00:00
C04811,20504.14,6834.713333333333,3,Bronze,run_20260808_212843,2026-08-08T21:28:54.819066+00:00
C04812,80576.31999999999,11510.902857142855,7,Bronze,run_20260808_212843,2026-08-08T21:28:54.819066+00:00
C04813,42626.93,10656.7325,4,Platinum,run_20260808_212843,2026-08-08T21:28:54.819066+00:00
C04814,34424.73,11474.910000000002,3,Platinum,run_20260808_212843,2026-08-08T21:28:54.819066+00:00
C04815,40431.84,10107.96,4,Bronze,run_20260808_212843,2026-08-08T21:28:54.819066+00:00
C04816,19895.39,4973.8475,4,Silver,run_20260808_212843,2026-08-08T21:28:54.819066+00:00
C04817,41190.54,13730.18,3,Platinum,run_20260808_212843,2026-08-08T21:28:54.819066+00:00
C04818,22255.82,5563.955,4,Bronze,run_20260808_212843,2026-08-08T21:28:54.819066+00:00
C04819,11823.06,5911.53,2,Platinum,run_20260808_212843,2026-08-08T21:28:54.819066+00:00
C04820,25599.46,4266.576666666667,6,Bronze,run_20260808_212843,2026-08-08T21:28:54.819066+00:00
C04821,36277.630000000005,9069.407500000001,4,Silver,run_20260808_212843,2026-08-08T21:28:54.819066+00:00
C04822,123458.09,8230.539333333332,15,Gold,run_20260808_212843,2026-08-08T21:28:54.819066+00:00
C04823,34561.009999999995,8640.252499999999,4,Platinum,run_20260808_212843,2026-08-08T21:28:54.819066+00:00
C04824,45112.84,11278.21,4,Platinum,run_20260808_212843,2026-08-08T21:28:54.819066+00:00
C04825,48219.8,9643.960000000001,5,Gold,run_20260808_212843,2026-08-08T21:28:54.819066+00:00
C04826,40368.409999999996,6728.068333333333,6,Gold,run_20260808_212843,2026-08-08T21:28:54.819066+00:00
C04827,99980.47,7690.805384615384,13,Platinum,run_20260808_212843,2026-08-08T21:28:54.819066+00:00
C04828,36060.15,5151.45,7,Silver,run_20260808_212843,2026-08-08T21:28:54.819066+00:00
C04829,51121.51,8520.251666666667,6,Platinum,run_20260808_212843,2026-08-08T21:28:54.819066+00:00
C04830,61433.28,8776.182857142858,7,Gold,run_20260808_212843,2026-08-08T21:28:54.819066+00:00
C04831,20201.21,5050.3025,4,Bronze,run_20260808_212843,2026-08-08T21:28:54.819066+00:00
C04832,16223.9,5407.966666666666,3,Silver,run_20260808_212843,2026-08-08T21:28:54.819066+00:00
C04833,46830.869999999995,6690.124285714285,7,Platinum,run_20260808_212843,2026-08-08T21:28:54.819066+00:00
C04834,76376.03,9547.00375,8,Platinum,run_20260808_212843,2026-08-08T21:28:54.819066+00:00
C04835,64989.14,7221.015555555556,9,Bronze,run_20260808_212843,2026-08-08T21:28:54.819066+00:00
C04836,30801.23,6160.246,5,Bronze,run_20260808_212843,2026-08-08T21:28:54.819066+00:00
C04837,43647.19,6235.312857142858,7,Silver,run_20260808_212843,2026-08-08T21:28:54.819066+00:00
C04838,43715.41,5464.42625,8,Silver,run_20260808_212843,2026-08-08T21:28:54.819066+00:00
C04839,26260.68,3751.5257142857145,7,Platinum,run_20260808_212843,2026-08-08T21:28:54.819066+00:00
C04840,38005.96,9501.49,4,Platinum,run_20260808_212843,2026-08-08T21:28:54.819066+00:00
C04841,35021.89,5836.981666666667,6,Gold,run_20260808_212843,2026-08-08T21:28:54.819066+00:00
C04842,70089.48999999999,7008.948999999999,10,Platinum,run_20260808_212843,2026-08-08T21:28:54.819066+00:00
C04843,51556.18,8592.696666666667,6,Bronze,run_20260808_212843,2026-08-08T21:28:54.819066+00:00
C04844,80853.08,10106.635,8,Silver,run_20260808_212843,2026-08-08T21:28:54.819066+00:00
C04845,6459.16,6459.16,1,Platinum,run_20260808_212843,2026-08-08T21:28:54.819066+00:00
C04846,27563.170000000002,5512.634,5,Silver,run_20260808_212843,2026-08-08T21:28:54.819066+00:00
C04847,14499.78,4833.26,3,Platinum,run_20260808_212843,2026-08-08T21:28:54.819066+00:00
C04848,42300.08,5287.51,8,Bronze,run_20260808_212843,2026-08-08T21:28:54.819066+00:00
C04849,42921.78,10730.445,4,Gold,run_20260808_212843,2026-08-08T21:28:54.819066+00:00
C04850,26575.69,6643.9225,4,Gold,run_20260808_212843,2026-08-08T21:28:54.819066+00:00
C04851,41768.89,6961.481666666667,6,Silver,run_20260808_212843,2026-08-08T21:28:54.819066+00:00
C04852,7617.54,7617.54,1,Bronze,run_20260808_212843,2026-08-08T21:28:54.819066+00:00
C04853,70774.18000000001,7077.418000000001,10,Bronze,run_20260808_212843,2026-08-08T21:28:54.819066+00:00
C04854,41760.340000000004,10440.085000000001,4,Bronze,run_20260808_212843,2026-08-08T21:28:54.819066+00:00
C04855,17019.52,5673.173333333333,3,Platinum,run_20260808_212843,2026-08-08T21:28:54.819066+00:00
C04856,70461.81,8807.72625,8,Gold,run_20260808_212843,2026-08-08T21:28:54.819066+00:00
C04857,22316.18,7438.7266666666665,3,Bronze,run_20260808_212843,2026-08-08T21:28:54.819066+00:00
C04858,43197.66,7199.610000000001,6,Platinum,run_20260808_212843,2026-08-08T21:28:54.819066+00:00
C04859,22683.879999999997,4536.776,5,Silver,run_20260808_212843,2026-08-08T21:28:54.819066+00:00
C04860,8166.26,4083.13,2,Platinum,run_20260808_212843,2026-08-08T21:28:54.819066+00:00
C04861,31901.1,7975.275,4,Platinum,run_20260808_212843,2026-08-08T21:28:54.819066+00:00
C04862,17684.14,5894.713333333333,3,Bronze,run_20260808_212843,2026-08-08T21:28:54.819066+00:00
C04863,58727.84,11745.568,5,Silver,run_20260808_212843,2026-08-08T21:28:54.819066+00:00
C04864,35136.78,11712.26,3,Gold,run_20260808_212843,2026-08-08T21:28:54.819066+00:00
C04865,30902.739999999998,10300.913333333332,3,Silver,run_20260808_212843,2026-08-08T21:28:54.819066+00:00
C04866,41439.36,10359.84,4,Silver,run_20260808_212843,2026-08-08T21:28:54.819066+00:00
C04867,12110.7,6055.35,2,Silver,run_20260808_212843,2026-08-08T21:28:54.819066+00:00
C04868,62433.16,8919.022857142858,7,Silver,run_20260808_212843,2026-08-08T21:28:54.819066+00:00
C04869,60909.399999999994,6767.711111111111,9,Bronze,run_20260808_212843,2026-08-08T21:28:54.819066+00:00
C04870,5381.97,5381.97,1,Platinum,run_20260808_212843,2026-08-08T21:28:54.819066+00:00
C04871,40077.81,8015.562,5,Gold,run_20260808_212843,2026-08-08T21:28:54.819066+00:00
C04872,47235.88,7872.6466666666665,6,Gold,run_20260808_212843,2026-08-08T21:28:54.819066+00:00
C04873,68432.73999999999,13686.547999999999,5,Platinum,run_20260808_212843,2026-08-08T21:28:54.819066+00:00
C04874,36006.25,6001.041666666667,6,Gold,run_20260808_212843,2026-08-08T21:28:54.819066+00:00
C04875,54988.75,9164.791666666666,6,Silver,run_20260808_212843,2026-08-08T21:28:54.819066+00:00
C04876,24239.33,8079.776666666668,3,Bronze,run_20260808_212843,2026-08-08T21:28:54.819066+00:00
C04877,19811.75,19811.75,1,Silver,run_20260808_212843,2026-08-08T21:28:54.819066+00:00
C04878,42158.76,5269.845,8,Silver,run_20260808_212843,2026-08-08T21:28:54.819066+00:00
C04879,13967.650000000001,4655.883333333334,3,Bronze,run_20260808_212843,2026-08-08T21:28:54.819066+00:00
C04880,11609.980000000001,5804.990000000001,2,Gold,run_20260808_212843,2026-08-08T21:28:54.819066+00:00
C04881,42150.14,7025.0233333333335,6,Bronze,run_20260808_212843,2026-08-08T21:28:54.819066+00:00
C04882,44365.2,7394.2,6,Platinum,run_20260808_212843,2026-08-08T21:28:54.819066+00:00
C04883,86318.59,14386.431666666665,6,Platinum,run_20260808_212843,2026-08-08T21:28:54.819066+00:00
C04884,83279.92,11897.131428571429,7,Platinum,run_20260808_212843,2026-08-08T21:28:54.819066+00:00
C04885,84926.48,12132.354285714286,7,Bronze,run_20260808_212843,2026-08-08T21:28:54.819066+00:00
C04886,39610.42,13203.473333333333,3,Platinum,run_20260808_212843,2026-08-08T21:28:54.819066+00:00
C04887,24438.9,24438.9,1,Silver,run_20260808_212843,2026-08-08T21:28:54.819066+00:00
C04888,40037.07,6672.845,6,Silver,run_20260808_212843,2026-08-08T21:28:54.819066+00:00
C04889,38194.2,7638.839999999999,5,Platinum,run_20260808_212843,2026-08-08T21:28:54.819066+00:00
C04890,17311.8,5770.599999999999,3,Platinum,run_20260808_212843,2026-08-08T21:28:54.819066+00:00
C04891,20103.73,6701.243333333333,3,Platinum,run_20260808_212843,2026-08-08T21:28:54.819066+00:00
C04892,25515.22,4252.536666666667,6,Platinum,run_20260808_212843,2026-08-08T21:28:54.819066+00:00
C04893,13343.99,4447.996666666667,3,Bronze,run_20260808_212843,2026-08-08T21:28:54.819066+00:00
C04894,29583.37,9861.123333333333,3,Bronze,run_20260808_212843,2026-08-08T21:28:54.819066+00:00
C04895,65405.740000000005,9343.677142857143,7,Silver,run_20260808_212843,2026-08-08T21:28:54.819066+00:00
C04896,57050.57,11410.114,5,Gold,run_20260808_212843,2026-08-08T21:28:54.819066+00:00
C04897,29731.07,4955.178333333333,6,Silver,run_20260808_212843,2026-08-08T21:28:54.819066+00:00
C04898,53606.979999999996,8934.496666666666,6,Bronze,run_20260808_212843,2026-08-08T21:28:54.819066+00:00
C04899,33442.33,8360.5825,4,Silver,run_20260808_212843,2026-08-08T21:28:54.819066+00:00
C04900,24130.809999999998,8043.603333333333,3,Silver,run_20260808_212843,2026-08-08T21:28:54.819066+00:00
C04901,54533.4,10906.68,5,Bronze,run_20260808_212843,2026-08-08T21:28:54.819066+00:00
C04902,33154.380000000005,8288.595000000001,4,Gold,run_20260808_212843,2026-08-08T21:28:54.819066+00:00
C04903,40762.15,6793.691666666667,6,Bronze,run_20260808_212843,2026-08-08T21:28:54.819066+00:00
C04904,33677.64,6735.528,5,Silver,run_20260808_212843,2026-08-08T21:28:54.819066+00:00
C04905,25381.77,5076.354,5,Bronze,run_20260808_212843,2026-08-08T21:28:54.819066+00:00
C04906,49611.59,12402.8975,4,Gold,run_20260808_212843,2026-08-08T21:28:54.819066+00:00
C04907,22413.15,4482.63,5,Gold,run_20260808_212843,2026-08-08T21:28:54.819066+00:00
C04908,52875.450000000004,10575.09,5,Bronze,run_20260808_212843,2026-08-08T21:28:54.819066+00:00
C04909,32370.53,8092.6325,4,Bronze,run_20260808_212843,2026-08-08T21:28:54.819066+00:00
C04910,60223.83,10037.305,6,Bronze,run_20260808_212843,2026-08-08T21:28:54.819066+00:00
C04911,38044.56,6340.759999999999,6,Platinum,run_20260808_212843,2026-08-08T21:28:54.819066+00:00
C04912,67024.14,9574.877142857144,7,Silver,run_20260808_212843,2026-08-08T21:28:54.819066+00:00
C04913,49015.87,8169.311666666667,6,Silver,run_20260808_212843,2026-08-08T21:28:54.819066+00:00
C04914,65967.92,6596.7919999999995,10,Gold,run_20260808_212843,2026-08-08T21:28:54.819066+00:00
C04915,9346.2,4673.1,2,Silver,run_20260808_212843,2026-08-08T21:28:54.819066+00:00
C04916,32495.269999999997,8123.817499999999,4,Platinum,run_20260808_212843,2026-08-08T21:28:54.819066+00:00
C04917,44798.4,6399.771428571429,7,Gold,run_20260808_212843,2026-08-08T21:28:54.819066+00:00
C04918,50862.65,12715.6625,4,Bronze,run_20260808_212843,2026-08-08T21:28:54.819066+00:00
C04919,8280.68,8280.68,1,Bronze,run_20260808_212843,2026-08-08T21:28:54.819066+00:00
C04921,249.15,249.15,1,Gold,run_20260808_212843,2026-08-08T21:28:54.819066+00:00
C04922,38195.05,7639.01,5,Gold,run_20260808_212843,2026-08-08T21:28:54.819066+00:00
C04923,18153.4,6051.133333333334,3,Platinum,run_20260808_212843,2026-08-08T21:28:54.819066+00:00
C04924,61983.75,10330.625,6,Bronze,run_20260808_212843,2026-08-08T21:28:54.819066+00:00
C04925,70783.66,8847.9575,8,Platinum,run_20260808_212843,2026-08-08T21:28:54.819066+00:00
C04926,21970.88,5492.72,4,Bronze,run_20260808_212843,2026-08-08T21:28:54.819066+00:00
C04927,32238.36,6447.6720000000005,5,Gold,run_20260808_212843,2026-08-08T21:28:54.819066+00:00
C04928,5730.12,1910.04,3,Platinum,run_20260808_212843,2026-08-08T21:28:54.819066+00:00
C04929,3726.93,3726.93,1,Silver,run_20260808_212843,2026-08-08T21:28:54.819066+00:00
C04930,24079.9,8026.633333333334,3,Bronze,run_20260808_212843,2026-08-08T21:28:54.819066+00:00
C04931,9434.15,9434.15,1,Gold,run_20260808_212843,2026-08-08T21:28:54.819066+00:00
C04932,27958.760000000002,3494.8450000000003,8,Gold,run_20260808_212843,2026-08-08T21:28:54.819066+00:00
C04933,33197.979999999996,5532.996666666666,6,Platinum,run_20260808_212843,2026-08-08T21:28:54.819066+00:00
C04934,20982.550000000003,6994.183333333334,3,Silver,run_20260808_212843,2026-08-08T21:28:54.819066+00:00
C04935,59955.229999999996,8565.032857142856,7,Silver,run_20260808_212843,2026-08-08T21:28:54.819066+00:00
C04936,32750.23,10916.743333333334,3,Bronze,run_20260808_212843,2026-08-08T21:28:54.819066+00:00
C04937,53257.530000000006,8876.255000000001,6,Bronze,run_20260808_212843,2026-08-08T21:28:54.819066+00:00
C04938,46716.64,6673.805714285714,7,Bronze,run_20260808_212843,2026-08-08T21:28:54.819066+00:00
C04939,40599.44,6766.573333333334,6,Platinum,run_20260808_212843,2026-08-08T21:28:54.819066+00:00
C04940,26197.44,8732.48,3,Gold,run_20260808_212843,2026-08-08T21:28:54.819066+00:00
C04941,54268.94,9044.823333333334,6,Platinum,run_20260808_212843,2026-08-08T21:28:54.819066+00:00
C04942,27352.65,9117.550000000001,3,Gold,run_20260808_212843,2026-08-08T21:28:54.819066+00:00
C04943,55102.43,13775.6075,4,Gold,run_20260808_212843,2026-08-08T21:28:54.819066+00:00
C04944,74184.31999999999,10597.759999999998,7,Gold,run_20260808_212843,2026-08-08T21:28:54.819066+00:00
C04945,16886.879999999997,8443.439999999999,2,Silver,run_20260808_212843,2026-08-08T21:28:54.819066+00:00
C04946,59537.399999999994,11907.48,5,Platinum,run_20260808_212843,2026-08-08T21:28:54.819066+00:00
C04947,41880.12,8376.024000000001,5,Platinum,run_20260808_212843,2026-08-08T21:28:54.819066+00:00
C04948,8056.92,2685.64,3,Platinum,run_20260808_212843,2026-08-08T21:28:54.819066+00:00
C04949,26711.83,6677.9575,4,Silver,run_20260808_212843,2026-08-08T21:28:54.819066+00:00
C04950,31051.690000000002,4435.955714285715,7,Silver,run_20260808_212843,2026-08-08T21:28:54.819066+00:00
C04951,47023.97,6717.71,7,Gold,run_20260808_212843,2026-08-08T21:28:54.819066+00:00
C04952,54830.38,9138.396666666666,6,Silver,run_20260808_212843,2026-08-08T21:28:54.819066+00:00
C04953,37179.520000000004,7435.904,5,Bronze,run_20260808_212843,2026-08-08T21:28:54.819066+00:00
C04954,81027.0,11575.285714285714,7,Bronze,run_20260808_212843,2026-08-08T21:28:54.819066+00:00
C04955,29884.379999999997,7471.094999999999,4,Bronze,run_20260808_212843,2026-08-08T21:28:54.819066+00:00
C04956,16698.98,4174.745,4,Platinum,run_20260808_212843,2026-08-08T21:28:54.819066+00:00
C04957,33369.07,8342.2675,4,Bronze,run_20260808_212843,2026-08-08T21:28:54.819066+00:00
C04958,15178.439999999999,5059.48,3,Silver,run_20260808_212843,2026-08-08T21:28:54.819066+00:00
C04959,42153.72,6021.96,7,Platinum,run_20260808_212843,2026-08-08T21:28:54.819066+00:00
C04960,63649.619999999995,10608.269999999999,6,Platinum,run_20260808_212843,2026-08-08T21:28:54.819066+00:00
C04961,29288.87,4881.4783333333335,6,Bronze,run_20260808_212843,2026-08-08T21:28:54.819066+00:00
C04962,96517.77,6894.126428571429,14,Gold,run_20260808_212843,2026-08-08T21:28:54.819066+00:00
C04963,74889.67,12481.611666666666,6,Gold,run_20260808_212843,2026-08-08T21:28:54.819066+00:00
C04964,21008.440000000002,5252.110000000001,4,Silver,run_20260808_212843,2026-08-08T21:28:54.819066+00:00
C04965,65430.83,9347.261428571428,7,Bronze,run_20260808_212843,2026-08-08T21:28:54.819066+00:00
C04966,45557.32,11389.33,4,Silver,run_20260808_212843,2026-08-08T21:28:54.819066+00:00
C04967,67354.62,9622.08857142857,7,Gold,run_20260808_212843,2026-08-08T21:28:54.819066+00:00
C04968,54708.96,7815.565714285714,7,Gold,run_20260808_212843,2026-08-08T21:28:54.819066+00:00
C04969,61953.670000000006,8850.524285714286,7,Bronze,run_20260808_212843,2026-08-08T21:28:54.819066+00:00
C04970,4954.74,1651.58,3,Gold,run_20260808_212843,2026-08-08T21:28:54.819066+00:00
C04971,37805.270000000004,6300.878333333334,6,Gold,run_20260808_212843,2026-08-08T21:28:54.819066+00:00
C04972,43845.39,7307.565,6,Gold,run_20260808_212843,2026-08-08T21:28:54.819066+00:00
C04973,78440.03,11205.718571428572,7,Bronze,run_20260808_212843,2026-08-08T21:28:54.819066+00:00
C04974,32518.219999999998,6503.643999999999,5,Bronze,run_20260808_212843,2026-08-08T21:28:54.819066+00:00
C04975,69959.22,11659.87,6,Gold,run_20260808_212843,2026-08-08T21:28:54.819066+00:00
C04976,37326.92,4665.865,8,Gold,run_20260808_212843,2026-08-08T21:28:54.819066+00:00
C04977,16404.3,5468.099999999999,3,Platinum,run_20260808_212843,2026-08-08T21:28:54.819066+00:00
C04978,36178.39,9044.5975,4,Bronze,run_20260808_212843,2026-08-08T21:28:54.819066+00:00
C04979,24842.789999999997,8280.929999999998,3,Silver,run_20260808_212843,2026-08-08T21:28:54.819066+00:00
C04980,16881.24,8440.62,2,Silver,run_20260808_212843,2026-08-08T21:28:54.819066+00:00
C04981,45338.630000000005,9067.726,5,Gold,run_20260808_212843,2026-08-08T21:28:54.819066+00:00
C04982,6492.5,2164.1666666666665,3,Gold,run_20260808_212843,2026-08-08T21:28:54.819066+00:00
C04983,67613.23999999999,8451.654999999999,8,Platinum,run_20260808_212843,2026-08-08T21:28:54.819066+00:00
C04984,23264.260000000002,7754.753333333334,3,Platinum,run_20260808_212843,2026-08-08T21:28:54.819066+00:00
C04985,56590.759999999995,8084.394285714285,7,Bronze,run_20260808_212843,2026-08-08T21:28:54.819066+00:00
C04986,18124.65,9062.325,2,Silver,run_20260808_212843,2026-08-08T21:28:54.819066+00:00
C04987,60414.86,8630.694285714286,7,Platinum,run_20260808_212843,2026-08-08T21:28:54.819066+00:00
C04988,34716.84,5786.139999999999,6,Silver,run_20260808_212843,2026-08-08T21:28:54.819066+00:00
C04989,30005.52,7501.38,4,Platinum,run_20260808_212843,2026-08-08T21:28:54.819066+00:00
C04990,26209.17,6552.2925,4,Gold,run_20260808_212843,2026-08-08T21:28:54.819066+00:00
C04991,21845.42,3120.7742857142853,7,Platinum,run_20260808_212843,2026-08-08T21:28:54.819066+00:00
C04992,23082.989999999998,4616.598,5,Platinum,run_20260808_212843,2026-08-08T21:28:54.819066+00:00
C04993,44338.9,7389.816666666667,6,Bronze,run_20260808_212843,2026-08-08T21:28:54.819066+00:00
C04994,11406.04,5703.02,2,Gold,run_20260808_212843,2026-08-08T21:28:54.819066+00:00
C04995,51252.17,8542.028333333334,6,Gold,run_20260808_212843,2026-08-08T21:28:54.819066+00:00
C04996,17694.15,5898.05,3,Bronze,run_20260808_212843,2026-08-08T21:28:54.819066+00:00
C04997,54382.56,5438.255999999999,10,Silver,run_20260808_212843,2026-08-08T21:28:54.819066+00:00
C04998,33109.57,5518.261666666666,6,Gold,run_20260808_212843,2026-08-08T21:28:54.819066+00:00
C04999,31209.25,10403.083333333334,3,Gold,run_20260808_212843,2026-08-08T21:28:54.819066+00:00
C05000,70259.32,8782.415,8,Bronze,run_20260808_212843,2026-08-08T21:28:54.819066+00:00
C05001,30148.16,10049.386666666667,3,Silver,run_20260808_212843,2026-08-08T21:28:54.819066+00:00
C05002,12035.4,2407.08,5,Gold,run_20260808_212843,2026-08-08T21:28:54.819066+00:00
C05003,72671.93,12111.988333333333,6,Bronze,run_20260808_212843,2026-08-08T21:28:54.819066+00:00
C05004,39397.759999999995,9849.439999999999,4,Gold,run_20260808_212843,2026-08-08T21:28:54.819066+00:00
C05005,37360.94,7472.188,5,Platinum,run_20260808_212843,2026-08-08T21:28:54.819066+00:00
C05006,40034.52,6672.419999999999,6,Silver,run_20260808_212843,2026-08-08T21:28:54.819066+00:00
C05007,21745.2,7248.400000000001,3,Platinum,run_20260808_212843,2026-08-08T21:28:54.819066+00:00
C05008,15542.37,3885.5925,4,Silver,run_20260808_212843,2026-08-08T21:28:54.819066+00:00
C05009,55240.16,11048.032000000001,5,Bronze,run_20260808_212843,2026-08-08T21:28:54.819066+00:00
C05010,47353.75,9470.75,5,Gold,run_20260808_212843,2026-08-08T21:28:54.819066+00:00
C05011,30456.07,7614.0175,4,Gold,run_20260808_212843,2026-08-08T21:28:54.819066+00:00
C05012,43664.03,8732.806,5,Bronze,run_20260808_212843,2026-08-08T21:28:54.819066+00:00
C05013,29175.08,14587.54,2,Gold,run_20260808_212843,2026-08-08T21:28:54.819066+00:00
C05014,20461.79,5115.4475,4,Platinum,run_20260808_212843,2026-08-08T21:28:54.819066+00:00
C05015,6764.79,3382.395,2,Bronze,run_20260808_212843,2026-08-08T21:28:54.819066+00:00
C05016,52629.83,7518.547142857143,7,Platinum,run_20260808_212843,2026-08-08T21:28:54.819066+00:00
C05017,71169.58,10167.082857142857,7,Silver,run_20260808_212843,2026-08-08T21:28:54.819066+00:00
C05018,40010.63,5715.8042857142855,7,Gold,run_20260808_212843,2026-08-08T21:28:54.819066+00:00
C05019,5479.96,5479.96,1,Platinum,run_20260808_212843,2026-08-08T21:28:54.819066+00:00
C05020,13187.789999999999,4395.929999999999,3,Gold,run_20260808_212843,2026-08-08T21:28:54.819066+00:00
C05021,53243.39,10648.678,5,Silver,run_20260808_212843,2026-08-08T21:28:54.819066+00:00
C05022,21381.68,7127.2266666666665,3,Gold,run_20260808_212843,2026-08-08T21:28:54.819066+00:00
C05023,28877.54,14438.77,2,Silver,run_20260808_212843,2026-08-08T21:28:54.819066+00:00
C05024,11935.58,3978.5266666666666,3,Bronze,run_20260808_212843,2026-08-08T21:28:54.819066+00:00
C05025,36568.68,5224.097142857143,7,Gold,run_20260808_212843,2026-08-08T21:28:54.819066+00:00
C05026,37647.63,12549.21,3,Bronze,run_20260808_212843,2026-08-08T21:28:54.819066+00:00
C05027,56084.340000000004,8012.048571428572,7,Silver,run_20260808_212843,2026-08-08T21:28:54.819066+00:00
C05028,27756.6,6939.15,4,Bronze,run_20260808_212843,2026-08-08T21:28:54.819066+00:00
C05029,15994.27,3998.5675,4,Platinum,run_20260808_212843,2026-08-08T21:28:54.819066+00:00
C05030,22302.84,5575.71,4,Bronze,run_20260808_212843,2026-08-08T21:28:54.819066+00:00
C05031,35869.759999999995,5978.293333333332,6,Platinum,run_20260808_212843,2026-08-08T21:28:54.819066+00:00
C05032,15479.85,15479.85,1,Silver,run_20260808_212843,2026-08-08T21:28:54.819066+00:00
C05033,57915.55,11583.11,5,Silver,run_20260808_212843,2026-08-08T21:28:54.819066+00:00
C05034,36747.68,9186.92,4,Gold,run_20260808_212843,2026-08-08T21:28:54.819066+00:00
C05035,41016.18,6836.03,6,Platinum,run_20260808_212843,2026-08-08T21:28:54.819066+00:00
C05036,64555.76,9222.25142857143,7,Gold,run_20260808_212843,2026-08-08T21:28:54.819066+00:00
C05037,40896.57,10224.1425,4,Gold,run_20260808_212843,2026-08-08T21:28:54.819066+00:00
C05038,23305.95,4661.1900000000005,5,Silver,run_20260808_212843,2026-08-08T21:28:54.819066+00:00
C05039,31806.05,7951.5125,4,Bronze,run_20260808_212843,2026-08-08T21:28:54.819066+00:00
C05040,27683.27,3954.752857142857,7,Silver,run_20260808_212843,2026-08-08T21:28:54.819066+00:00
C05041,15257.88,15257.88,1,Silver,run_20260808_212843,2026-08-08T21:28:54.819066+00:00
C05042,43858.14,10964.535,4,Bronze,run_20260808_212843,2026-08-08T21:28:54.819066+00:00
C05043,34241.38,8560.345,4,Platinum,run_20260808_212843,2026-08-08T21:28:54.819066+00:00
C05044,45364.03,7560.671666666666,6,Platinum,run_20260808_212843,2026-08-08T21:28:54.819066+00:00
C05045,82506.17,8250.617,10,Bronze,run_20260808_212843,2026-08-08T21:28:54.819066+00:00
C05046,58367.66,5836.7660000000005,10,Bronze,run_20260808_212843,2026-08-08T21:28:54.819066+00:00
C05047,24677.870000000003,8225.956666666667,3,Gold,run_20260808_212843,2026-08-08T21:28:54.819066+00:00
C05048,42578.619999999995,7096.436666666666,6,Bronze,run_20260808_212843,2026-08-08T21:28:54.819066+00:00
C05049,33267.04,6653.408,5,Bronze,run_20260808_212843,2026-08-08T21:28:54.819066+00:00
C05050,46966.47,11741.6175,4,Gold,run_20260808_212843,2026-08-08T21:28:54.819066+00:00
C05051,53116.49,8852.748333333333,6,Platinum,run_20260808_212843,2026-08-08T21:28:54.819066+00:00
C05052,33733.32,6746.664,5,Bronze,run_20260808_212843,2026-08-08T21:28:54.819066+00:00
C05053,28741.739999999998,7185.4349999999995,4,Bronze,run_20260808_212843,2026-08-08T21:28:54.819066+00:00
C05055,48055.46,9611.092,5,Bronze,run_20260808_212843,2026-08-08T21:28:54.819066+00:00
C05056,70150.38,8768.7975,8,Gold,run_20260808_212843,2026-08-08T21:28:54.819066+00:00
C05057,28632.85,7158.2125,4,Silver,run_20260808_212843,2026-08-08T21:28:54.819066+00:00
C05058,51928.68,8654.78,6,Gold,run_20260808_212843,2026-08-08T21:28:54.819066+00:00
C05059,18780.56,3756.112,5,Silver,run_20260808_212843,2026-08-08T21:28:54.819066+00:00
C05060,31970.620000000003,5328.436666666667,6,Silver,run_20260808_212843,2026-08-08T21:28:54.819066+00:00
C05061,81011.77,9001.307777777778,9,Gold,run_20260808_212843,2026-08-08T21:28:54.819066+00:00
C05062,35852.86,5975.4766666666665,6,Gold,run_20260808_212843,2026-08-08T21:28:54.819066+00:00
C05063,70442.31,11740.385,6,Gold,run_20260808_212843,2026-08-08T21:28:54.819066+00:00
C05064,52965.59,7566.512857142857,7,Platinum,run_20260808_212843,2026-08-08T21:28:54.819066+00:00
C05065,8127.9,4063.95,2,Bronze,run_20260808_212843,2026-08-08T21:28:54.819066+00:00
C05066,27006.09,3858.0128571428572,7,Gold,run_20260808_212843,2026-08-08T21:28:54.819066+00:00
C05067,19978.600000000002,3329.766666666667,6,Silver,run_20260808_212843,2026-08-08T21:28:54.819066+00:00
C05068,13285.91,6642.955,2,Silver,run_20260808_212843,2026-08-08T21:28:54.819066+00:00
C05069,28957.63,7239.4075,4,Gold,run_20260808_212843,2026-08-08T21:28:54.819066+00:00
C05070,31012.42,10337.473333333333,3,Bronze,run_20260808_212843,2026-08-08T21:28:54.819066+00:00
C05071,37120.0,12373.333333333334,3,Bronze,run_20260808_212843,2026-08-08T21:28:54.819066+00:00
C05072,41193.31,8238.662,5,Bronze,run_20260808_212843,2026-08-08T21:28:54.819066+00:00
C05073,18866.3,6288.766666666666,3,Silver,run_20260808_212843,2026-08-08T21:28:54.819066+00:00
C05074,30910.8,6182.16,5,Gold,run_20260808_212843,2026-08-08T21:28:54.819066+00:00
C05075,9588.32,4794.16,2,Gold,run_20260808_212843,2026-08-08T21:28:54.819066+00:00
C05076,28368.739999999998,7092.1849999999995,4,Gold,run_20260808_212843,2026-08-08T21:28:54.819066+00:00
C05077,70981.49,7886.832222222223,9,Silver,run_20260808_212843,2026-08-08T21:28:54.819066+00:00
C05078,24534.41,4906.882,5,Gold,run_20260808_212843,2026-08-08T21:28:54.819066+00:00
C05079,23809.030000000002,5952.257500000001,4,Silver,run_20260808_212843,2026-08-08T21:28:54.819066+00:00
C05080,11606.6,11606.6,1,Silver,run_20260808_212843,2026-08-08T21:28:54.819066+00:00
C05081,34035.13,5672.5216666666665,6,Bronze,run_20260808_212843,2026-08-08T21:28:54.819066+00:00
C05082,78506.59,9813.32375,8,Gold,run_20260808_212843,2026-08-08T21:28:54.819066+00:00
C05083,35702.79,11900.93,3,Gold,run_20260808_212843,2026-08-08T21:28:54.819066+00:00
C05084,31327.57,10442.523333333333,3,Platinum,run_20260808_212843,2026-08-08T21:28:54.819066+00:00
C05085,44977.009999999995,11244.252499999999,4,Bronze,run_20260808_212843,2026-08-08T21:28:54.819066+00:00
C05086,25380.88,8460.293333333333,3,Silver,run_20260808_212843,2026-08-08T21:28:54.819066+00:00
C05087,24299.160000000003,8099.720000000001,3,Bronze,run_20260808_212843,2026-08-08T21:28:54.819066+00:00
C05088,57761.5,9626.916666666666,6,Platinum,run_20260808_212843,2026-08-08T21:28:54.819066+00:00
C05089,30136.34,6027.268,5,Bronze,run_20260808_212843,2026-08-08T21:28:54.819066+00:00
C05090,14063.93,7031.965,2,Bronze,run_20260808_212843,2026-08-08T21:28:54.819066+00:00
C05091,25937.9,8645.966666666667,3,Platinum,run_20260808_212843,2026-08-08T21:28:54.819066+00:00
C05092,24214.77,4842.954,5,Bronze,run_20260808_212843,2026-08-08T21:28:54.819066+00:00
C05093,50276.92999999999,10055.385999999999,5,Bronze,run_20260808_212843,2026-08-08T21:28:54.819066+00:00
C05094,9839.91,2459.9775,4,Platinum,run_20260808_212843,2026-08-08T21:28:54.819066+00:00
C05095,4606.71,4606.71,1,Platinum,run_20260808_212843,2026-08-08T21:28:54.819066+00:00
C05096,12587.16,3146.79,4,Silver,run_20260808_212843,2026-08-08T21:28:54.819066+00:00
C05097,38317.04,6386.173333333333,6,Platinum,run_20260808_212843,2026-08-08T21:28:54.819066+00:00
C05098,19072.35,19072.35,1,Gold,run_20260808_212843,2026-08-08T21:28:54.819066+00:00
C05099,55128.64,9188.106666666667,6,Gold,run_20260808_212843,2026-08-08T21:28:54.819066+00:00
C05100,12140.67,3035.1675,4,Gold,run_20260808_212843,2026-08-08T21:28:54.819066+00:00
C05101,10291.369999999999,5145.6849999999995,2,Silver,run_20260808_212843,2026-08-08T21:28:54.819066+00:00
C05102,24627.160000000003,12313.580000000002,2,Bronze,run_20260808_212843,2026-08-08T21:28:54.819066+00:00
C05103,18486.5,3697.3,5,Platinum,run_20260808_212843,2026-08-08T21:28:54.819066+00:00
C05104,16643.53,5547.843333333333,3,Silver,run_20260808_212843,2026-08-08T21:28:54.819066+00:00
C05105,51903.25,7414.75,7,Bronze,run_20260808_212843,2026-08-08T21:28:54.819066+00:00
C05106,17610.88,5870.293333333334,3,Platinum,run_20260808_212843,2026-08-08T21:28:54.819066+00:00
C05107,43749.8,7291.633333333334,6,Bronze,run_20260808_212843,2026-08-08T21:28:54.819066+00:00
C05108,103450.56,8620.88,12,Platinum,run_20260808_212843,2026-08-08T21:28:54.819066+00:00
C05109,19675.44,19675.44,1,Gold,run_20260808_212843,2026-08-08T21:28:54.819066+00:00
C05110,11336.05,2834.0125,4,Platinum,run_20260808_212843,2026-08-08T21:28:54.819066+00:00
C05111,46662.600000000006,7777.100000000001,6,Platinum,run_20260808_212843,2026-08-08T21:28:54.819066+00:00
C05112,26259.96,13129.98,2,Silver,run_20260808_212843,2026-08-08T21:28:54.819066+00:00
C05113,36946.34,6157.723333333332,6,Silver,run_20260808_212843,2026-08-08T21:28:54.819066+00:00
C05114,22952.29,5738.0725,4,Silver,run_20260808_212843,2026-08-08T21:28:54.819066+00:00
C05115,42184.229999999996,8436.846,5,Gold,run_20260808_212843,2026-08-08T21:28:54.819066+00:00
C05116,81171.9,10146.4875,8,Gold,run_20260808_212843,2026-08-08T21:28:54.819066+00:00
C05117,55433.4,11086.68,5,Platinum,run_20260808_212843,2026-08-08T21:28:54.819066+00:00
C05118,36791.4,9197.85,4,Silver,run_20260808_212843,2026-08-08T21:28:54.819066+00:00
C05119,34432.68,6886.536,5,Gold,run_20260808_212843,2026-08-08T21:28:54.819066+00:00
C05120,36116.25,9029.0625,4,Gold,run_20260808_212843,2026-08-08T21:28:54.819066+00:00
C05121,46953.5,6707.642857142857,7,Platinum,run_20260808_212843,2026-08-08T21:28:54.819066+00:00
C05122,28139.46,7034.865,4,Platinum,run_20260808_212843,2026-08-08T21:28:54.819066+00:00
C05123,46274.05,9254.810000000001,5,Bronze,run_20260808_212843,2026-08-08T21:28:54.819066+00:00
C05124,33462.65,5577.108333333334,6,Bronze,run_20260808_212843,2026-08-08T21:28:54.819066+00:00
C05125,40269.740000000005,5752.820000000001,7,Platinum,run_20260808_212843,2026-08-08T21:28:54.819066+00:00
C05126,10872.51,3624.17,3,Bronze,run_20260808_212843,2026-08-08T21:28:54.819066+00:00
C05127,65021.1,7224.566666666667,9,Gold,run_20260808_212843,2026-08-08T21:28:54.819066+00:00
C05128,48146.95,8024.491666666666,6,Platinum,run_20260808_212843,2026-08-08T21:28:54.819066+00:00
C05129,6561.88,3280.94,2,Platinum,run_20260808_212843,2026-08-08T21:28:54.819066+00:00
C05130,28722.300000000003,7180.575000000001,4,Silver,run_20260808_212843,2026-08-08T21:28:54.819066+00:00
C05131,46783.71,6683.387142857143,7,Gold,run_20260808_212843,2026-08-08T21:28:54.819066+00:00
C05132,7437.969999999999,2479.3233333333333,3,Gold,run_20260808_212843,2026-08-08T21:28:54.819066+00:00
C05133,4507.62,4507.62,1,Silver,run_20260808_212843,2026-08-08T21:28:54.819066+00:00
C05134,90070.03,11258.75375,8,Bronze,run_20260808_212843,2026-08-08T21:28:54.819066+00:00
C05135,64882.130000000005,8110.266250000001,8,Platinum,run_20260808_212843,2026-08-08T21:28:54.819066+00:00
C05136,38366.73,7673.3460000000005,5,Bronze,run_20260808_212843,2026-08-08T21:28:54.819066+00:00
C05137,6303.52,6303.52,1,Gold,run_20260808_212843,2026-08-08T21:28:54.819066+00:00
C05138,6595.57,3297.785,2,Bronze,run_20260808_212843,2026-08-08T21:28:54.819066+00:00
C05139,17427.33,5809.110000000001,3,Gold,run_20260808_212843,2026-08-08T21:28:54.819066+00:00
C05140,23796.19,7932.063333333333,3,Platinum,run_20260808_212843,2026-08-08T21:28:54.819066+00:00
C05141,31523.71,7880.9275,4,Platinum,run_20260808_212843,2026-08-08T21:28:54.819066+00:00
C05142,15414.689999999999,5138.23,3,Platinum,run_20260808_212843,2026-08-08T21:28:54.819066+00:00
C05143,35260.83,11753.61,3,Silver,run_20260808_212843,2026-08-08T21:28:54.819066+00:00
C05144,13601.15,6800.575,2,Silver,run_20260808_212843,2026-08-08T21:28:54.819066+00:00
C05146,32699.93,5449.988333333334,6,Platinum,run_20260808_212843,2026-08-08T21:28:54.819066+00:00
C05147,70981.68,6452.879999999999,11,Platinum,run_20260808_212843,2026-08-08T21:28:54.819066+00:00
C05148,23998.26,5999.565,4,Bronze,run_20260808_212843,2026-08-08T21:28:54.819066+00:00
C05149,16120.69,3224.138,5,Gold,run_20260808_212843,2026-08-08T21:28:54.819066+00:00
C05150,24984.13,6246.0325,4,Silver,run_20260808_212843,2026-08-08T21:28:54.819066+00:00
C05151,20882.67,10441.335,2,Platinum,run_20260808_212843,2026-08-08T21:28:54.819066+00:00
C05152,9810.16,3270.0533333333333,3,Platinum,run_20260808_212843,2026-08-08T21:28:54.819066+00:00
C05153,60994.719999999994,8713.531428571428,7,Gold,run_20260808_212843,2026-08-08T21:28:54.819066+00:00
C05154,54524.76,6815.595,8,Silver,run_20260808_212843,2026-08-08T21:28:54.819066+00:00
C05155,47708.869999999995,11927.217499999999,4,Silver,run_20260808_212843,2026-08-08T21:28:54.819066+00:00
C05156,18542.56,6180.8533333333335,3,Bronze,run_20260808_212843,2026-08-08T21:28:54.819066+00:00
C05157,11734.1,1955.6833333333334,6,Platinum,run_20260808_212843,2026-08-08T21:28:54.819066+00:00
C05158,54272.15,4933.831818181819,11,Bronze,run_20260808_212843,2026-08-08T21:28:54.819066+00:00
C05159,56155.31,9359.218333333332,6,Platinum,run_20260808_212843,2026-08-08T21:28:54.819066+00:00
C05160,43981.26,6283.037142857143,7,Gold,run_20260808_212843,2026-08-08T21:28:54.819066+00:00
C05161,15892.03,5297.343333333333,3,Bronze,run_20260808_212843,2026-08-08T21:28:54.819066+00:00
C05162,16503.21,3300.642,5,Platinum,run_20260808_212843,2026-08-08T21:28:54.819066+00:00
C05163,43605.29,7267.548333333333,6,Silver,run_20260808_212843,2026-08-08T21:28:54.819066+00:00
C05164,37840.78,9460.195,4,Gold,run_20260808_212843,2026-08-08T21:28:54.819066+00:00
C05165,50378.619999999995,6297.327499999999,8,Platinum,run_20260808_212843,2026-08-08T21:28:54.819066+00:00
C05166,27847.99,9282.663333333334,3,Bronze,run_20260808_212843,2026-08-08T21:28:54.819066+00:00
C05167,40550.16,10137.54,4,Bronze,run_20260808_212843,2026-08-08T21:28:54.819066+00:00
C05168,15342.16,7671.08,2,Platinum,run_20260808_212843,2026-08-08T21:28:54.819066+00:00
C05169,17029.94,4257.485,4,Gold,run_20260808_212843,2026-08-08T21:28:54.819066+00:00
C05170,30993.789999999997,5165.631666666666,6,Platinum,run_20260808_212843,2026-08-08T21:28:54.819066+00:00
C05171,28597.81,7149.4525,4,Bronze,run_20260808_212843,2026-08-08T21:28:54.819066+00:00
C05172,3531.27,3531.27,1,Bronze,run_20260808_212843,2026-08-08T21:28:54.819066+00:00
C05173,52408.22,6551.0275,8,Silver,run_20260808_212843,2026-08-08T21:28:54.819066+00:00
C05174,22548.55,11274.275,2,Silver,run_20260808_212843,2026-08-08T21:28:54.819066+00:00
C05175,23106.190000000002,5776.547500000001,4,Bronze,run_20260808_212843,2026-08-08T21:28:54.819066+00:00
C05176,50571.310000000005,5619.034444444445,9,Silver,run_20260808_212843,2026-08-08T21:28:54.819066+00:00
C05177,48102.92,9620.583999999999,5,Silver,run_20260808_212843,2026-08-08T21:28:54.819066+00:00
C05178,11060.05,5530.025,2,Platinum,run_20260808_212843,2026-08-08T21:28:54.819066+00:00
C05179,32033.29,8008.3225,4,Gold,run_20260808_212843,2026-08-08T21:28:54.819066+00:00
C05180,52908.54,8818.09,6,Platinum,run_20260808_212843,2026-08-08T21:28:54.819066+00:00
C05181,26719.239999999998,8906.413333333332,3,Platinum,run_20260808_212843,2026-08-08T21:28:54.819066+00:00
C05182,48154.68,12038.67,4,Silver,run_20260808_212843,2026-08-08T21:28:54.819066+00:00
C05183,32425.85,10808.616666666667,3,Silver,run_20260808_212843,2026-08-08T21:28:54.819066+00:00
C05184,21048.670000000002,5262.1675000000005,4,Gold,run_20260808_212843,2026-08-08T21:28:54.819066+00:00
C05185,59395.01,8485.00142857143,7,Gold,run_20260808_212843,2026-08-08T21:28:54.819066+00:00
C05186,70965.42,14193.083999999999,5,Gold,run_20260808_212843,2026-08-08T21:28:54.819066+00:00
C05187,8890.48,4445.24,2,Platinum,run_20260808_212843,2026-08-08T21:28:54.819066+00:00
C05188,67657.0,6765.7,10,Gold,run_20260808_212843,2026-08-08T21:28:54.819066+00:00
C05189,53143.43,7591.918571428571,7,Bronze,run_20260808_212843,2026-08-08T21:28:54.819066+00:00
C05190,48465.82,6923.688571428572,7,Bronze,run_20260808_212843,2026-08-08T21:28:54.819066+00:00
C05191,34117.36,11372.453333333333,3,Platinum,run_20260808_212843,2026-08-08T21:28:54.819066+00:00
C05192,3075.96,1537.98,2,Silver,run_20260808_212843,2026-08-08T21:28:54.819066+00:00
C05193,45171.05,11292.7625,4,Gold,run_20260808_212843,2026-08-08T21:28:54.819066+00:00
C05194,30078.25,7519.5625,4,Bronze,run_20260808_212843,2026-08-08T21:28:54.819066+00:00
C05195,56426.58,7053.3225,8,Gold,run_20260808_212843,2026-08-08T21:28:54.819066+00:00
C05196,65480.07,10913.345,6,Bronze,run_20260808_212843,2026-08-08T21:28:54.819066+00:00
C05197,29611.36,9870.453333333333,3,Bronze,run_20260808_212843,2026-08-08T21:28:54.819066+00:00
C05198,91301.45,11412.68125,8,Gold,run_20260808_212843,2026-08-08T21:28:54.819066+00:00
C05199,30332.17,6066.433999999999,5,Bronze,run_20260808_212843,2026-08-08T21:28:54.819066+00:00
C05201,55735.84,13933.96,4,Bronze,run_20260808_212843,2026-08-08T21:28:54.819066+00:00
C05202,51297.49,12824.3725,4,Silver,run_20260808_212843,2026-08-08T21:28:54.819066+00:00
C05203,36468.64,7293.728,5,Platinum,run_20260808_212843,2026-08-08T21:28:54.819066+00:00
C05204,24476.78,4895.356,5,Platinum,run_20260808_212843,2026-08-08T21:28:54.819066+00:00
C05205,40757.61,10189.4025,4,Gold,run_20260808_212843,2026-08-08T21:28:54.819066+00:00
C05206,8945.64,4472.82,2,Platinum,run_20260808_212843,2026-08-08T21:28:54.819066+00:00
C05207,49962.630000000005,7137.518571428572,7,Platinum,run_20260808_212843,2026-08-08T21:28:54.819066+00:00
C05208,35175.49,5862.581666666666,6,Platinum,run_20260808_212843,2026-08-08T21:28:54.819066+00:00
C05209,29302.04,7325.51,4,Platinum,run_20260808_212843,2026-08-08T21:28:54.819066+00:00
C05210,38958.55,9739.6375,4,Silver,run_20260808_212843,2026-08-08T21:28:54.819066+00:00
C05211,30312.68,10104.226666666667,3,Silver,run_20260808_212843,2026-08-08T21:28:54.819066+00:00
C05212,19606.3,9803.15,2,Platinum,run_20260808_212843,2026-08-08T21:28:54.819066+00:00
C05213,33506.53,11168.843333333332,3,Silver,run_20260808_212843,2026-08-08T21:28:54.819066+00:00
C05214,36810.63,6135.105,6,Silver,run_20260808_212843,2026-08-08T21:28:54.819066+00:00
C05215,40544.159999999996,6757.36,6,Platinum,run_20260808_212843,2026-08-08T21:28:54.819066+00:00
C05216,54795.58,7827.9400000000005,7,Gold,run_20260808_212843,2026-08-08T21:28:54.819066+00:00
C05217,131776.7,11979.7,11,Platinum,run_20260808_212843,2026-08-08T21:28:54.819066+00:00
C05218,2706.8,1353.4,2,Silver,run_20260808_212843,2026-08-08T21:28:54.819066+00:00
C05219,60942.21,6771.356666666667,9,Gold,run_20260808_212843,2026-08-08T21:28:54.819066+00:00
C05220,87359.19,14559.865,6,Silver,run_20260808_212843,2026-08-08T21:28:54.819066+00:00
C05221,70438.84999999999,7043.884999999999,10,Silver,run_20260808_212843,2026-08-08T21:28:54.819066+00:00
C05222,20938.43,6979.4766666666665,3,Bronze,run_20260808_212843,2026-08-08T21:28:54.819066+00:00
C05223,43200.07,6171.438571428572,7,Bronze,run_20260808_212843,2026-08-08T21:28:54.819066+00:00
C05224,48543.19,9708.638,5,Bronze,run_20260808_212843,2026-08-08T21:28:54.819066+00:00
C05225,34727.79,5787.965,6,Silver,run_20260808_212843,2026-08-08T21:28:54.819066+00:00
C05226,36130.92,5161.5599999999995,7,Platinum,run_20260808_212843,2026-08-08T21:28:54.819066+00:00
C05227,29554.38,4925.7300000000005,6,Platinum,run_20260808_212843,2026-08-08T21:28:54.819066+00:00
C05228,72012.44,12002.073333333334,6,Silver,run_20260808_212843,2026-08-08T21:28:54.819066+00:00
C05229,22570.11,5642.5275,4,Bronze,run_20260808_212843,2026-08-08T21:28:54.819066+00:00
C05230,5402.28,5402.28,1,Silver,run_20260808_212843,2026-08-08T21:28:54.819066+00:00
C05231,34441.259999999995,5740.209999999999,6,Platinum,run_20260808_212843,2026-08-08T21:28:54.819066+00:00
C05232,32287.79,8071.9475,4,Platinum,run_20260808_212843,2026-08-08T21:28:54.819066+00:00
C05233,21846.8,3641.133333333333,6,Platinum,run_20260808_212843,2026-08-08T21:28:54.819066+00:00
C05234,44419.75,6345.678571428572,7,Silver,run_20260808_212843,2026-08-08T21:28:54.819066+00:00
C05235,42793.479999999996,6113.354285714285,7,Platinum,run_20260808_212843,2026-08-08T21:28:54.819066+00:00
C05236,44331.130000000005,7388.521666666667,6,Platinum,run_20260808_212843,2026-08-08T21:28:54.819066+00:00
C05237,30679.800000000003,5113.3,6,Platinum,run_20260808_212843,2026-08-08T21:28:54.819066+00:00
C05238,63536.68,10589.446666666667,6,Platinum,run_20260808_212843,2026-08-08T21:28:54.819066+00:00
C05239,76706.48000000001,12784.413333333336,6,Gold,run_20260808_212843,2026-08-08T21:28:54.819066+00:00
C05240,27260.87,9086.956666666667,3,Silver,run_20260808_212843,2026-08-08T21:28:54.819066+00:00
C05241,26606.77,3325.84625,8,Silver,run_20260808_212843,2026-08-08T21:28:54.819066+00:00
C05242,47985.04,7997.506666666667,6,Platinum,run_20260808_212843,2026-08-08T21:28:54.819066+00:00
C05243,27874.229999999996,5574.846,5,Bronze,run_20260808_212843,2026-08-08T21:28:54.819066+00:00
C05244,22148.5,22148.5,1,Platinum,run_20260808_212843,2026-08-08T21:28:54.819066+00:00
C05245,54060.66,13515.165,4,Silver,run_20260808_212843,2026-08-08T21:28:54.819066+00:00
C05246,26817.08,4469.513333333333,6,Gold,run_20260808_212843,2026-08-08T21:28:54.819066+00:00
C05247,56474.46,8067.78,7,Platinum,run_20260808_212843,2026-08-08T21:28:54.819066+00:00
C05248,60157.15,10026.191666666668,6,Gold,run_20260808_212843,2026-08-08T21:28:54.819066+00:00
C05249,29986.06,4997.676666666667,6,Bronze,run_20260808_212843,2026-08-08T21:28:54.819066+00:00
C05250,18250.66,6083.553333333333,3,Bronze,run_20260808_212843,2026-08-08T21:28:54.819066+00:00
C05251,31471.260000000002,10490.42,3,Platinum,run_20260808_212843,2026-08-08T21:28:54.819066+00:00
C05252,76587.6,12764.6,6,Gold,run_20260808_212843,2026-08-08T21:28:54.819066+00:00
C05253,38029.08,9507.27,4,Bronze,run_20260808_212843,2026-08-08T21:28:54.819066+00:00
C05254,49178.46,7025.494285714286,7,Platinum,run_20260808_212843,2026-08-08T21:28:54.819066+00:00
C05255,71738.27,10248.324285714287,7,Bronze,run_20260808_212843,2026-08-08T21:28:54.819066+00:00
C05256,28949.61,4135.658571428571,7,Silver,run_20260808_212843,2026-08-08T21:28:54.819066+00:00
C05257,5931.6,1977.2,3,Gold,run_20260808_212843,2026-08-08T21:28:54.819066+00:00
C05258,38308.21,5472.601428571428,7,Platinum,run_20260808_212843,2026-08-08T21:28:54.819066+00:00
C05259,61519.86,10253.31,6,Bronze,run_20260808_212843,2026-08-08T21:28:54.819066+00:00
C05260,33318.33,16659.165,2,Bronze,run_20260808_212843,2026-08-08T21:28:54.819066+00:00
C05261,19994.45,19994.45,1,Silver,run_20260808_212843,2026-08-08T21:28:54.819066+00:00
C05262,8457.41,2819.1366666666668,3,Platinum,run_20260808_212843,2026-08-08T21:28:54.819066+00:00
C05263,52191.45,8698.574999999999,6,Bronze,run_20260808_212843,2026-08-08T21:28:54.819066+00:00
C05264,66506.82,7389.646666666667,9,Gold,run_20260808_212843,2026-08-08T21:28:54.819066+00:00
C05265,29887.550000000003,5977.51,5,Bronze,run_20260808_212843,2026-08-08T21:28:54.819066+00:00
C05266,73291.44,8143.493333333334,9,Gold,run_20260808_212843,2026-08-08T21:28:54.819066+00:00
C05267,54738.369999999995,7819.767142857142,7,Bronze,run_20260808_212843,2026-08-08T21:28:54.819066+00:00
C05268,3020.74,3020.74,1,Platinum,run_20260808_212843,2026-08-08T21:28:54.819066+00:00
C05269,66495.59,9499.369999999999,7,Platinum,run_20260808_212843,2026-08-08T21:28:54.819066+00:00
C05270,32781.03,5463.505,6,Platinum,run_20260808_212843,2026-08-08T21:28:54.819066+00:00
C05271,37315.93,7463.186,5,Gold,run_20260808_212843,2026-08-08T21:28:54.819066+00:00
C05272,19493.82,6497.94,3,Platinum,run_20260808_212843,2026-08-08T21:28:54.819066+00:00
C05273,22085.13,4417.026,5,Gold,run_20260808_212843,2026-08-08T21:28:54.819066+00:00
C05274,58417.73,8345.390000000001,7,Gold,run_20260808_212843,2026-08-08T21:28:54.819066+00:00
C05275,26555.629999999997,6638.907499999999,4,Gold,run_20260808_212843,2026-08-08T21:28:54.819066+00:00
C05276,28051.929999999997,9350.643333333332,3,Silver,run_20260808_212843,2026-08-08T21:28:54.819066+00:00
C05277,45625.38,11406.345,4,Bronze,run_20260808_212843,2026-08-08T21:28:54.819066+00:00
C05278,72568.93000000001,10366.990000000002,7,Gold,run_20260808_212843,2026-08-08T21:28:54.819066+00:00
C05279,45874.659999999996,7645.776666666666,6,Gold,run_20260808_212843,2026-08-08T21:28:54.819066+00:00
C05280,50828.96,8471.493333333334,6,Bronze,run_20260808_212843,2026-08-08T21:28:54.819066+00:00
C05281,40320.72,20160.36,2,Platinum,run_20260808_212843,2026-08-08T21:28:54.819066+00:00
C05282,27060.02,6765.005,4,Silver,run_20260808_212843,2026-08-08T21:28:54.819066+00:00
C05283,41609.9,6934.983333333334,6,Bronze,run_20260808_212843,2026-08-08T21:28:54.819066+00:00
C05284,24334.1,6083.525,4,Gold,run_20260808_212843,2026-08-08T21:28:54.819066+00:00
C05285,39553.54,6592.256666666667,6,Bronze,run_20260808_212843,2026-08-08T21:28:54.819066+00:00
C05286,36479.03999999999,7295.807999999999,5,Gold,run_20260808_212843,2026-08-08T21:28:54.819066+00:00
C05287,59605.77,9934.295,6,Platinum,run_20260808_212843,2026-08-08T21:28:54.819066+00:00
C05288,3831.9700000000003,1915.9850000000001,2,Bronze,run_20260808_212843,2026-08-08T21:28:54.819066+00:00
C05289,18803.940000000002,9401.970000000001,2,Silver,run_20260808_212843,2026-08-08T21:28:54.819066+00:00
C05290,27208.09,4534.681666666666,6,Bronze,run_20260808_212843,2026-08-08T21:28:54.819066+00:00
C05291,3841.96,3841.96,1,Gold,run_20260808_212843,2026-08-08T21:28:54.819066+00:00
C05293,9784.65,9784.65,1,Silver,run_20260808_212843,2026-08-08T21:28:54.819066+00:00
C05294,3466.2,1733.1,2,Gold,run_20260808_212843,2026-08-08T21:28:54.819066+00:00
C05295,12299.05,6149.525,2,Gold,run_20260808_212843,2026-08-08T21:28:54.819066+00:00
C05296,35984.270000000004,8996.067500000001,4,Gold,run_20260808_212843,2026-08-08T21:28:54.819066+00:00
C05297,22691.55,5672.8875,4,Bronze,run_20260808_212843,2026-08-08T21:28:54.819066+00:00
C05298,21868.53,5467.1325,4,Bronze,run_20260808_212843,2026-08-08T21:28:54.819066+00:00
C05299,23887.489999999998,5971.8724999999995,4,Silver,run_20260808_212843,2026-08-08T21:28:54.819066+00:00
C05300,66004.21,8250.52625,8,Silver,run_20260808_212843,2026-08-08T21:28:54.819066+00:00
C05301,30695.380000000005,6139.076000000001,5,Platinum,run_20260808_212843,2026-08-08T21:28:54.819066+00:00
C05302,54134.45,10826.89,5,Gold,run_20260808_212843,2026-08-08T21:28:54.819066+00:00
C05303,35821.270000000004,11940.423333333334,3,Silver,run_20260808_212843,2026-08-08T21:28:54.819066+00:00
C05304,12474.35,12474.35,1,Gold,run_20260808_212843,2026-08-08T21:28:54.819066+00:00
C05305,17459.079999999998,4364.7699999999995,4,Silver,run_20260808_212843,2026-08-08T21:28:54.819066+00:00
C05306,68138.29000000001,6813.829000000001,10,Platinum,run_20260808_212843,2026-08-08T21:28:54.819066+00:00
C05307,32910.25,10970.083333333334,3,Silver,run_20260808_212843,2026-08-08T21:28:54.819066+00:00
C05308,30997.79,7749.4475,4,Bronze,run_20260808_212843,2026-08-08T21:28:54.819066+00:00
C05309,7382.46,2460.82,3,Gold,run_20260808_212843,2026-08-08T21:28:54.819066+00:00
C05310,30078.44,7519.61,4,Bronze,run_20260808_212843,2026-08-08T21:28:54.819066+00:00
C05311,24767.629999999997,8255.876666666665,3,Silver,run_20260808_212843,2026-08-08T21:28:54.819066+00:00
C05312,18092.68,6030.893333333333,3,Silver,run_20260808_212843,2026-08-08T21:28:54.819066+00:00
C05313,67642.06999999999,11273.678333333331,6,Platinum,run_20260808_212843,2026-08-08T21:28:54.819066+00:00
C05314,24426.19,12213.095,2,Platinum,run_20260808_212843,2026-08-08T21:28:54.819066+00:00
C05315,28898.92,7224.73,4,Platinum,run_20260808_212843,2026-08-08T21:28:54.819066+00:00
C05316,7159.5,3579.75,2,Silver,run_20260808_212843,2026-08-08T21:28:54.819066+00:00
C05317,14310.5,4770.166666666667,3,Platinum,run_20260808_212843,2026-08-08T21:28:54.819066+00:00
C05318,11822.220000000001,3940.7400000000002,3,Silver,run_20260808_212843,2026-08-08T21:28:54.819066+00:00
C05319,97517.07,13931.01,7,Silver,run_20260808_212843,2026-08-08T21:28:54.819066+00:00
C05320,26854.12,8951.373333333333,3,Gold,run_20260808_212843,2026-08-08T21:28:54.819066+00:00
C05321,28734.44,7183.61,4,Bronze,run_20260808_212843,2026-08-08T21:28:54.819066+00:00
C05322,42675.18,10668.795,4,Gold,run_20260808_212843,2026-08-08T21:28:54.819066+00:00
C05323,17346.03,5782.009999999999,3,Bronze,run_20260808_212843,2026-08-08T21:28:54.819066+00:00
C05324,29362.96,7340.74,4,Bronze,run_20260808_212843,2026-08-08T21:28:54.819066+00:00
C05325,49691.07,8281.845,6,Silver,run_20260808_212843,2026-08-08T21:28:54.819066+00:00
C05326,40312.47,6718.745,6,Platinum,run_20260808_212843,2026-08-08T21:28:54.819066+00:00
C05327,46663.02,7777.169999999999,6,Platinum,run_20260808_212843,2026-08-08T21:28:54.819066+00:00
C05328,53450.86,8908.476666666667,6,Platinum,run_20260808_212843,2026-08-08T21:28:54.819066+00:00
C05329,32194.57,6438.914,5,Gold,run_20260808_212843,2026-08-08T21:28:54.819066+00:00
C05330,8330.35,2776.7833333333333,3,Platinum,run_20260808_212843,2026-08-08T21:28:54.819066+00:00
C05331,18766.559999999998,4691.639999999999,4,Silver,run_20260808_212843,2026-08-08T21:28:54.819066+00:00
C05332,50941.979999999996,16980.66,3,Platinum,run_20260808_212843,2026-08-08T21:28:54.819066+00:00
C05333,66793.02,11132.17,6,Platinum,run_20260808_212843,2026-08-08T21:28:54.819066+00:00
C05334,83585.96,13930.993333333334,6,Platinum,run_20260808_212843,2026-08-08T21:28:54.819066+00:00
C05335,36504.55,6084.091666666667,6,Gold,run_20260808_212843,2026-08-08T21:28:54.819066+00:00
C05336,37310.630000000005,9327.657500000001,4,Silver,run_20260808_212843,2026-08-08T21:28:54.819066+00:00
C05337,57484.869999999995,14371.217499999999,4,Platinum,run_20260808_212843,2026-08-08T21:28:54.819066+00:00
C05338,39757.13,6626.188333333333,6,Bronze,run_20260808_212843,2026-08-08T21:28:54.819066+00:00
C05339,31535.949999999997,10511.983333333332,3,Gold,run_20260808_212843,2026-08-08T21:28:54.819066+00:00
C05340,28544.16,4077.7371428571428,7,Platinum,run_20260808_212843,2026-08-08T21:28:54.819066+00:00
C05341,11481.84,11481.84,1,Platinum,run_20260808_212843,2026-08-08T21:28:54.819066+00:00
C05342,54367.119999999995,9061.186666666666,6,Gold,run_20260808_212843,2026-08-08T21:28:54.819066+00:00
C05343,55395.270000000004,6924.4087500000005,8,Bronze,run_20260808_212843,2026-08-08T21:28:54.819066+00:00
C05344,24970.63,12485.315,2,Bronze,run_20260808_212843,2026-08-08T21:28:54.819066+00:00
C05345,23685.02,7895.006666666667,3,Gold,run_20260808_212843,2026-08-08T21:28:54.819066+00:00
C05346,61419.18,12283.836,5,Platinum,run_20260808_212843,2026-08-08T21:28:54.819066+00:00
C05347,36350.51,9087.6275,4,Gold,run_20260808_212843,2026-08-08T21:28:54.819066+00:00
C05348,19628.26,4907.065,4,Gold,run_20260808_212843,2026-08-08T21:28:54.819066+00:00
C05349,45215.95,9043.189999999999,5,Gold,run_20260808_212843,2026-08-08T21:28:54.819066+00:00
C05350,16471.68,16471.68,1,Gold,run_20260808_212843,2026-08-08T21:28:54.819066+00:00
C05351,52296.51,6537.06375,8,Bronze,run_20260808_212843,2026-08-08T21:28:54.819066+00:00
C05352,79171.67,15834.333999999999,5,Gold,run_20260808_212843,2026-08-08T21:28:54.819066+00:00
C05353,20147.51,6715.836666666666,3,Platinum,run_20260808_212843,2026-08-08T21:28:54.819066+00:00
C05354,38847.09,9711.7725,4,Platinum,run_20260808_212843,2026-08-08T21:28:54.819066+00:00
C05355,56209.32,7026.165,8,Silver,run_20260808_212843,2026-08-08T21:28:54.819066+00:00
C05356,7015.03,3507.515,2,Silver,run_20260808_212843,2026-08-08T21:28:54.819066+00:00
C05357,69098.36,11516.393333333333,6,Gold,run_20260808_212843,2026-08-08T21:28:54.819066+00:00
C05358,59494.060000000005,8499.15142857143,7,Silver,run_20260808_212843,2026-08-08T21:28:54.819066+00:00
C05359,64500.5,10750.083333333334,6,Gold,run_20260808_212843,2026-08-08T21:28:54.819066+00:00
C05360,91830.56,15305.093333333332,6,Bronze,run_20260808_212843,2026-08-08T21:28:54.819066+00:00
C05361,23260.01,5815.0025,4,Bronze,run_20260808_212843,2026-08-08T21:28:54.819066+00:00
C05362,80185.91,8909.545555555556,9,Bronze,run_20260808_212843,2026-08-08T21:28:54.819066+00:00
C05363,32325.260000000002,6465.052000000001,5,Bronze,run_20260808_212843,2026-08-08T21:28:54.819066+00:00
C05364,79674.12,13279.019999999999,6,Platinum,run_20260808_212843,2026-08-08T21:28:54.819066+00:00
C05365,11055.47,3685.1566666666663,3,Bronze,run_20260808_212843,2026-08-08T21:28:54.819066+00:00
C05366,33124.64,11041.546666666667,3,Bronze,run_20260808_212843,2026-08-08T21:28:54.819066+00:00
C05367,72570.97,10367.281428571428,7,Platinum,run_20260808_212843,2026-08-08T21:28:54.819066+00:00
C05368,53734.1,7676.3,7,Gold,run_20260808_212843,2026-08-08T21:28:54.819066+00:00
C05369,24406.21,8135.403333333333,3,Silver,run_20260808_212843,2026-08-08T21:28:54.819066+00:00
C05370,31383.43,7845.8575,4,Gold,run_20260808_212843,2026-08-08T21:28:54.819066+00:00
C05371,13940.36,6970.18,2,Gold,run_20260808_212843,2026-08-08T21:28:54.819066+00:00
C05372,22834.79,7611.596666666667,3,Silver,run_20260808_212843,2026-08-08T21:28:54.819066+00:00
C05373,64074.549999999996,9153.507142857143,7,Bronze,run_20260808_212843,2026-08-08T21:28:54.819066+00:00
C05374,16393.06,8196.53,2,Bronze,run_20260808_212843,2026-08-08T21:28:54.819066+00:00
C05375,53917.97,6739.74625,8,Bronze,run_20260808_212843,2026-08-08T21:28:54.819066+00:00
C05376,28904.54,5780.908,5,Bronze,run_20260808_212843,2026-08-08T21:28:54.819066+00:00
C05377,38814.82,9703.705,4,Silver,run_20260808_212843,2026-08-08T21:28:54.819066+00:00
C05378,41438.82,10359.705,4,Bronze,run_20260808_212843,2026-08-08T21:28:54.819066+00:00
C05379,101240.8,11248.977777777778,9,Bronze,run_20260808_212843,2026-08-08T21:28:54.819066+00:00
C05380,20609.89,6869.963333333333,3,Bronze,run_20260808_212843,2026-08-08T21:28:54.819066+00:00
C05381,60599.86,10099.976666666667,6,Silver,run_20260808_212843,2026-08-08T21:28:54.819066+00:00
C05382,18475.06,6158.3533333333335,3,Platinum,run_20260808_212843,2026-08-08T21:28:54.819066+00:00
C05383,24394.55,3049.31875,8,Silver,run_20260808_212843,2026-08-08T21:28:54.819066+00:00
C05384,13769.5,3442.375,4,Bronze,run_20260808_212843,2026-08-08T21:28:54.819066+00:00
C05385,74011.24,9251.405,8,Silver,run_20260808_212843,2026-08-08T21:28:54.819066+00:00
C05386,54935.68,10987.136,5,Gold,run_20260808_212843,2026-08-08T21:28:54.819066+00:00
C05387,12923.699999999999,6461.849999999999,2,Gold,run_20260808_212843,2026-08-08T21:28:54.819066+00:00
C05388,38448.270000000004,12816.090000000002,3,Platinum,run_20260808_212843,2026-08-08T21:28:54.819066+00:00
C05389,3990.7,1330.2333333333333,3,Bronze,run_20260808_212843,2026-08-08T21:28:54.819066+00:00
C05390,73594.06,12265.676666666666,6,Platinum,run_20260808_212843,2026-08-08T21:28:54.819066+00:00
C05391,7945.599999999999,3972.7999999999997,2,Gold,run_20260808_212843,2026-08-08T21:28:54.819066+00:00
C05392,38598.630000000005,6433.1050000000005,6,Platinum,run_20260808_212843,2026-08-08T21:28:54.819066+00:00
C05393,2421.44,2421.44,1,Gold,run_20260808_212843,2026-08-08T21:28:54.819066+00:00
C05394,32782.520000000004,6556.504000000001,5,Gold,run_20260808_212843,2026-08-08T21:28:54.819066+00:00
C05395,79908.36,9988.545,8,Silver,run_20260808_212843,2026-08-08T21:28:54.819066+00:00
C05396,8828.83,2207.2075,4,Bronze,run_20260808_212843,2026-08-08T21:28:54.819066+00:00
C05397,39661.08,5665.868571428572,7,Gold,run_20260808_212843,2026-08-08T21:28:54.819066+00:00
C05398,39655.56,6609.259999999999,6,Bronze,run_20260808_212843,2026-08-08T21:28:54.819066+00:00
C05399,23822.19,7940.73,3,Platinum,run_20260808_212843,2026-08-08T21:28:54.819066+00:00
C05400,29313.699999999997,4885.616666666666,6,Platinum,run_20260808_212843,2026-08-08T21:28:54.819066+00:00
C05401,7807.0,3903.5,2,Gold,run_20260808_212843,2026-08-08T21:28:54.819066+00:00
C05402,47615.36,11903.84,4,Bronze,run_20260808_212843,2026-08-08T21:28:54.819066+00:00
C05403,61062.35,10177.058333333332,6,Gold,run_20260808_212843,2026-08-08T21:28:54.819066+00:00
C05404,11152.259999999998,5576.129999999999,2,Gold,run_20260808_212843,2026-08-08T21:28:54.819066+00:00
C05405,32836.19,6567.238,5,Silver,run_20260808_212843,2026-08-08T21:28:54.819066+00:00
C05406,51065.200000000004,10213.04,5,Platinum,run_20260808_212843,2026-08-08T21:28:54.819066+00:00
C05407,18163.82,6054.606666666667,3,Bronze,run_20260808_212843,2026-08-08T21:28:54.819066+00:00
C05408,40400.72,6733.453333333334,6,Platinum,run_20260808_212843,2026-08-08T21:28:54.819066+00:00
C05409,25467.95,8489.316666666668,3,Silver,run_20260808_212843,2026-08-08T21:28:54.819066+00:00
C05410,43320.229999999996,10830.057499999999,4,Platinum,run_20260808_212843,2026-08-08T21:28:54.819066+00:00
C05411,34863.869999999995,6972.773999999999,5,Silver,run_20260808_212843,2026-08-08T21:28:54.819066+00:00
C05412,40701.84,6783.639999999999,6,Platinum,run_20260808_212843,2026-08-08T21:28:54.819066+00:00
C05413,42654.27,7109.044999999999,6,Bronze,run_20260808_212843,2026-08-08T21:28:54.819066+00:00
C05414,1388.3,1388.3,1,Silver,run_20260808_212843,2026-08-08T21:28:54.819066+00:00
C05415,38911.19,6485.198333333334,6,Platinum,run_20260808_212843,2026-08-08T21:28:54.819066+00:00
C05416,13156.52,6578.26,2,Silver,run_20260808_212843,2026-08-08T21:28:54.819066+00:00
C05417,39105.7,7821.139999999999,5,Bronze,run_20260808_212843,2026-08-08T21:28:54.819066+00:00
C05418,18594.67,6198.223333333332,3,Platinum,run_20260808_212843,2026-08-08T21:28:54.819066+00:00
C05419,26208.739999999998,6552.1849999999995,4,Gold,run_20260808_212843,2026-08-08T21:28:54.819066+00:00
C05420,58894.85,8413.55,7,Bronze,run_20260808_212843,2026-08-08T21:28:54.819066+00:00
C05421,17771.81,8885.905,2,Bronze,run_20260808_212843,2026-08-08T21:28:54.819066+00:00
C05422,44161.11,8832.222,5,Bronze,run_20260808_212843,2026-08-08T21:28:54.819066+00:00
C05423,42724.55,8544.91,5,Bronze,run_20260808_212843,2026-08-08T21:28:54.819066+00:00
C05424,54556.34,6819.5425,8,Gold,run_20260808_212843,2026-08-08T21:28:54.819066+00:00
C05425,40580.409999999996,10145.102499999999,4,Platinum,run_20260808_212843,2026-08-08T21:28:54.819066+00:00
C05426,61447.82,8778.26,7,Bronze,run_20260808_212843,2026-08-08T21:28:54.819066+00:00
C05427,57088.26,9514.710000000001,6,Platinum,run_20260808_212843,2026-08-08T21:28:54.819066+00:00
C05428,24008.96,6002.24,4,Silver,run_20260808_212843,2026-08-08T21:28:54.819066+00:00
C05429,28164.18,5632.836,5,Bronze,run_20260808_212843,2026-08-08T21:28:54.819066+00:00
C05430,12130.62,12130.62,1,Bronze,run_20260808_212843,2026-08-08T21:28:54.819066+00:00
C05431,17990.48,3598.096,5,Platinum,run_20260808_212843,2026-08-08T21:28:54.819066+00:00
C05432,54193.990000000005,6774.248750000001,8,Gold,run_20260808_212843,2026-08-08T21:28:54.819066+00:00
C05433,56415.69,7051.96125,8,Silver,run_20260808_212843,2026-08-08T21:28:54.819066+00:00
C05434,4594.34,4594.34,1,Gold,run_20260808_212843,2026-08-08T21:28:54.819066+00:00
C05435,53372.9,10674.58,5,Platinum,run_20260808_212843,2026-08-08T21:28:54.819066+00:00
C05436,29058.31,7264.5775,4,Bronze,run_20260808_212843,2026-08-08T21:28:54.819066+00:00
C05437,24391.14,6097.785,4,Platinum,run_20260808_212843,2026-08-08T21:28:54.819066+00:00
C05438,31779.949999999997,6355.99,5,Platinum,run_20260808_212843,2026-08-08T21:28:54.819066+00:00
C05439,57222.64,9537.106666666667,6,Platinum,run_20260808_212843,2026-08-08T21:28:54.819066+00:00
C05440,32532.660000000003,8133.165000000001,4,Platinum,run_20260808_212843,2026-08-08T21:28:54.819066+00:00
C05441,22095.63,4419.126,5,Bronze,run_20260808_212843,2026-08-08T21:28:54.819066+00:00
C05442,76773.45999999999,10967.637142857142,7,Silver,run_20260808_212843,2026-08-08T21:28:54.819066+00:00
C05443,47842.07,9568.414,5,Bronze,run_20260808_212843,2026-08-08T21:28:54.819066+00:00
C05444,31427.03,7856.7575,4,Platinum,run_20260808_212843,2026-08-08T21:28:54.819066+00:00
C05445,50906.32,10181.264,5,Platinum,run_20260808_212843,2026-08-08T21:28:54.819066+00:00
C05446,47541.310000000005,11885.327500000001,4,Bronze,run_20260808_212843,2026-08-08T21:28:54.819066+00:00
C05447,7612.44,7612.44,1,Gold,run_20260808_212843,2026-08-08T21:28:54.819066+00:00
C05448,24240.0,8080.0,3,Gold,run_20260808_212843,2026-08-08T21:28:54.819066+00:00
C05449,61081.740000000005,12216.348000000002,5,Gold,run_20260808_212843,2026-08-08T21:28:54.819066+00:00
C05450,66561.97,8320.24625,8,Platinum,run_20260808_212843,2026-08-08T21:28:54.819066+00:00
C05451,24150.93,8050.31,3,Bronze,run_20260808_212843,2026-08-08T21:28:54.819066+00:00
C05452,52810.66,7544.38,7,Bronze,run_20260808_212843,2026-08-08T21:28:54.819066+00:00
C05453,18641.42,9320.71,2,Gold,run_20260808_212843,2026-08-08T21:28:54.819066+00:00
C05454,48741.55,9748.310000000001,5,Gold,run_20260808_212843,2026-08-08T21:28:54.819066+00:00
C05455,53646.44,13411.61,4,Bronze,run_20260808_212843,2026-08-08T21:28:54.819066+00:00
C05456,7186.77,2395.59,3,Platinum,run_20260808_212843,2026-08-08T21:28:54.819066+00:00
C05457,61921.68,10320.28,6,Gold,run_20260808_212843,2026-08-08T21:28:54.819066+00:00
C05458,34630.02,5771.669999999999,6,Silver,run_20260808_212843,2026-08-08T21:28:54.819066+00:00
C05459,30563.22,6112.644,5,Silver,run_20260808_212843,2026-08-08T21:28:54.819066+00:00
C05460,64079.1,8009.8875,8,Bronze,run_20260808_212843,2026-08-08T21:28:54.819066+00:00
C05461,5736.849999999999,2868.4249999999997,2,Platinum,run_20260808_212843,2026-08-08T21:28:54.819066+00:00
C05462,57801.7,11560.34,5,Silver,run_20260808_212843,2026-08-08T21:28:54.819066+00:00
C05463,31140.86,6228.1720000000005,5,Gold,run_20260808_212843,2026-08-08T21:28:54.819066+00:00
C05464,55833.93,9305.655,6,Platinum,run_20260808_212843,2026-08-08T21:28:54.819066+00:00
C05465,63120.65,7013.405555555556,9,Bronze,run_20260808_212843,2026-08-08T21:28:54.819066+00:00
C05466,21179.11,5294.7775,4,Gold,run_20260808_212843,2026-08-08T21:28:54.819066+00:00
C05467,18663.59,9331.795,2,Platinum,run_20260808_212843,2026-08-08T21:28:54.819066+00:00
C05468,33170.95,6634.19,5,Bronze,run_20260808_212843,2026-08-08T21:28:54.819066+00:00
C05469,40593.79,6765.631666666667,6,Platinum,run_20260808_212843,2026-08-08T21:28:54.819066+00:00
C05470,48875.37,8145.895,6,Silver,run_20260808_212843,2026-08-08T21:28:54.819066+00:00
C05471,31560.010000000002,6312.002,5,Silver,run_20260808_212843,2026-08-08T21:28:54.819066+00:00
C05472,62758.71,10459.785,6,Bronze,run_20260808_212843,2026-08-08T21:28:54.819066+00:00
C05473,55098.979999999996,11019.795999999998,5,Silver,run_20260808_212843,2026-08-08T21:28:54.819066+00:00
C05474,77053.76,9631.72,8,Bronze,run_20260808_212843,2026-08-08T21:28:54.819066+00:00
C05475,47491.259999999995,6784.465714285713,7,Silver,run_20260808_212843,2026-08-08T21:28:54.819066+00:00
C05476,9304.66,3101.5533333333333,3,Platinum,run_20260808_212843,2026-08-08T21:28:54.819066+00:00
C05478,7254.74,3627.37,2,Bronze,run_20260808_212843,2026-08-08T21:28:54.819066+00:00
C05479,32309.68,8077.42,4,Gold,run_20260808_212843,2026-08-08T21:28:54.819066+00:00
C05480,42657.77,6093.967142857143,7,Platinum,run_20260808_212843,2026-08-08T21:28:54.819066+00:00
C05481,70519.36,7051.936,10,Platinum,run_20260808_212843,2026-08-08T21:28:54.819066+00:00
C05482,20727.02,3454.5033333333336,6,Bronze,run_20260808_212843,2026-08-08T21:28:54.819066+00:00
C05483,65971.91,9424.558571428572,7,Bronze,run_20260808_212843,2026-08-08T21:28:54.819066+00:00
C05484,42529.82,7088.303333333333,6,Gold,run_20260808_212843,2026-08-08T21:28:54.819066+00:00
C05485,61087.96,6787.551111111111,9,Bronze,run_20260808_212843,2026-08-08T21:28:54.819066+00:00
C05486,8521.41,2840.47,3,Gold,run_20260808_212843,2026-08-08T21:28:54.819066+00:00
C05487,48540.58,9708.116,5,Bronze,run_20260808_212843,2026-08-08T21:28:54.819066+00:00
C05488,47205.11,9441.022,5,Platinum,run_20260808_212843,2026-08-08T21:28:54.819066+00:00
C05489,331.55,331.55,1,Bronze,run_20260808_212843,2026-08-08T21:28:54.819066+00:00
C05490,72013.25,9001.65625,8,Silver,run_20260808_212843,2026-08-08T21:28:54.819066+00:00
C05491,90408.42,10045.38,9,Platinum,run_20260808_212843,2026-08-08T21:28:54.819066+00:00
C05492,9923.76,4961.88,2,Silver,run_20260808_212843,2026-08-08T21:28:54.819066+00:00
C05493,18743.440000000002,4685.860000000001,4,Silver,run_20260808_212843,2026-08-08T21:28:54.819066+00:00
C05494,54094.44,10818.888,5,Bronze,run_20260808_212843,2026-08-08T21:28:54.819066+00:00
C05495,62635.47,10439.245,6,Bronze,run_20260808_212843,2026-08-08T21:28:54.819066+00:00
C05496,70776.66,14155.332,5,Silver,run_20260808_212843,2026-08-08T21:28:54.819066+00:00
C05497,39387.61,5626.801428571429,7,Platinum,run_20260808_212843,2026-08-08T21:28:54.819066+00:00
C05498,36625.44,9156.36,4,Bronze,run_20260808_212843,2026-08-08T21:28:54.819066+00:00
C05499,9462.369999999999,2365.5924999999997,4,Platinum,run_20260808_212843,2026-08-08T21:28:54.819066+00:00
C05500,22001.93,7333.9766666666665,3,Bronze,run_20260808_212843,2026-08-08T21:28:54.819066+00:00
C05501,47974.46000000001,11993.615000000002,4,Silver,run_20260808_212843,2026-08-08T21:28:54.819066+00:00
C05502,22540.14,11270.07,2,Silver,run_20260808_212843,2026-08-08T21:28:54.819066+00:00
C05503,54500.18,9083.363333333333,6,Bronze,run_20260808_212843,2026-08-08T21:28:54.819066+00:00
C05504,3154.12,3154.12,1,Silver,run_20260808_212843,2026-08-08T21:28:54.819066+00:00
C05505,32138.85,8034.7125,4,Bronze,run_20260808_212843,2026-08-08T21:28:54.819066+00:00
C05506,31280.66,4468.665714285714,7,Gold,run_20260808_212843,2026-08-08T21:28:54.819066+00:00
C05507,7197.63,3598.815,2,Bronze,run_20260808_212843,2026-08-08T21:28:54.819066+00:00
C05508,56780.24,11356.047999999999,5,Platinum,run_20260808_212843,2026-08-08T21:28:54.819066+00:00
C05509,38653.69,9663.4225,4,Silver,run_20260808_212843,2026-08-08T21:28:54.819066+00:00
C05510,9613.15,4806.575,2,Bronze,run_20260808_212843,2026-08-08T21:28:54.819066+00:00
C05511,39061.66,7812.332,5,Bronze,run_20260808_212843,2026-08-08T21:28:54.819066+00:00
C05512,21644.879999999997,7214.959999999999,3,Bronze,run_20260808_212843,2026-08-08T21:28:54.819066+00:00
C05513,35372.56,8843.14,4,Platinum,run_20260808_212843,2026-08-08T21:28:54.819066+00:00
C05514,26028.25,8676.083333333334,3,Silver,run_20260808_212843,2026-08-08T21:28:54.819066+00:00
C05515,47491.479999999996,7915.246666666666,6,Bronze,run_20260808_212843,2026-08-08T21:28:54.819066+00:00
C05516,62025.41,7753.17625,8,Silver,run_20260808_212843,2026-08-08T21:28:54.819066+00:00
C05517,34266.71,8566.6775,4,Platinum,run_20260808_212843,2026-08-08T21:28:54.819066+00:00
C05518,39369.91,7873.982000000001,5,Gold,run_20260808_212843,2026-08-08T21:28:54.819066+00:00
C05519,47079.119999999995,11769.779999999999,4,Platinum,run_20260808_212843,2026-08-08T21:28:54.819066+00:00
C05520,55357.69,11071.538,5,Gold,run_20260808_212843,2026-08-08T21:28:54.819066+00:00
C05521,1820.76,1820.76,1,Bronze,run_20260808_212843,2026-08-08T21:28:54.819066+00:00
C05522,38262.18,9565.545,4,Silver,run_20260808_212843,2026-08-08T21:28:54.819066+00:00
C05523,48028.51,6003.56375,8,Gold,run_20260808_212843,2026-08-08T21:28:54.819066+00:00
C05524,30172.28,6034.456,5,Silver,run_20260808_212843,2026-08-08T21:28:54.819066+00:00
C05525,52473.52,7496.217142857143,7,Bronze,run_20260808_212843,2026-08-08T21:28:54.819066+00:00
C05526,21720.1,10860.05,2,Silver,run_20260808_212843,2026-08-08T21:28:54.819066+00:00
C05527,86239.67,14373.278333333334,6,Gold,run_20260808_212843,2026-08-08T21:28:54.819066+00:00
C05528,25667.7,8555.9,3,Bronze,run_20260808_212843,2026-08-08T21:28:54.819066+00:00
C05529,36560.91,7312.182000000001,5,Bronze,run_20260808_212843,2026-08-08T21:28:54.819066+00:00
C05530,15414.58,5138.193333333334,3,Gold,run_20260808_212843,2026-08-08T21:28:54.819066+00:00
C05531,30201.68,6040.336,5,Silver,run_20260808_212843,2026-08-08T21:28:54.819066+00:00
C05532,86358.83,9595.425555555556,9,Platinum,run_20260808_212843,2026-08-08T21:28:54.819066+00:00
C05533,55292.52,11058.503999999999,5,Silver,run_20260808_212843,2026-08-08T21:28:54.819066+00:00
C05534,29411.55,5882.3099999999995,5,Gold,run_20260808_212843,2026-08-08T21:28:54.819066+00:00
C05535,15462.220000000001,3865.5550000000003,4,Silver,run_20260808_212843,2026-08-08T21:28:54.819066+00:00
C05536,46702.68,7783.78,6,Platinum,run_20260808_212843,2026-08-08T21:28:54.819066+00:00
C05537,30891.670000000002,7722.9175000000005,4,Silver,run_20260808_212843,2026-08-08T21:28:54.819066+00:00
C05538,19387.66,9693.83,2,Bronze,run_20260808_212843,2026-08-08T21:28:54.819066+00:00
C05539,5048.6,5048.6,1,Silver,run_20260808_212843,2026-08-08T21:28:54.819066+00:00
C05540,18419.18,9209.59,2,Bronze,run_20260808_212843,2026-08-08T21:28:54.819066+00:00
C05541,38366.49,7673.298,5,Platinum,run_20260808_212843,2026-08-08T21:28:54.819066+00:00
C05542,12595.130000000001,6297.5650000000005,2,Silver,run_20260808_212843,2026-08-08T21:28:54.819066+00:00
C05543,70901.03,10128.718571428572,7,Bronze,run_20260808_212843,2026-08-08T21:28:54.819066+00:00
C05544,33271.88,6654.375999999999,5,Platinum,run_20260808_212843,2026-08-08T21:28:54.819066+00:00
C05545,14346.39,4782.13,3,Bronze,run_20260808_212843,2026-08-08T21:28:54.819066+00:00
C05546,58755.68,7344.46,8,Bronze,run_20260808_212843,2026-08-08T21:28:54.819066+00:00
C05547,46385.69,6626.527142857143,7,Bronze,run_20260808_212843,2026-08-08T21:28:54.819066+00:00
C05548,13367.22,6683.61,2,Silver,run_20260808_212843,2026-08-08T21:28:54.819066+00:00
C05549,30278.23,4325.461428571429,7,Bronze,run_20260808_212843,2026-08-08T21:28:54.819066+00:00
C05550,74018.41,10574.058571428572,7,Gold,run_20260808_212843,2026-08-08T21:28:54.819066+00:00
C05551,26837.690000000002,5367.5380000000005,5,Platinum,run_20260808_212843,2026-08-08T21:28:54.819066+00:00
C05552,26673.289999999997,8891.096666666666,3,Platinum,run_20260808_212843,2026-08-08T21:28:54.819066+00:00
C05553,4657.54,4657.54,1,Silver,run_20260808_212843,2026-08-08T21:28:54.819066+00:00
C05554,31859.72,5309.953333333334,6,Silver,run_20260808_212843,2026-08-08T21:28:54.819066+00:00
C05555,14534.27,4844.756666666667,3,Silver,run_20260808_212843,2026-08-08T21:28:54.819066+00:00
C05556,9393.78,4696.89,2,Gold,run_20260808_212843,2026-08-08T21:28:54.819066+00:00
C05557,51189.63,8531.605,6,Platinum,run_20260808_212843,2026-08-08T21:28:54.819066+00:00
C05558,23854.440000000002,7951.4800000000005,3,Platinum,run_20260808_212843,2026-08-08T21:28:54.819066+00:00
C05559,20744.62,6914.873333333333,3,Silver,run_20260808_212843,2026-08-08T21:28:54.819066+00:00
C05560,23236.15,5809.0375,4,Silver,run_20260808_212843,2026-08-08T21:28:54.819066+00:00
C05561,39343.46,6557.243333333333,6,Bronze,run_20260808_212843,2026-08-08T21:28:54.819066+00:00
C05562,70164.83,10023.547142857144,7,Silver,run_20260808_212843,2026-08-08T21:28:54.819066+00:00
C05563,39759.81,7951.9619999999995,5,Platinum,run_20260808_212843,2026-08-08T21:28:54.819066+00:00
C05564,12759.48,4253.16,3,Bronze,run_20260808_212843,2026-08-08T21:28:54.819066+00:00
C05565,31236.82,10412.273333333333,3,Gold,run_20260808_212843,2026-08-08T21:28:54.819066+00:00
C05566,32314.440000000002,10771.480000000001,3,Gold,run_20260808_212843,2026-08-08T21:28:54.819066+00:00
C05567,23715.690000000002,7905.2300000000005,3,Platinum,run_20260808_212843,2026-08-08T21:28:54.819066+00:00
C05568,32527.59,5421.265,6,Bronze,run_20260808_212843,2026-08-08T21:28:54.819066+00:00
C05569,41942.380000000005,10485.595000000001,4,Silver,run_20260808_212843,2026-08-08T21:28:54.819066+00:00
C05570,63389.53,9055.647142857142,7,Silver,run_20260808_212843,2026-08-08T21:28:54.819066+00:00
C05571,41363.04,5909.005714285714,7,Bronze,run_20260808_212843,2026-08-08T21:28:54.819066+00:00
C05572,11663.45,11663.45,1,Bronze,run_20260808_212843,2026-08-08T21:28:54.819066+00:00
C05573,51601.07,7371.581428571429,7,Gold,run_20260808_212843,2026-08-08T21:28:54.819066+00:00
C05574,22806.99,4561.398,5,Silver,run_20260808_212843,2026-08-08T21:28:54.819066+00:00
C05575,36737.33,9184.3325,4,Platinum,run_20260808_212843,2026-08-08T21:28:54.819066+00:00
C05576,53036.65,13259.1625,4,Silver,run_20260808_212843,2026-08-08T21:28:54.819066+00:00
C05577,37483.48,6247.246666666667,6,Gold,run_20260808_212843,2026-08-08T21:28:54.819066+00:00
C05578,15314.03,2552.3383333333336,6,Bronze,run_20260808_212843,2026-08-08T21:28:54.819066+00:00
C05579,30518.12,6103.624,5,Silver,run_20260808_212843,2026-08-08T21:28:54.819066+00:00
C05580,17855.989999999998,5951.996666666666,3,Bronze,run_20260808_212843,2026-08-08T21:28:54.819066+00:00
C05581,22104.09,7368.03,3,Silver,run_20260808_212843,2026-08-08T21:28:54.819066+00:00
C05582,38528.34,9632.085,4,Platinum,run_20260808_212843,2026-08-08T21:28:54.819066+00:00
C05583,24405.48,6101.37,4,Platinum,run_20260808_212843,2026-08-08T21:28:54.819066+00:00
C05584,68886.72,8610.84,8,Silver,run_20260808_212843,2026-08-08T21:28:54.819066+00:00
C05585,46085.18000000001,9217.036000000002,5,Silver,run_20260808_212843,2026-08-08T21:28:54.819066+00:00
C05586,56746.46,11349.292,5,Bronze,run_20260808_212843,2026-08-08T21:28:54.819066+00:00
C05587,43525.17,7254.195,6,Bronze,run_20260808_212843,2026-08-08T21:28:54.819066+00:00
C05588,2315.7799999999997,1157.8899999999999,2,Gold,run_20260808_212843,2026-08-08T21:28:54.819066+00:00
C05589,38239.89,5462.841428571429,7,Gold,run_20260808_212843,2026-08-08T21:28:54.819066+00:00
C05590,59175.37,7396.92125,8,Silver,run_20260808_212843,2026-08-08T21:28:54.819066+00:00
C05591,64933.04,8116.63,8,Platinum,run_20260808_212843,2026-08-08T21:28:54.819066+00:00
C05592,91019.95,10113.327777777777,9,Gold,run_20260808_212843,2026-08-08T21:28:54.819066+00:00
C05593,57860.520000000004,8265.788571428571,7,Gold,run_20260808_212843,2026-08-08T21:28:54.819066+00:00
C05594,10422.75,3474.25,3,Platinum,run_20260808_212843,2026-08-08T21:28:54.819066+00:00
C05595,70088.48999999999,11681.414999999999,6,Bronze,run_20260808_212843,2026-08-08T21:28:54.819066+00:00
C05596,24506.06,3500.8657142857146,7,Bronze,run_20260808_212843,2026-08-08T21:28:54.819066+00:00
C05597,28537.4,4756.233333333334,6,Bronze,run_20260808_212843,2026-08-08T21:28:54.819066+00:00
C05598,15965.7,15965.7,1,Silver,run_20260808_212843,2026-08-08T21:28:54.819066+00:00
C05599,60088.33,7511.04125,8,Silver,run_20260808_212843,2026-08-08T21:28:54.819066+00:00
C05600,28782.93,7195.7325,4,Bronze,run_20260808_212843,2026-08-08T21:28:54.819066+00:00
C05601,55011.85,6112.427777777778,9,Platinum,run_20260808_212843,2026-08-08T21:28:54.819066+00:00
C05602,20761.08,10380.54,2,Bronze,run_20260808_212843,2026-08-08T21:28:54.819066+00:00
C05603,19958.33,2851.19,7,Bronze,run_20260808_212843,2026-08-08T21:28:54.819066+00:00
C05604,28260.29,4710.048333333333,6,Silver,run_20260808_212843,2026-08-08T21:28:54.819066+00:00
C05605,6041.48,6041.48,1,Platinum,run_20260808_212843,2026-08-08T21:28:54.819066+00:00
C05606,7572.9400000000005,3786.4700000000003,2,Gold,run_20260808_212843,2026-08-08T21:28:54.819066+00:00
C05607,13215.08,2643.016,5,Platinum,run_20260808_212843,2026-08-08T21:28:54.819066+00:00
C05608,29548.660000000003,5909.732000000001,5,Silver,run_20260808_212843,2026-08-08T21:28:54.819066+00:00
C05609,24663.72,4932.744000000001,5,Gold,run_20260808_212843,2026-08-08T21:28:54.819066+00:00
C05610,19513.83,3902.7660000000005,5,Silver,run_20260808_212843,2026-08-08T21:28:54.819066+00:00
C05611,10669.17,5334.585,2,Bronze,run_20260808_212843,2026-08-08T21:28:54.819066+00:00
C05612,7743.26,2581.0866666666666,3,Gold,run_20260808_212843,2026-08-08T21:28:54.819066+00:00
C05613,13617.9,13617.9,1,Silver,run_20260808_212843,2026-08-08T21:28:54.819066+00:00
C05614,20927.8,3487.9666666666667,6,Bronze,run_20260808_212843,2026-08-08T21:28:54.819066+00:00
C05615,39864.45,7972.889999999999,5,Silver,run_20260808_212843,2026-08-08T21:28:54.819066+00:00
C05616,63054.479999999996,12610.895999999999,5,Platinum,run_20260808_212843,2026-08-08T21:28:54.819066+00:00
C05617,38590.240000000005,7718.048000000001,5,Silver,run_20260808_212843,2026-08-08T21:28:54.819066+00:00
C05618,97041.18,13863.025714285714,7,Platinum,run_20260808_212843,2026-08-08T21:28:54.819066+00:00
C05619,33710.72,11236.906666666668,3,Silver,run_20260808_212843,2026-08-08T21:28:54.819066+00:00
C05620,23017.36,4603.472,5,Bronze,run_20260808_212843,2026-08-08T21:28:54.819066+00:00
C05621,39977.42,6662.903333333333,6,Platinum,run_20260808_212843,2026-08-08T21:28:54.819066+00:00
C05622,22639.04,7546.346666666667,3,Platinum,run_20260808_212843,2026-08-08T21:28:54.819066+00:00
C05623,54438.53,9073.088333333333,6,Bronze,run_20260808_212843,2026-08-08T21:28:54.819066+00:00
C05624,66451.25,9493.035714285714,7,Platinum,run_20260808_212843,2026-08-08T21:28:54.819066+00:00
C05625,29358.9,7339.725,4,Silver,run_20260808_212843,2026-08-08T21:28:54.819066+00:00
C05626,61998.82,10333.136666666667,6,Silver,run_20260808_212843,2026-08-08T21:28:54.819066+00:00
C05627,7408.0,2469.3333333333335,3,Platinum,run_20260808_212843,2026-08-08T21:28:54.819066+00:00
C05628,25319.489999999998,6329.8724999999995,4,Silver,run_20260808_212843,2026-08-08T21:28:54.819066+00:00
C05629,59377.96,8482.565714285714,7,Platinum,run_20260808_212843,2026-08-08T21:28:54.819066+00:00
C05630,52919.119999999995,7559.874285714285,7,Gold,run_20260808_212843,2026-08-08T21:28:54.819066+00:00
C05631,73294.22,9161.7775,8,Silver,run_20260808_212843,2026-08-08T21:28:54.819066+00:00
C05632,51743.47,10348.694,5,Platinum,run_20260808_212843,2026-08-08T21:28:54.819066+00:00
C05633,13959.57,3489.8925,4,Silver,run_20260808_212843,2026-08-08T21:28:54.819066+00:00
C05634,11795.2,11795.2,1,Gold,run_20260808_212843,2026-08-08T21:28:54.819066+00:00
C05635,52927.31,8821.218333333332,6,Gold,run_20260808_212843,2026-08-08T21:28:54.819066+00:00
C05636,44393.4,5549.175,8,Silver,run_20260808_212843,2026-08-08T21:28:54.819066+00:00
C05637,59014.0,7376.75,8,Gold,run_20260808_212843,2026-08-08T21:28:54.819066+00:00
C05638,59007.07,6556.341111111111,9,Silver,run_20260808_212843,2026-08-08T21:28:54.819066+00:00
C05639,53379.79,7625.684285714286,7,Bronze,run_20260808_212843,2026-08-08T21:28:54.819066+00:00
C05640,49889.93,12472.4825,4,Bronze,run_20260808_212843,2026-08-08T21:28:54.819066+00:00
C05641,109705.99,9142.165833333334,12,Gold,run_20260808_212843,2026-08-08T21:28:54.819066+00:00
C05642,87180.23999999999,10897.529999999999,8,Silver,run_20260808_212843,2026-08-08T21:28:54.819066+00:00
C05643,20613.399999999998,6871.133333333332,3,Bronze,run_20260808_212843,2026-08-08T21:28:54.819066+00:00
C05644,89638.92,8963.892,10,Platinum,run_20260808_212843,2026-08-08T21:28:54.819066+00:00
C05645,20179.73,6726.576666666667,3,Platinum,run_20260808_212843,2026-08-08T21:28:54.819066+00:00
C05646,59883.33,7485.41625,8,Platinum,run_20260808_212843,2026-08-08T21:28:54.819066+00:00
C05647,38346.25,6391.041666666667,6,Silver,run_20260808_212843,2026-08-08T21:28:54.819066+00:00
C05648,14541.849999999999,7270.924999999999,2,Gold,run_20260808_212843,2026-08-08T21:28:54.819066+00:00
C05649,33638.05,8409.5125,4,Silver,run_20260808_212843,2026-08-08T21:28:54.819066+00:00
C05650,32644.13,5440.6883333333335,6,Gold,run_20260808_212843,2026-08-08T21:28:54.819066+00:00
C05651,61282.369999999995,10213.728333333333,6,Silver,run_20260808_212843,2026-08-08T21:28:54.819066+00:00
C05652,32659.65,6531.93,5,Silver,run_20260808_212843,2026-08-08T21:28:54.819066+00:00
C05653,49058.28,8176.38,6,Silver,run_20260808_212843,2026-08-08T21:28:54.819066+00:00
C05655,59783.54,8540.505714285715,7,Platinum,run_20260808_212843,2026-08-08T21:28:54.819066+00:00
C05656,32851.67,6570.334,5,Platinum,run_20260808_212843,2026-08-08T21:28:54.819066+00:00
C05657,6029.56,6029.56,1,Silver,run_20260808_212843,2026-08-08T21:28:54.819066+00:00
C05658,40184.020000000004,5740.574285714286,7,Platinum,run_20260808_212843,2026-08-08T21:28:54.819066+00:00
C05659,48411.25,6915.892857142857,7,Platinum,run_20260808_212843,2026-08-08T21:28:54.819066+00:00
C05660,86311.8,14385.300000000001,6,Gold,run_20260808_212843,2026-08-08T21:28:54.819066+00:00
C05661,13661.36,2732.272,5,Bronze,run_20260808_212843,2026-08-08T21:28:54.819066+00:00
C05662,24704.35,4940.87,5,Platinum,run_20260808_212843,2026-08-08T21:28:54.819066+00:00
C05663,32999.34,6599.8679999999995,5,Silver,run_20260808_212843,2026-08-08T21:28:54.819066+00:00
C05664,28955.979999999996,7238.994999999999,4,Silver,run_20260808_212843,2026-08-08T21:28:54.819066+00:00
C05665,54612.58,10922.516,5,Gold,run_20260808_212843,2026-08-08T21:28:54.819066+00:00
C05666,64069.740000000005,9152.820000000002,7,Platinum,run_20260808_212843,2026-08-08T21:28:54.819066+00:00
C05667,12645.22,6322.61,2,Silver,run_20260808_212843,2026-08-08T21:28:54.819066+00:00
C05668,43250.63,8650.126,5,Silver,run_20260808_212843,2026-08-08T21:28:54.819066+00:00
C05669,72805.34,9100.6675,8,Bronze,run_20260808_212843,2026-08-08T21:28:54.819066+00:00
C05670,5851.24,5851.24,1,Platinum,run_20260808_212843,2026-08-08T21:28:54.819066+00:00
C05671,111987.66,13998.4575,8,Bronze,run_20260808_212843,2026-08-08T21:28:54.819066+00:00
C05672,58006.03,8286.575714285715,7,Bronze,run_20260808_212843,2026-08-08T21:28:54.819066+00:00
C05673,45871.990000000005,11467.997500000001,4,Platinum,run_20260808_212843,2026-08-08T21:28:54.819066+00:00
C05674,48661.2,8110.2,6,Bronze,run_20260808_212843,2026-08-08T21:28:54.819066+00:00
C05675,47164.76,11791.19,4,Platinum,run_20260808_212843,2026-08-08T21:28:54.819066+00:00
C05676,38185.399999999994,12728.466666666665,3,Platinum,run_20260808_212843,2026-08-08T21:28:54.819066+00:00
C05677,21147.97,5286.9925,4,Platinum,run_20260808_212843,2026-08-08T21:28:54.819066+00:00
C05678,15516.539999999999,5172.179999999999,3,Bronze,run_20260808_212843,2026-08-08T21:28:54.819066+00:00
C05679,49033.19,12258.2975,4,Platinum,run_20260808_212843,2026-08-08T21:28:54.819066+00:00
C05680,17401.92,3480.3839999999996,5,Platinum,run_20260808_212843,2026-08-08T21:28:54.819066+00:00
C05681,54177.82,10835.564,5,Silver,run_20260808_212843,2026-08-08T21:28:54.819066+00:00
C05682,67554.54000000001,8444.317500000001,8,Bronze,run_20260808_212843,2026-08-08T21:28:54.819066+00:00
C05683,12025.48,12025.48,1,Bronze,run_20260808_212843,2026-08-08T21:28:54.819066+00:00
C05684,16678.57,5559.5233333333335,3,Platinum,run_20260808_212843,2026-08-08T21:28:54.819066+00:00
C05685,34237.76,17118.88,2,Silver,run_20260808_212843,2026-08-08T21:28:54.819066+00:00
C05686,43106.11,8621.222,5,Silver,run_20260808_212843,2026-08-08T21:28:54.819066+00:00
C05687,48966.88,6995.268571428571,7,Gold,run_20260808_212843,2026-08-08T21:28:54.819066+00:00
C05688,18666.3,6222.099999999999,3,Gold,run_20260808_212843,2026-08-08T21:28:54.819066+00:00
C05689,35237.19,11745.730000000001,3,Silver,run_20260808_212843,2026-08-08T21:28:54.819066+00:00
C05690,80409.9,8040.99,10,Bronze,run_20260808_212843,2026-08-08T21:28:54.819066+00:00
C05691,55557.83,11111.566,5,Bronze,run_20260808_212843,2026-08-08T21:28:54.819066+00:00
C05692,31921.52,7980.38,4,Platinum,run_20260808_212843,2026-08-08T21:28:54.819066+00:00
C05693,46629.38,9325.876,5,Gold,run_20260808_212843,2026-08-08T21:28:54.819066+00:00
C05694,5486.16,5486.16,1,Silver,run_20260808_212843,2026-08-08T21:28:54.819066+00:00
C05695,45444.83,9088.966,5,Platinum,run_20260808_212843,2026-08-08T21:28:54.819066+00:00
C05696,65849.66,10974.943333333335,6,Bronze,run_20260808_212843,2026-08-08T21:28:54.819066+00:00
C05697,29111.190000000002,5822.238,5,Platinum,run_20260808_212843,2026-08-08T21:28:54.819066+00:00
C05698,43966.95,6280.992857142856,7,Platinum,run_20260808_212843,2026-08-08T21:28:54.819066+00:00
C05699,78675.97,6556.330833333333,12,Silver,run_20260808_212843,2026-08-08T21:28:54.819066+00:00
C05700,52207.09,7458.155714285714,7,Platinum,run_20260808_212843,2026-08-08T21:28:54.819066+00:00
C05701,30047.309999999998,5007.884999999999,6,Silver,run_20260808_212843,2026-08-08T21:28:54.819066+00:00
C05702,6654.139999999999,3327.0699999999997,2,Gold,run_20260808_212843,2026-08-08T21:28:54.819066+00:00
C05703,15226.1,15226.1,1,Platinum,run_20260808_212843,2026-08-08T21:28:54.819066+00:00
C05704,54710.11,7815.7300000000005,7,Bronze,run_20260808_212843,2026-08-08T21:28:54.819066+00:00
C05705,44863.22,6409.0314285714285,7,Bronze,run_20260808_212843,2026-08-08T21:28:54.819066+00:00
C05706,23830.37,3971.728333333333,6,Platinum,run_20260808_212843,2026-08-08T21:28:54.819066+00:00
C05707,56104.16,9350.693333333335,6,Gold,run_20260808_212843,2026-08-08T21:28:54.819066+00:00
C05708,23508.14,7836.046666666666,3,Bronze,run_20260808_212843,2026-08-08T21:28:54.819066+00:00
C05709,32933.67,10977.89,3,Gold,run_20260808_212843,2026-08-08T21:28:54.819066+00:00
C05710,26531.14,8843.713333333333,3,Platinum,run_20260808_212843,2026-08-08T21:28:54.819066+00:00
C05711,42707.619999999995,8541.524,5,Gold,run_20260808_212843,2026-08-08T21:28:54.819066+00:00
C05712,22843.24,5710.81,4,Silver,run_20260808_212843,2026-08-08T21:28:54.819066+00:00
C05713,13565.53,6782.765,2,Bronze,run_20260808_212843,2026-08-08T21:28:54.819066+00:00
C05714,12698.03,6349.015,2,Gold,run_20260808_212843,2026-08-08T21:28:54.819066+00:00
C05715,27651.22,9217.073333333334,3,Bronze,run_20260808_212843,2026-08-08T21:28:54.819066+00:00
C05716,71705.98,10243.711428571429,7,Gold,run_20260808_212843,2026-08-08T21:28:54.819066+00:00
C05717,70395.91,5866.325833333333,12,Bronze,run_20260808_212843,2026-08-08T21:28:54.819066+00:00
C05718,40879.93,10219.9825,4,Bronze,run_20260808_212843,2026-08-08T21:28:54.819066+00:00
C05719,27129.82,4521.636666666666,6,Platinum,run_20260808_212843,2026-08-08T21:28:54.819066+00:00
C05720,21964.760000000002,3660.7933333333335,6,Gold,run_20260808_212843,2026-08-08T21:28:54.819066+00:00
C05721,42228.08,8445.616,5,Platinum,run_20260808_212843,2026-08-08T21:28:54.819066+00:00
C05722,39862.32,7972.464,5,Bronze,run_20260808_212843,2026-08-08T21:28:54.819066+00:00
C05723,30191.17,7547.7925,4,Gold,run_20260808_212843,2026-08-08T21:28:54.819066+00:00
C05724,19598.39,4899.5975,4,Gold,run_20260808_212843,2026-08-08T21:28:54.819066+00:00
C05725,44372.36,7395.393333333333,6,Silver,run_20260808_212843,2026-08-08T21:28:54.819066+00:00
C05726,51825.07,10365.014,5,Bronze,run_20260808_212843,2026-08-08T21:28:54.819066+00:00
C05727,5523.79,920.6316666666667,6,Silver,run_20260808_212843,2026-08-08T21:28:54.819066+00:00
C05728,27152.37,6788.0925,4,Silver,run_20260808_212843,2026-08-08T21:28:54.819066+00:00
C05729,31871.64,6374.3279999999995,5,Gold,run_20260808_212843,2026-08-08T21:28:54.819066+00:00
C05730,64970.01,9281.43,7,Silver,run_20260808_212843,2026-08-08T21:28:54.819066+00:00
C05731,14487.03,4829.01,3,Bronze,run_20260808_212843,2026-08-08T21:28:54.819066+00:00
C05732,31750.82,5291.803333333333,6,Platinum,run_20260808_212843,2026-08-08T21:28:54.819066+00:00
C05733,12140.81,6070.405,2,Silver,run_20260808_212843,2026-08-08T21:28:54.819066+00:00
C05734,32828.59,6565.717999999999,5,Silver,run_20260808_212843,2026-08-08T21:28:54.819066+00:00
C05735,37172.880000000005,18586.440000000002,2,Gold,run_20260808_212843,2026-08-08T21:28:54.819066+00:00
C05736,18960.629999999997,6320.209999999999,3,Gold,run_20260808_212843,2026-08-08T21:28:54.819066+00:00
C05737,48443.71,8073.951666666667,6,Gold,run_20260808_212843,2026-08-08T21:28:54.819066+00:00
C05738,72200.72,10314.388571428572,7,Platinum,run_20260808_212843,2026-08-08T21:28:54.819066+00:00
C05739,36580.71,12193.57,3,Gold,run_20260808_212843,2026-08-08T21:28:54.819066+00:00
C05740,26142.0,8714.0,3,Bronze,run_20260808_212843,2026-08-08T21:28:54.819066+00:00
C05741,9159.76,9159.76,1,Bronze,run_20260808_212843,2026-08-08T21:28:54.819066+00:00
C05742,33023.59,6604.717999999999,5,Gold,run_20260808_212843,2026-08-08T21:28:54.819066+00:00
C05743,55444.19,5544.419,10,Gold,run_20260808_212843,2026-08-08T21:28:54.819066+00:00
C05744,75411.15,9426.39375,8,Platinum,run_20260808_212843,2026-08-08T21:28:54.819066+00:00
C05745,31128.510000000002,4446.93,7,Platinum,run_20260808_212843,2026-08-08T21:28:54.819066+00:00
C05746,36838.73,12279.576666666668,3,Bronze,run_20260808_212843,2026-08-08T21:28:54.819066+00:00
C05747,58731.149999999994,11746.23,5,Platinum,run_20260808_212843,2026-08-08T21:28:54.819066+00:00
C05748,36609.54,12203.18,3,Gold,run_20260808_212843,2026-08-08T21:28:54.819066+00:00
C05749,36410.18,7282.036,5,Platinum,run_20260808_212843,2026-08-08T21:28:54.819066+00:00
C05750,40402.49,8080.498,5,Gold,run_20260808_212843,2026-08-08T21:28:54.819066+00:00
C05751,67560.85,11260.141666666668,6,Bronze,run_20260808_212843,2026-08-08T21:28:54.819066+00:00
C05752,16407.61,5469.203333333334,3,Silver,run_20260808_212843,2026-08-08T21:28:54.819066+00:00
C05753,27154.9,6788.725,4,Platinum,run_20260808_212843,2026-08-08T21:28:54.819066+00:00
C05754,70319.13,11719.855000000001,6,Bronze,run_20260808_212843,2026-08-08T21:28:54.819066+00:00
C05755,27313.96,9104.653333333334,3,Bronze,run_20260808_212843,2026-08-08T21:28:54.819066+00:00
C05756,70849.52,11808.253333333334,6,Platinum,run_20260808_212843,2026-08-08T21:28:54.819066+00:00
C05757,7639.36,3819.68,2,Silver,run_20260808_212843,2026-08-08T21:28:54.819066+00:00
C05758,34983.81,8745.9525,4,Gold,run_20260808_212843,2026-08-08T21:28:54.819066+00:00
C05759,46060.71,6580.101428571428,7,Bronze,run_20260808_212843,2026-08-08T21:28:54.819066+00:00
C05760,43983.06,7330.509999999999,6,Bronze,run_20260808_212843,2026-08-08T21:28:54.819066+00:00
C05761,28493.12,7123.28,4,Silver,run_20260808_212843,2026-08-08T21:28:54.819066+00:00
C05762,34001.96,5666.993333333333,6,Gold,run_20260808_212843,2026-08-08T21:28:54.819066+00:00
C05763,62928.93,6992.1033333333335,9,Bronze,run_20260808_212843,2026-08-08T21:28:54.819066+00:00
C05764,83219.91,10402.48875,8,Silver,run_20260808_212843,2026-08-08T21:28:54.819066+00:00
C05765,10101.47,3367.1566666666663,3,Platinum,run_20260808_212843,2026-08-08T21:28:54.819066+00:00
C05766,45521.7,11380.425,4,Silver,run_20260808_212843,2026-08-08T21:28:54.819066+00:00
C05767,35754.29,5107.755714285714,7,Silver,run_20260808_212843,2026-08-08T21:28:54.819066+00:00
C05768,51293.36,7327.622857142857,7,Bronze,run_20260808_212843,2026-08-08T21:28:54.819066+00:00
C05769,27046.190000000002,9015.396666666667,3,Gold,run_20260808_212843,2026-08-08T21:28:54.819066+00:00
C05770,18776.33,4694.0825,4,Platinum,run_20260808_212843,2026-08-08T21:28:54.819066+00:00
C05771,8954.4,2984.7999999999997,3,Silver,run_20260808_212843,2026-08-08T21:28:54.819066+00:00
C05772,38843.5,6473.916666666667,6,Platinum,run_20260808_212843,2026-08-08T21:28:54.819066+00:00
C05773,39706.54,13235.513333333334,3,Gold,run_20260808_212843,2026-08-08T21:28:54.819066+00:00
C05774,37398.59,12466.196666666665,3,Platinum,run_20260808_212843,2026-08-08T21:28:54.819066+00:00
C05775,15018.58,7509.29,2,Platinum,run_20260808_212843,2026-08-08T21:28:54.819066+00:00
C05776,24482.59,8160.863333333334,3,Bronze,run_20260808_212843,2026-08-08T21:28:54.819066+00:00
C05777,37554.9,12518.300000000001,3,Gold,run_20260808_212843,2026-08-08T21:28:54.819066+00:00
C05778,69741.33,8717.66625,8,Silver,run_20260808_212843,2026-08-08T21:28:54.819066+00:00
C05779,30182.79,10060.93,3,Bronze,run_20260808_212843,2026-08-08T21:28:54.819066+00:00
C05780,37807.57,12602.523333333333,3,Bronze,run_20260808_212843,2026-08-08T21:28:54.819066+00:00
C05781,43553.48,6221.925714285715,7,Silver,run_20260808_212843,2026-08-08T21:28:54.819066+00:00
C05782,46822.520000000004,11705.630000000001,4,Gold,run_20260808_212843,2026-08-08T21:28:54.819066+00:00
C05783,37962.91,5423.272857142858,7,Platinum,run_20260808_212843,2026-08-08T21:28:54.819066+00:00
C05784,37039.08,7407.816000000001,5,Gold,run_20260808_212843,2026-08-08T21:28:54.819066+00:00
C05785,34645.41,8661.3525,4,Gold,run_20260808_212843,2026-08-08T21:28:54.819066+00:00
C05786,88434.16,9826.017777777779,9,Platinum,run_20260808_212843,2026-08-08T21:28:54.819066+00:00
C05787,13871.55,13871.55,1,Platinum,run_20260808_212843,2026-08-08T21:28:54.819066+00:00
C05788,42231.1,6033.0142857142855,7,Platinum,run_20260808_212843,2026-08-08T21:28:54.819066+00:00
C05789,49996.55,9999.310000000001,5,Gold,run_20260808_212843,2026-08-08T21:28:54.819066+00:00
C05790,15916.2,3979.05,4,Silver,run_20260808_212843,2026-08-08T21:28:54.819066+00:00
C05791,25164.829999999998,6291.2074999999995,4,Gold,run_20260808_212843,2026-08-08T21:28:54.819066+00:00
C05792,2469.26,1234.63,2,Silver,run_20260808_212843,2026-08-08T21:28:54.819066+00:00
C05793,37774.92,12591.64,3,Gold,run_20260808_212843,2026-08-08T21:28:54.819066+00:00
C05794,30528.88,7632.22,4,Silver,run_20260808_212843,2026-08-08T21:28:54.819066+00:00
C05795,13311.95,4437.316666666667,3,Platinum,run_20260808_212843,2026-08-08T21:28:54.819066+00:00
C05796,62428.54,8918.362857142858,7,Gold,run_20260808_212843,2026-08-08T21:28:54.819066+00:00
C05797,36226.45,7245.289999999999,5,Gold,run_20260808_212843,2026-08-08T21:28:54.819066+00:00
C05798,40210.21,8042.0419999999995,5,Bronze,run_20260808_212843,2026-08-08T21:28:54.819066+00:00
C05799,16788.2,8394.1,2,Silver,run_20260808_212843,2026-08-08T21:28:54.819066+00:00
C05800,32899.76,5483.293333333334,6,Gold,run_20260808_212843,2026-08-08T21:28:54.819066+00:00
C05801,28725.480000000003,7181.370000000001,4,Gold,run_20260808_212843,2026-08-08T21:28:54.819066+00:00
C05802,13494.68,6747.34,2,Platinum,run_20260808_212843,2026-08-08T21:28:54.819066+00:00
C05803,41174.100000000006,6862.350000000001,6,Silver,run_20260808_212843,2026-08-08T21:28:54.819066+00:00
C05804,58462.24,8351.74857142857,7,Silver,run_20260808_212843,2026-08-08T21:28:54.819066+00:00
C05805,38713.82,9678.455,4,Gold,run_20260808_212843,2026-08-08T21:28:54.819066+00:00
C05806,72461.95,14492.39,5,Silver,run_20260808_212843,2026-08-08T21:28:54.819066+00:00
C05807,69374.57,6937.457,10,Silver,run_20260808_212843,2026-08-08T21:28:54.819066+00:00
C05808,34104.93,8526.2325,4,Silver,run_20260808_212843,2026-08-08T21:28:54.819066+00:00
C05809,22652.46,5663.115,4,Silver,run_20260808_212843,2026-08-08T21:28:54.819066+00:00
C05810,46033.3,7672.216666666667,6,Silver,run_20260808_212843,2026-08-08T21:28:54.819066+00:00
C05811,16535.72,2755.9533333333334,6,Bronze,run_20260808_212843,2026-08-08T21:28:54.819066+00:00
C05812,52564.409999999996,6570.5512499999995,8,Bronze,run_20260808_212843,2026-08-08T21:28:54.819066+00:00
C05813,51039.85,10207.97,5,Gold,run_20260808_212843,2026-08-08T21:28:54.819066+00:00
C05814,55126.22,9187.703333333333,6,Silver,run_20260808_212843,2026-08-08T21:28:54.819066+00:00
C05815,28085.879999999997,7021.469999999999,4,Platinum,run_20260808_212843,2026-08-08T21:28:54.819066+00:00
C05816,54295.16,9049.193333333335,6,Gold,run_20260808_212843,2026-08-08T21:28:54.819066+00:00
C05817,18347.89,6115.963333333333,3,Gold,run_20260808_212843,2026-08-08T21:28:54.819066+00:00
C05818,25273.800000000003,5054.76,5,Silver,run_20260808_212843,2026-08-08T21:28:54.819066+00:00
C05819,87638.62,14606.436666666666,6,Silver,run_20260808_212843,2026-08-08T21:28:54.819066+00:00
C05820,8090.48,4045.24,2,Bronze,run_20260808_212843,2026-08-08T21:28:54.819066+00:00
C05821,26484.530000000002,5296.906000000001,5,Gold,run_20260808_212843,2026-08-08T21:28:54.819066+00:00
C05822,39484.94,13161.646666666667,3,Gold,run_20260808_212843,2026-08-08T21:28:54.819066+00:00
C05823,41474.27,6912.378333333333,6,Silver,run_20260808_212843,2026-08-08T21:28:54.819066+00:00
C05824,3537.87,3537.87,1,Gold,run_20260808_212843,2026-08-08T21:28:54.819066+00:00
C05825,61082.26,8726.037142857143,7,Platinum,run_20260808_212843,2026-08-08T21:28:54.819066+00:00
C05826,18939.43,4734.8575,4,Silver,run_20260808_212843,2026-08-08T21:28:54.819066+00:00
C05827,48853.9,12213.475,4,Gold,run_20260808_212843,2026-08-08T21:28:54.819066+00:00
C05828,15141.38,5047.126666666666,3,Bronze,run_20260808_212843,2026-08-08T21:28:54.819066+00:00
C05829,73784.68,12297.446666666665,6,Bronze,run_20260808_212843,2026-08-08T21:28:54.819066+00:00
C05830,62845.61,8977.944285714286,7,Platinum,run_20260808_212843,2026-08-08T21:28:54.819066+00:00
C05831,24382.13,8127.376666666667,3,Platinum,run_20260808_212843,2026-08-08T21:28:54.819066+00:00
C05832,43882.36,10970.59,4,Silver,run_20260808_212843,2026-08-08T21:28:54.819066+00:00
C05833,40562.86,10140.715,4,Platinum,run_20260808_212843,2026-08-08T21:28:54.819066+00:00
C05834,32223.87,8055.9675,4,Gold,run_20260808_212843,2026-08-08T21:28:54.819066+00:00
C05835,13120.34,4373.446666666667,3,Silver,run_20260808_212843,2026-08-08T21:28:54.819066+00:00
C05836,13840.78,4613.593333333333,3,Bronze,run_20260808_212843,2026-08-08T21:28:54.819066+00:00
C05837,22854.22,7618.073333333334,3,Gold,run_20260808_212843,2026-08-08T21:28:54.819066+00:00
C05838,12632.06,4210.6866666666665,3,Gold,run_20260808_212843,2026-08-08T21:28:54.819066+00:00
C05839,35115.909999999996,7023.181999999999,5,Platinum,run_20260808_212843,2026-08-08T21:28:54.819066+00:00
C05840,42751.96,14250.653333333334,3,Gold,run_20260808_212843,2026-08-08T21:28:54.819066+00:00
C05841,51017.7,12754.425,4,Silver,run_20260808_212843,2026-08-08T21:28:54.819066+00:00
C05842,1893.63,1893.63,1,Platinum,run_20260808_212843,2026-08-08T21:28:54.819066+00:00
C05843,71312.97,11885.495,6,Gold,run_20260808_212843,2026-08-08T21:28:54.819066+00:00
C05844,84877.17,10609.64625,8,Bronze,run_20260808_212843,2026-08-08T21:28:54.819066+00:00
C05845,35380.62,7076.124000000001,5,Platinum,run_20260808_212843,2026-08-08T21:28:54.819066+00:00
C05846,10853.77,5426.885,2,Bronze,run_20260808_212843,2026-08-08T21:28:54.819066+00:00
C05847,32628.989999999998,8157.2474999999995,4,Silver,run_20260808_212843,2026-08-08T21:28:54.819066+00:00
C05848,10804.869999999999,3601.623333333333,3,Bronze,run_20260808_212843,2026-08-08T21:28:54.819066+00:00
C05849,86336.55,9592.95,9,Gold,run_20260808_212843,2026-08-08T21:28:54.819066+00:00
C05850,23285.489999999998,5821.3724999999995,4,Bronze,run_20260808_212843,2026-08-08T21:28:54.819066+00:00
C05851,47326.16,5915.77,8,Platinum,run_20260808_212843,2026-08-08T21:28:54.819066+00:00
C05852,37283.12,6213.8533333333335,6,Silver,run_20260808_212843,2026-08-08T21:28:54.819066+00:00
C05853,39852.619999999995,7970.523999999999,5,Platinum,run_20260808_212843,2026-08-08T21:28:54.819066+00:00
C05854,30248.949999999997,10082.983333333332,3,Gold,run_20260808_212843,2026-08-08T21:28:54.819066+00:00
C05855,39881.840000000004,9970.460000000001,4,Bronze,run_20260808_212843,2026-08-08T21:28:54.819066+00:00
C05856,57891.28,8270.182857142858,7,Gold,run_20260808_212843,2026-08-08T21:28:54.819066+00:00
C05857,58658.65,11731.73,5,Bronze,run_20260808_212843,2026-08-08T21:28:54.819066+00:00
C05858,33841.04,5640.173333333333,6,Silver,run_20260808_212843,2026-08-08T21:28:54.819066+00:00
C05859,46062.61,7677.1016666666665,6,Silver,run_20260808_212843,2026-08-08T21:28:54.819066+00:00
C05860,34081.64,3786.8488888888887,9,Gold,run_20260808_212843,2026-08-08T21:28:54.819066+00:00
C05861,10854.7,2170.94,5,Silver,run_20260808_212843,2026-08-08T21:28:54.819066+00:00
C05862,56068.9,18689.633333333335,3,Bronze,run_20260808_212843,2026-08-08T21:28:54.819066+00:00
C05863,61816.880000000005,12363.376,5,Bronze,run_20260808_212843,2026-08-08T21:28:54.819066+00:00
C05864,31516.949999999997,6303.389999999999,5,Platinum,run_20260808_212843,2026-08-08T21:28:54.819066+00:00
C05865,47163.0,6737.571428571428,7,Bronze,run_20260808_212843,2026-08-08T21:28:54.819066+00:00
C05866,27526.69,6881.6725,4,Platinum,run_20260808_212843,2026-08-08T21:28:54.819066+00:00
C05867,24180.64,8060.213333333333,3,Silver,run_20260808_212843,2026-08-08T21:28:54.819066+00:00
C05868,56897.96,5172.541818181818,11,Platinum,run_20260808_212843,2026-08-08T21:28:54.819066+00:00
C05869,65594.41,13118.882000000001,5,Gold,run_20260808_212843,2026-08-08T21:28:54.819066+00:00
C05870,39269.58,7853.916,5,Bronze,run_20260808_212843,2026-08-08T21:28:54.819066+00:00
C05871,48184.869999999995,12046.217499999999,4,Gold,run_20260808_212843,2026-08-08T21:28:54.819066+00:00
C05872,34068.66,6813.732000000001,5,Platinum,run_20260808_212843,2026-08-08T21:28:54.819066+00:00
C05873,74098.87,12349.811666666666,6,Silver,run_20260808_212843,2026-08-08T21:28:54.819066+00:00
C05874,58143.729999999996,9690.621666666666,6,Platinum,run_20260808_212843,2026-08-08T21:28:54.819066+00:00
C05875,4088.14,4088.14,1,Gold,run_20260808_212843,2026-08-08T21:28:54.819066+00:00
C05876,53566.54,8927.756666666666,6,Platinum,run_20260808_212843,2026-08-08T21:28:54.819066+00:00
C05877,10135.01,5067.505,2,Gold,run_20260808_212843,2026-08-08T21:28:54.819066+00:00
C05878,40610.84,6768.473333333332,6,Bronze,run_20260808_212843,2026-08-08T21:28:54.819066+00:00
C05879,59577.27,9929.545,6,Gold,run_20260808_212843,2026-08-08T21:28:54.819066+00:00
C05880,58384.810000000005,9730.801666666668,6,Gold,run_20260808_212843,2026-08-08T21:28:54.819066+00:00
C05881,12397.01,4132.336666666667,3,Gold,run_20260808_212843,2026-08-08T21:28:54.819066+00:00
C05882,90050.59,11256.32375,8,Gold,run_20260808_212843,2026-08-08T21:28:54.819066+00:00
C05883,80159.35,11451.335714285715,7,Platinum,run_20260808_212843,2026-08-08T21:28:54.819066+00:00
C05884,89197.06,8919.706,10,Bronze,run_20260808_212843,2026-08-08T21:28:54.819066+00:00
C05885,37749.37,6291.561666666667,6,Silver,run_20260808_212843,2026-08-08T21:28:54.819066+00:00
C05886,26287.23,4381.205,6,Platinum,run_20260808_212843,2026-08-08T21:28:54.819066+00:00
C05887,86153.94,8615.394,10,Platinum,run_20260808_212843,2026-08-08T21:28:54.819066+00:00
C05888,13225.06,4408.3533333333335,3,Platinum,run_20260808_212843,2026-08-08T21:28:54.819066+00:00
C05889,19391.66,9695.83,2,Gold,run_20260808_212843,2026-08-08T21:28:54.819066+00:00
C05890,34650.23,6930.046,5,Silver,run_20260808_212843,2026-08-08T21:28:54.819066+00:00
C05891,32339.5,6467.9,5,Platinum,run_20260808_212843,2026-08-08T21:28:54.819066+00:00
C05892,6252.98,3126.49,2,Platinum,run_20260808_212843,2026-08-08T21:28:54.819066+00:00
C05893,49527.76,12381.94,4,Silver,run_20260808_212843,2026-08-08T21:28:54.819066+00:00
C05894,18240.91,9120.455,2,Bronze,run_20260808_212843,2026-08-08T21:28:54.819066+00:00
C05895,15000.85,3750.2125,4,Silver,run_20260808_212843,2026-08-08T21:28:54.819066+00:00
C05896,9218.42,3072.806666666667,3,Silver,run_20260808_212843,2026-08-08T21:28:54.819066+00:00
C05897,53472.95,10694.59,5,Gold,run_20260808_212843,2026-08-08T21:28:54.819066+00:00
C05898,83152.07,8315.207,10,Platinum,run_20260808_212843,2026-08-08T21:28:54.819066+00:00
C05899,28852.82,7213.205,4,Gold,run_20260808_212843,2026-08-08T21:28:54.819066+00:00
C05900,21355.0,4271.0,5,Bronze,run_20260808_212843,2026-08-08T21:28:54.819066+00:00
C05901,44644.59,8928.918,5,Platinum,run_20260808_212843,2026-08-08T21:28:54.819066+00:00
C05902,44357.63,7392.938333333333,6,Bronze,run_20260808_212843,2026-08-08T21:28:54.819066+00:00
C05903,11074.24,2214.848,5,Bronze,run_20260808_212843,2026-08-08T21:28:54.819066+00:00
C05904,35625.56,11875.186666666666,3,Platinum,run_20260808_212843,2026-08-08T21:28:54.819066+00:00
C05905,33053.16,8263.29,4,Gold,run_20260808_212843,2026-08-08T21:28:54.819066+00:00
C05906,34729.5,8682.375,4,Platinum,run_20260808_212843,2026-08-08T21:28:54.819066+00:00
C05907,38122.76,6353.793333333334,6,Silver,run_20260808_212843,2026-08-08T21:28:54.819066+00:00
C05908,8307.48,2769.16,3,Platinum,run_20260808_212843,2026-08-08T21:28:54.819066+00:00
C05909,63215.38,10535.896666666666,6,Silver,run_20260808_212843,2026-08-08T21:28:54.819066+00:00
C05910,91647.01,8331.546363636364,11,Silver,run_20260808_212843,2026-08-08T21:28:54.819066+00:00
C05911,25860.260000000002,6465.0650000000005,4,Silver,run_20260808_212843,2026-08-08T21:28:54.819066+00:00
C05912,38386.3,12795.433333333334,3,Platinum,run_20260808_212843,2026-08-08T21:28:54.819066+00:00
C05913,46108.259999999995,11527.064999999999,4,Gold,run_20260808_212843,2026-08-08T21:28:54.819066+00:00
C05914,8224.44,2741.48,3,Platinum,run_20260808_212843,2026-08-08T21:28:54.819066+00:00
C05915,51788.799999999996,8631.466666666665,6,Bronze,run_20260808_212843,2026-08-08T21:28:54.819066+00:00
C05916,83561.51000000001,16712.302000000003,5,Gold,run_20260808_212843,2026-08-08T21:28:54.819066+00:00
C05917,23426.260000000002,4685.252,5,Gold,run_20260808_212843,2026-08-08T21:28:54.819066+00:00
C05918,21596.52,7198.84,3,Platinum,run_20260808_212843,2026-08-08T21:28:54.819066+00:00
C05919,50230.39,7175.7699999999995,7,Platinum,run_20260808_212843,2026-08-08T21:28:54.819066+00:00
C05920,60978.15,6775.35,9,Silver,run_20260808_212843,2026-08-08T21:28:54.819066+00:00
C05921,28419.75,4736.625,6,Bronze,run_20260808_212843,2026-08-08T21:28:54.819066+00:00
C05922,43777.32,14592.44,3,Bronze,run_20260808_212843,2026-08-08T21:28:54.819066+00:00
C05923,70966.69,7885.187777777778,9,Silver,run_20260808_212843,2026-08-08T21:28:54.819066+00:00
C05924,24875.47,4975.094,5,Gold,run_20260808_212843,2026-08-08T21:28:54.819066+00:00
C05925,37188.2,4648.525,8,Gold,run_20260808_212843,2026-08-08T21:28:54.819066+00:00
C05926,87885.72,9765.08,9,Platinum,run_20260808_212843,2026-08-08T21:28:54.819066+00:00
C05927,20364.38,6788.126666666667,3,Bronze,run_20260808_212843,2026-08-08T21:28:54.819066+00:00
C05928,49837.24,7119.605714285714,7,Gold,run_20260808_212843,2026-08-08T21:28:54.819066+00:00
C05929,32152.22,5358.703333333334,6,Platinum,run_20260808_212843,2026-08-08T21:28:54.819066+00:00
C05930,38218.17,6369.695,6,Silver,run_20260808_212843,2026-08-08T21:28:54.819066+00:00
C05931,23077.34,7692.446666666667,3,Platinum,run_20260808_212843,2026-08-08T21:28:54.819066+00:00
C05932,54920.34,9153.39,6,Silver,run_20260808_212843,2026-08-08T21:28:54.819066+00:00
C05933,24230.13,6057.5325,4,Bronze,run_20260808_212843,2026-08-08T21:28:54.819066+00:00
C05934,29073.36,5814.6720000000005,5,Bronze,run_20260808_212843,2026-08-08T21:28:54.819066+00:00
C05935,6319.8,1579.95,4,Gold,run_20260808_212843,2026-08-08T21:28:54.819066+00:00
C05936,67173.85,7463.761111111112,9,Platinum,run_20260808_212843,2026-08-08T21:28:54.819066+00:00
C05937,3019.04,1509.52,2,Bronze,run_20260808_212843,2026-08-08T21:28:54.819066+00:00
C05938,28660.78,5732.156,5,Gold,run_20260808_212843,2026-08-08T21:28:54.819066+00:00
C05939,33764.44,4823.4914285714285,7,Platinum,run_20260808_212843,2026-08-08T21:28:54.819066+00:00
C05940,49585.850000000006,8264.308333333334,6,Platinum,run_20260808_212843,2026-08-08T21:28:54.819066+00:00
C05941,18650.35,4662.5875,4,Gold,run_20260808_212843,2026-08-08T21:28:54.819066+00:00
C05942,73196.75,9149.59375,8,Platinum,run_20260808_212843,2026-08-08T21:28:54.819066+00:00
C05943,95118.75,9511.875,10,Bronze,run_20260808_212843,2026-08-08T21:28:54.819066+00:00
C05944,40782.369999999995,6797.061666666666,6,Gold,run_20260808_212843,2026-08-08T21:28:54.819066+00:00
C05945,55903.99,11180.797999999999,5,Bronze,run_20260808_212843,2026-08-08T21:28:54.819066+00:00
C05946,41081.97,10270.4925,4,Gold,run_20260808_212843,2026-08-08T21:28:54.819066+00:00
C05947,15676.54,7838.27,2,Silver,run_20260808_212843,2026-08-08T21:28:54.819066+00:00
C05948,51233.45,10246.689999999999,5,Bronze,run_20260808_212843,2026-08-08T21:28:54.819066+00:00
C05949,23271.129999999997,4654.226,5,Silver,run_20260808_212843,2026-08-08T21:28:54.819066+00:00
C05950,60363.73,8623.390000000001,7,Gold,run_20260808_212843,2026-08-08T21:28:54.819066+00:00
C05951,60908.880000000005,6767.653333333334,9,Platinum,run_20260808_212843,2026-08-08T21:28:54.819066+00:00
C05952,52287.62,6535.9525,8,Silver,run_20260808_212843,2026-08-08T21:28:54.819066+00:00
C05953,51132.46,8522.076666666666,6,Gold,run_20260808_212843,2026-08-08T21:28:54.819066+00:00
C05954,54192.62,10838.524000000001,5,Silver,run_20260808_212843,2026-08-08T21:28:54.819066+00:00
C05955,27447.58,6861.895,4,Bronze,run_20260808_212843,2026-08-08T21:28:54.819066+00:00
C05956,24253.58,4042.263333333334,6,Gold,run_20260808_212843,2026-08-08T21:28:54.819066+00:00
C05957,33925.07,6785.014,5,Gold,run_20260808_212843,2026-08-08T21:28:54.819066+00:00
C05958,27964.62,5592.924,5,Platinum,run_20260808_212843,2026-08-08T21:28:54.819066+00:00
C05959,10586.73,5293.365,2,Gold,run_20260808_212843,2026-08-08T21:28:54.819066+00:00
C05960,12252.68,3063.17,4,Bronze,run_20260808_212843,2026-08-08T21:28:54.819066+00:00
C05961,80501.20999999999,8050.120999999999,10,Gold,run_20260808_212843,2026-08-08T21:28:54.819066+00:00
C05962,54392.38,9065.396666666666,6,Gold,run_20260808_212843,2026-08-08T21:28:54.819066+00:00
C05963,19546.510000000002,3909.3020000000006,5,Bronze,run_20260808_212843,2026-08-08T21:28:54.819066+00:00
C05964,35840.69,5973.448333333334,6,Silver,run_20260808_212843,2026-08-08T21:28:54.819066+00:00
C05965,23061.519999999997,11530.759999999998,2,Silver,run_20260808_212843,2026-08-08T21:28:54.819066+00:00
C05966,8664.460000000001,2888.1533333333336,3,Bronze,run_20260808_212843,2026-08-08T21:28:54.819066+00:00
C05967,2597.25,2597.25,1,Silver,run_20260808_212843,2026-08-08T21:28:54.819066+00:00
C05968,39029.25,7805.85,5,Gold,run_20260808_212843,2026-08-08T21:28:54.819066+00:00
C05969,30216.4,5036.066666666667,6,Gold,run_20260808_212843,2026-08-08T21:28:54.819066+00:00
C05970,44767.23,8953.446,5,Gold,run_20260808_212843,2026-08-08T21:28:54.819066+00:00
C05971,72057.34,8006.371111111111,9,Gold,run_20260808_212843,2026-08-08T21:28:54.819066+00:00
C05972,23626.55,5906.6375,4,Gold,run_20260808_212843,2026-08-08T21:28:54.819066+00:00
C05973,24809.9,6202.475,4,Bronze,run_20260808_212843,2026-08-08T21:28:54.819066+00:00
C05974,66376.02,13275.204000000002,5,Gold,run_20260808_212843,2026-08-08T21:28:54.819066+00:00
C05975,33029.79,6605.9580000000005,5,Silver,run_20260808_212843,2026-08-08T21:28:54.819066+00:00
C05976,55907.2,6211.911111111111,9,Bronze,run_20260808_212843,2026-08-08T21:28:54.819066+00:00
C05977,12376.41,3094.1025,4,Silver,run_20260808_212843,2026-08-08T21:28:54.819066+00:00
C05978,54041.630000000005,9006.938333333334,6,Gold,run_20260808_212843,2026-08-08T21:28:54.819066+00:00
C05979,6800.71,2266.903333333333,3,Gold,run_20260808_212843,2026-08-08T21:28:54.819066+00:00
C05980,19010.920000000002,6336.973333333334,3,Platinum,run_20260808_212843,2026-08-08T21:28:54.819066+00:00
C05981,27770.85,3085.6499999999996,9,Platinum,run_20260808_212843,2026-08-08T21:28:54.819066+00:00
C05982,18729.109999999997,4682.277499999999,4,Gold,run_20260808_212843,2026-08-08T21:28:54.819066+00:00
C05983,64493.21,8061.65125,8,Silver,run_20260808_212843,2026-08-08T21:28:54.819066+00:00
C05984,72665.54,9083.1925,8,Bronze,run_20260808_212843,2026-08-08T21:28:54.819066+00:00
C05985,26116.34,13058.17,2,Silver,run_20260808_212843,2026-08-08T21:28:54.819066+00:00
C05986,37731.700000000004,7546.340000000001,5,Silver,run_20260808_212843,2026-08-08T21:28:54.819066+00:00
C05987,66311.38,6028.307272727273,11,Silver,run_20260808_212843,2026-08-08T21:28:54.819066+00:00
C05988,38174.74,5453.534285714285,7,Silver,run_20260808_212843,2026-08-08T21:28:54.819066+00:00
C05989,43405.11,10851.2775,4,Bronze,run_20260808_212843,2026-08-08T21:28:54.819066+00:00
C05990,50582.09,6322.76125,8,Platinum,run_20260808_212843,2026-08-08T21:28:54.819066+00:00
C05991,59681.99,8525.99857142857,7,Platinum,run_20260808_212843,2026-08-08T21:28:54.819066+00:00
C05992,81506.22,9056.246666666666,9,Bronze,run_20260808_212843,2026-08-08T21:28:54.819066+00:00
C05993,59723.5,7465.4375,8,Bronze,run_20260808_212843,2026-08-08T21:28:54.819066+00:00
C05994,41301.86,6883.643333333333,6,Silver,run_20260808_212843,2026-08-08T21:28:54.819066+00:00
C05995,62189.36,8884.194285714286,7,Bronze,run_20260808_212843,2026-08-08T21:28:54.819066+00:00
C05996,46941.729999999996,6705.961428571428,7,Platinum,run_20260808_212843,2026-08-08T21:28:54.819066+00:00
C05997,45138.119999999995,7523.0199999999995,6,Gold,run_20260808_212843,2026-08-08T21:28:54.819066+00:00
C05998,74964.33,9370.54125,8,Gold,run_20260808_212843,2026-08-08T21:28:54.819066+00:00
C05999,35993.87,8998.4675,4,Gold,run_20260808_212843,2026-08-08T21:28:54.819066+00:00
C06000,49457.69,9891.538,5,Silver,run_20260808_212843,2026-08-08T21:28:54.819066+00:00
C06001,37946.33,9486.5825,4,Platinum,run_20260808_212843,2026-08-08T21:28:54.819066+00:00
C06002,53261.52,10652.304,5,Gold,run_20260808_212843,2026-08-08T21:28:54.819066+00:00
C06003,84382.92,9375.88,9,Silver,run_20260808_212843,2026-08-08T21:28:54.819066+00:00
C06004,26123.95,6530.9875,4,Gold,run_20260808_212843,2026-08-08T21:28:54.819066+00:00
C06005,53173.14,7596.162857142857,7,Bronze,run_20260808_212843,2026-08-08T21:28:54.819066+00:00
C06006,33658.020000000004,11219.340000000002,3,Bronze,run_20260808_212843,2026-08-08T21:28:54.819066+00:00
C06007,31575.11,10525.036666666667,3,Silver,run_20260808_212843,2026-08-08T21:28:54.819066+00:00
C06008,40472.66,8094.532000000001,5,Silver,run_20260808_212843,2026-08-08T21:28:54.819066+00:00
C06009,57185.64,7148.205,8,Silver,run_20260808_212843,2026-08-08T21:28:54.819066+00:00
C06010,21562.42,10781.21,2,Silver,run_20260808_212843,2026-08-08T21:28:54.819066+00:00
C06011,48291.0,9658.2,5,Gold,run_20260808_212843,2026-08-08T21:28:54.819066+00:00
C06012,19566.77,6522.256666666667,3,Silver,run_20260808_212843,2026-08-08T21:28:54.819066+00:00
C06013,6914.58,3457.29,2,Silver,run_20260808_212843,2026-08-08T21:28:54.819066+00:00
C06015,43609.52,4360.951999999999,10,Bronze,run_20260808_212843,2026-08-08T21:28:54.819066+00:00
C06016,32170.269999999997,8042.567499999999,4,Platinum,run_20260808_212843,2026-08-08T21:28:54.819066+00:00
C06017,84930.91,7077.575833333333,12,Bronze,run_20260808_212843,2026-08-08T21:28:54.819066+00:00
C06018,37895.659999999996,7579.132,5,Bronze,run_20260808_212843,2026-08-08T21:28:54.819066+00:00
C06019,64441.240000000005,10740.206666666667,6,Bronze,run_20260808_212843,2026-08-08T21:28:54.819066+00:00
C06020,42990.729999999996,6141.532857142856,7,Platinum,run_20260808_212843,2026-08-08T21:28:54.819066+00:00
C06021,53770.07,10754.014,5,Platinum,run_20260808_212843,2026-08-08T21:28:54.819066+00:00
C06022,36615.53,18307.765,2,Bronze,run_20260808_212843,2026-08-08T21:28:54.819066+00:00
C06023,28873.309999999998,9624.436666666666,3,Silver,run_20260808_212843,2026-08-08T21:28:54.819066+00:00
C06024,31056.47,7764.1175,4,Bronze,run_20260808_212843,2026-08-08T21:28:54.819066+00:00
C06025,7554.75,7554.75,1,Bronze,run_20260808_212843,2026-08-08T21:28:54.819066+00:00
C06026,43253.91,6179.13,7,Bronze,run_20260808_212843,2026-08-08T21:28:54.819066+00:00
C06027,38992.79,9748.1975,4,Platinum,run_20260808_212843,2026-08-08T21:28:54.819066+00:00
C06028,40573.9,6762.316666666667,6,Bronze,run_20260808_212843,2026-08-08T21:28:54.819066+00:00
C06029,47622.46,7937.076666666667,6,Gold,run_20260808_212843,2026-08-08T21:28:54.819066+00:00
C06030,59128.67,7391.08375,8,Bronze,run_20260808_212843,2026-08-08T21:28:54.819066+00:00
C06031,11890.71,2972.6775,4,Bronze,run_20260808_212843,2026-08-08T21:28:54.819066+00:00
C06032,30345.660000000003,7586.415000000001,4,Gold,run_20260808_212843,2026-08-08T21:28:54.819066+00:00
C06033,58139.159999999996,7267.3949999999995,8,Bronze,run_20260808_212843,2026-08-08T21:28:54.819066+00:00
C06034,53513.3,6689.1625,8,Bronze,run_20260808_212843,2026-08-08T21:28:54.819066+00:00
C06035,55658.75,11131.75,5,Bronze,run_20260808_212843,2026-08-08T21:28:54.819066+00:00
C06036,48961.280000000006,8160.213333333334,6,Silver,run_20260808_212843,2026-08-08T21:28:54.819066+00:00
C06037,39329.49,4916.18625,8,Silver,run_20260808_212843,2026-08-08T21:28:54.819066+00:00
C06038,60529.2,12105.84,5,Silver,run_20260808_212843,2026-08-08T21:28:54.819066+00:00
C06039,27917.559999999998,6979.389999999999,4,Gold,run_20260808_212843,2026-08-08T21:28:54.819066+00:00
C06040,4352.52,4352.52,1,Bronze,run_20260808_212843,2026-08-08T21:28:54.819066+00:00
C06041,44049.83,5506.22875,8,Bronze,run_20260808_212843,2026-08-08T21:28:54.819066+00:00
C06042,13852.18,4617.393333333333,3,Silver,run_20260808_212843,2026-08-08T21:28:54.819066+00:00
C06043,65540.79,13108.158,5,Gold,run_20260808_212843,2026-08-08T21:28:54.819066+00:00
C06044,68137.63,9733.947142857143,7,Gold,run_20260808_212843,2026-08-08T21:28:54.819066+00:00
C06045,18288.79,9144.395,2,Gold,run_20260808_212843,2026-08-08T21:28:54.819066+00:00
C06046,6540.34,6540.34,1,Silver,run_20260808_212843,2026-08-08T21:28:54.819066+00:00
C06047,44421.159999999996,11105.289999999999,4,Silver,run_20260808_212843,2026-08-08T21:28:54.819066+00:00
C06048,23182.67,3863.778333333333,6,Bronze,run_20260808_212843,2026-08-08T21:28:54.819066+00:00
C06049,58463.94,6495.993333333334,9,Bronze,run_20260808_212843,2026-08-08T21:28:54.819066+00:00
C06050,41333.25,13777.75,3,Bronze,run_20260808_212843,2026-08-08T21:28:54.819066+00:00
C06051,18279.8,9139.9,2,Silver,run_20260808_212843,2026-08-08T21:28:54.819066+00:00
C06052,29847.29,9949.096666666666,3,Silver,run_20260808_212843,2026-08-08T21:28:54.819066+00:00
C06053,13988.44,4662.8133333333335,3,Gold,run_20260808_212843,2026-08-08T21:28:54.819066+00:00
C06054,13210.68,13210.68,1,Silver,run_20260808_212843,2026-08-08T21:28:54.819066+00:00
C06055,35705.61,11901.87,3,Bronze,run_20260808_212843,2026-08-08T21:28:54.819066+00:00
C06056,35953.21,7190.642,5,Bronze,run_20260808_212843,2026-08-08T21:28:54.819066+00:00
C06057,25949.4,12974.7,2,Silver,run_20260808_212843,2026-08-08T21:28:54.819066+00:00
C06058,7905.62,2635.2066666666665,3,Platinum,run_20260808_212843,2026-08-08T21:28:54.819066+00:00
C06059,46752.39,7792.065,6,Gold,run_20260808_212843,2026-08-08T21:28:54.819066+00:00
C06060,7601.33,3800.665,2,Silver,run_20260808_212843,2026-08-08T21:28:54.819066+00:00
C06061,3330.71,3330.71,1,Platinum,run_20260808_212843,2026-08-08T21:28:54.819066+00:00
C06062,41712.17,10428.0425,4,Bronze,run_20260808_212843,2026-08-08T21:28:54.819066+00:00
C06063,24356.92,6089.23,4,Silver,run_20260808_212843,2026-08-08T21:28:54.819066+00:00
C06064,12431.96,6215.98,2,Gold,run_20260808_212843,2026-08-08T21:28:54.819066+00:00
C06065,19486.16,3897.232,5,Platinum,run_20260808_212843,2026-08-08T21:28:54.819066+00:00
C06066,39404.99,9851.2475,4,Platinum,run_20260808_212843,2026-08-08T21:28:54.819066+00:00
C06067,29756.620000000003,7439.155000000001,4,Silver,run_20260808_212843,2026-08-08T21:28:54.819066+00:00
C06068,50389.8,8398.300000000001,6,Silver,run_20260808_212843,2026-08-08T21:28:54.819066+00:00
C06069,3786.86,1893.43,2,Platinum,run_20260808_212843,2026-08-08T21:28:54.819066+00:00
C06070,50325.45,12581.3625,4,Bronze,run_20260808_212843,2026-08-08T21:28:54.819066+00:00
C06071,28357.120000000003,5671.424000000001,5,Gold,run_20260808_212843,2026-08-08T21:28:54.819066+00:00
C06072,38272.76,9568.19,4,Bronze,run_20260808_212843,2026-08-08T21:28:54.819066+00:00
C06073,39608.17,9902.0425,4,Platinum,run_20260808_212843,2026-08-08T21:28:54.819066+00:00
C06074,94986.97,7915.580833333333,12,Bronze,run_20260808_212843,2026-08-08T21:28:54.819066+00:00
C06075,15338.970000000001,3834.7425000000003,4,Silver,run_20260808_212843,2026-08-08T21:28:54.819066+00:00
C06076,50750.28999999999,8458.381666666666,6,Platinum,run_20260808_212843,2026-08-08T21:28:54.819066+00:00
C06077,42152.5,6021.785714285715,7,Gold,run_20260808_212843,2026-08-08T21:28:54.819066+00:00
C06078,80788.95,8976.55,9,Gold,run_20260808_212843,2026-08-08T21:28:54.819066+00:00
C06079,27745.050000000003,5549.01,5,Bronze,run_20260808_212843,2026-08-08T21:28:54.819066+00:00
C06080,55746.600000000006,6968.325000000001,8,Bronze,run_20260808_212843,2026-08-08T21:28:54.819066+00:00
C06081,81976.8,13662.800000000001,6,Gold,run_20260808_212843,2026-08-08T21:28:54.819066+00:00
C06082,64038.81,9148.401428571427,7,Platinum,run_20260808_212843,2026-08-08T21:28:54.819066+00:00
C06083,18065.51,6021.836666666666,3,Bronze,run_20260808_212843,2026-08-08T21:28:54.819066+00:00
C06084,34228.47,5704.745,6,Platinum,run_20260808_212843,2026-08-08T21:28:54.819066+00:00
C06085,64259.42,8032.4275,8,Gold,run_20260808_212843,2026-08-08T21:28:54.819066+00:00
C06086,23259.239999999998,5814.8099999999995,4,Platinum,run_20260808_212843,2026-08-08T21:28:54.819066+00:00
C06087,45858.600000000006,7643.100000000001,6,Gold,run_20260808_212843,2026-08-08T21:28:54.819066+00:00
C06088,23155.829999999998,3859.305,6,Platinum,run_20260808_212843,2026-08-08T21:28:54.819066+00:00
C06089,26879.76,6719.94,4,Silver,run_20260808_212843,2026-08-08T21:28:54.819066+00:00
C06090,48292.41,12073.1025,4,Platinum,run_20260808_212843,2026-08-08T21:28:54.819066+00:00
C06091,70382.59,14076.518,5,Gold,run_20260808_212843,2026-08-08T21:28:54.819066+00:00
C06092,34768.94,4966.9914285714285,7,Platinum,run_20260808_212843,2026-08-08T21:28:54.819066+00:00
C06093,40068.14,5724.0199999999995,7,Silver,run_20260808_212843,2026-08-08T21:28:54.819066+00:00
C06094,53836.33,10767.266,5,Bronze,run_20260808_212843,2026-08-08T21:28:54.819066+00:00
C06095,41095.15,6849.191666666667,6,Platinum,run_20260808_212843,2026-08-08T21:28:54.819066+00:00
C06096,16883.72,3376.744,5,Gold,run_20260808_212843,2026-08-08T21:28:54.819066+00:00
C06097,35224.06,7044.812,5,Silver,run_20260808_212843,2026-08-08T21:28:54.819066+00:00
C06098,62628.33,7828.54125,8,Bronze,run_20260808_212843,2026-08-08T21:28:54.819066+00:00
C06099,32286.52,5381.086666666667,6,Platinum,run_20260808_212843,2026-08-08T21:28:54.819066+00:00
C06100,55415.72,6926.965,8,Bronze,run_20260808_212843,2026-08-08T21:28:54.819066+00:00
C06102,28733.649999999998,7183.412499999999,4,Platinum,run_20260808_212843,2026-08-08T21:28:54.819066+00:00
C06103,63091.979999999996,9013.14,7,Bronze,run_20260808_212843,2026-08-08T21:28:54.819066+00:00
C06104,11985.36,3995.1200000000003,3,Bronze,run_20260808_212843,2026-08-08T21:28:54.819066+00:00
C06105,83283.9,13880.65,6,Silver,run_20260808_212843,2026-08-08T21:28:54.819066+00:00
C06107,21261.26,10630.63,2,Platinum,run_20260808_212843,2026-08-08T21:28:54.819066+00:00
C06108,25040.2,8346.733333333334,3,Bronze,run_20260808_212843,2026-08-08T21:28:54.819066+00:00
C06109,6249.3,3124.65,2,Silver,run_20260808_212843,2026-08-08T21:28:54.819066+00:00
C06110,44214.36,14738.12,3,Bronze,run_20260808_212843,2026-08-08T21:28:54.819066+00:00
C06111,30244.18,6048.836,5,Gold,run_20260808_212843,2026-08-08T21:28:54.819066+00:00
C06112,41449.35,20724.675,2,Silver,run_20260808_212843,2026-08-08T21:28:54.819066+00:00
C06113,34702.0,4337.75,8,Gold,run_20260808_212843,2026-08-08T21:28:54.819066+00:00
C06114,56272.149999999994,14068.037499999999,4,Silver,run_20260808_212843,2026-08-08T21:28:54.819066+00:00
C06115,19963.69,3992.738,5,Platinum,run_20260808_212843,2026-08-08T21:28:54.819066+00:00
C06116,29448.09,7362.0225,4,Bronze,run_20260808_212843,2026-08-08T21:28:54.819066+00:00
C06117,7381.2,7381.2,1,Silver,run_20260808_212843,2026-08-08T21:28:54.819066+00:00
C06118,10714.2,3571.4,3,Platinum,run_20260808_212843,2026-08-08T21:28:54.819066+00:00
C06119,36304.54,7260.908,5,Platinum,run_20260808_212843,2026-08-08T21:28:54.819066+00:00
C06120,14254.66,7127.33,2,Gold,run_20260808_212843,2026-08-08T21:28:54.819066+00:00
C06121,106030.85,11781.205555555556,9,Gold,run_20260808_212843,2026-08-08T21:28:54.819066+00:00
C06122,53989.04,6748.63,8,Platinum,run_20260808_212843,2026-08-08T21:28:54.819066+00:00
C06123,26038.77,8679.59,3,Gold,run_20260808_212843,2026-08-08T21:28:54.819066+00:00
C06124,34852.08,8713.02,4,Platinum,run_20260808_212843,2026-08-08T21:28:54.819066+00:00
C06125,72099.66,8011.073333333334,9,Platinum,run_20260808_212843,2026-08-08T21:28:54.819066+00:00
C06126,38061.43,9515.3575,4,Platinum,run_20260808_212843,2026-08-08T21:28:54.819066+00:00
C06127,20435.35,3405.8916666666664,6,Gold,run_20260808_212843,2026-08-08T21:28:54.819066+00:00
C06128,5247.97,2623.985,2,Silver,run_20260808_212843,2026-08-08T21:28:54.819066+00:00
C06129,28132.02,7033.005,4,Platinum,run_20260808_212843,2026-08-08T21:28:54.819066+00:00
C06130,26889.88,4481.6466666666665,6,Bronze,run_20260808_212843,2026-08-08T21:28:54.819066+00:00
C06131,48639.85,6948.55,7,Bronze,run_20260808_212843,2026-08-08T21:28:54.819066+00:00
C06132,74343.96,12390.660000000002,6,Gold,run_20260808_212843,2026-08-08T21:28:54.819066+00:00
C06133,56408.869999999995,8058.409999999999,7,Platinum,run_20260808_212843,2026-08-08T21:28:54.819066+00:00
C06134,75956.74,6905.158181818182,11,Platinum,run_20260808_212843,2026-08-08T21:28:54.819066+00:00
C06135,16846.97,5615.656666666667,3,Silver,run_20260808_212843,2026-08-08T21:28:54.819066+00:00
C06136,45015.16,7502.526666666668,6,Silver,run_20260808_212843,2026-08-08T21:28:54.819066+00:00
C06137,44660.95,6380.135714285714,7,Bronze,run_20260808_212843,2026-08-08T21:28:54.819066+00:00
C06138,35350.96,5891.826666666667,6,Bronze,run_20260808_212843,2026-08-08T21:28:54.819066+00:00
C06139,48905.94,8150.990000000001,6,Bronze,run_20260808_212843,2026-08-08T21:28:54.819066+00:00
C06140,68270.51,9752.929999999998,7,Bronze,run_20260808_212843,2026-08-08T21:28:54.819066+00:00
C06141,14564.03,7282.015,2,Platinum,run_20260808_212843,2026-08-08T21:28:54.819066+00:00
C06142,113323.88,10302.17090909091,11,Bronze,run_20260808_212843,2026-08-08T21:28:54.819066+00:00
C06143,13363.33,4454.443333333334,3,Silver,run_20260808_212843,2026-08-08T21:28:54.819066+00:00
C06144,66614.93000000001,11102.488333333335,6,Platinum,run_20260808_212843,2026-08-08T21:28:54.819066+00:00
C06145,63112.3,10518.716666666667,6,Gold,run_20260808_212843,2026-08-08T21:28:54.819066+00:00
C06146,42263.009999999995,8452.601999999999,5,Silver,run_20260808_212843,2026-08-08T21:28:54.819066+00:00
C06147,44143.75,7357.291666666667,6,Gold,run_20260808_212843,2026-08-08T21:28:54.819066+00:00
C06148,10591.59,2647.8975,4,Bronze,run_20260808_212843,2026-08-08T21:28:54.819066+00:00
C06149,17377.7,8688.85,2,Bronze,run_20260808_212843,2026-08-08T21:28:54.819066+00:00
C06150,39976.63,13325.543333333333,3,Platinum,run_20260808_212843,2026-08-08T21:28:54.819066+00:00
C06151,62903.84,8986.262857142856,7,Platinum,run_20260808_212843,2026-08-08T21:28:54.819066+00:00
C06152,45020.1,11255.025,4,Silver,run_20260808_212843,2026-08-08T21:28:54.819066+00:00
C06153,9380.240000000002,3126.7466666666674,3,Gold,run_20260808_212843,2026-08-08T21:28:54.819066+00:00
C06154,29963.8,7490.95,4,Platinum,run_20260808_212843,2026-08-08T21:28:54.819066+00:00
C06155,53286.21,8881.035,6,Platinum,run_20260808_212843,2026-08-08T21:28:54.819066+00:00
C06156,47826.619999999995,7971.103333333333,6,Gold,run_20260808_212843,2026-08-08T21:28:54.819066+00:00
C06157,17108.96,5702.986666666667,3,Gold,run_20260808_212843,2026-08-08T21:28:54.819066+00:00
C06158,8044.74,4022.37,2,Bronze,run_20260808_212843,2026-08-08T21:28:54.819066+00:00
C06159,17196.68,4299.17,4,Bronze,run_20260808_212843,2026-08-08T21:28:54.819066+00:00
C06160,54773.799999999996,7824.828571428571,7,Platinum,run_20260808_212843,2026-08-08T21:28:54.819066+00:00
C06161,101782.92,11309.213333333333,9,Bronze,run_20260808_212843,2026-08-08T21:28:54.819066+00:00
C06162,52620.05,7517.150000000001,7,Platinum,run_20260808_212843,2026-08-08T21:28:54.819066+00:00
C06163,41475.44,6912.573333333334,6,Platinum,run_20260808_212843,2026-08-08T21:28:54.819066+00:00
C06164,10812.51,5406.255,2,Gold,run_20260808_212843,2026-08-08T21:28:54.819066+00:00
C06165,23318.230000000003,5829.557500000001,4,Platinum,run_20260808_212843,2026-08-08T21:28:54.819066+00:00
C06166,74005.29000000001,9250.661250000001,8,Platinum,run_20260808_212843,2026-08-08T21:28:54.819066+00:00
C06167,25046.0,12523.0,2,Platinum,run_20260808_212843,2026-08-08T21:28:54.819066+00:00
C06168,50645.840000000004,10129.168000000001,5,Bronze,run_20260808_212843,2026-08-08T21:28:54.819066+00:00
C06169,25713.66,8571.22,3,Bronze,run_20260808_212843,2026-08-08T21:28:54.819066+00:00
C06170,40559.04,13519.68,3,Silver,run_20260808_212843,2026-08-08T21:28:54.819066+00:00
C06171,42049.2,5256.15,8,Gold,run_20260808_212843,2026-08-08T21:28:54.819066+00:00
C06172,27213.32,6803.33,4,Silver,run_20260808_212843,2026-08-08T21:28:54.819066+00:00
C06173,25310.760000000002,8436.92,3,Platinum,run_20260808_212843,2026-08-08T21:28:54.819066+00:00
C06174,62893.41,12578.682,5,Platinum,run_20260808_212843,2026-08-08T21:28:54.819066+00:00
C06175,29150.86,9716.953333333333,3,Silver,run_20260808_212843,2026-08-08T21:28:54.819066+00:00
C06176,12465.33,4155.11,3,Gold,run_20260808_212843,2026-08-08T21:28:54.819066+00:00
C06177,23036.46,5759.115,4,Platinum,run_20260808_212843,2026-08-08T21:28:54.819066+00:00
C06178,40207.88,8041.575999999999,5,Platinum,run_20260808_212843,2026-08-08T21:28:54.819066+00:00
C06179,15896.66,5298.886666666666,3,Bronze,run_20260808_212843,2026-08-08T21:28:54.819066+00:00
C06180,3896.9,3896.9,1,Platinum,run_20260808_212843,2026-08-08T21:28:54.819066+00:00
C06181,47097.72,6728.245714285715,7,Platinum,run_20260808_212843,2026-08-08T21:28:54.819066+00:00
C06183,35141.22,8785.305,4,Silver,run_20260808_212843,2026-08-08T21:28:54.819066+00:00
C06184,50241.03,8373.505,6,Bronze,run_20260808_212843,2026-08-08T21:28:54.819066+00:00
C06185,60128.03,10021.338333333333,6,Platinum,run_20260808_212843,2026-08-08T21:28:54.819066+00:00
C06186,50701.85,10140.369999999999,5,Gold,run_20260808_212843,2026-08-08T21:28:54.819066+00:00
C06187,80324.53,10040.56625,8,Platinum,run_20260808_212843,2026-08-08T21:28:54.819066+00:00
C06188,29786.89,5957.378,5,Platinum,run_20260808_212843,2026-08-08T21:28:54.819066+00:00
C06189,25722.329999999998,12861.164999999999,2,Gold,run_20260808_212843,2026-08-08T21:28:54.819066+00:00
C06190,9315.73,3105.2433333333333,3,Gold,run_20260808_212843,2026-08-08T21:28:54.819066+00:00
C06191,1545.84,1545.84,1,Gold,run_20260808_212843,2026-08-08T21:28:54.819066+00:00
C06192,34102.8,8525.7,4,Bronze,run_20260808_212843,2026-08-08T21:28:54.819066+00:00
C06193,25905.5,8635.166666666666,3,Bronze,run_20260808_212843,2026-08-08T21:28:54.819066+00:00
C06194,45635.22,4563.522,10,Bronze,run_20260808_212843,2026-08-08T21:28:54.819066+00:00
C06195,45553.96,5061.551111111111,9,Silver,run_20260808_212843,2026-08-08T21:28:54.819066+00:00
C06196,3864.7,3864.7,1,Gold,run_20260808_212843,2026-08-08T21:28:54.819066+00:00
C06197,46440.46,9288.092,5,Gold,run_20260808_212843,2026-08-08T21:28:54.819066+00:00
C06198,48955.6,12238.9,4,Bronze,run_20260808_212843,2026-08-08T21:28:54.819066+00:00
C06199,249.15,249.15,1,Gold,run_20260808_212843,2026-08-08T21:28:54.819066+00:00
C06200,42490.159999999996,8498.032,5,Platinum,run_20260808_212843,2026-08-08T21:28:54.819066+00:00
C06201,26320.809999999998,6580.202499999999,4,Bronze,run_20260808_212843,2026-08-08T21:28:54.819066+00:00
C06202,25260.6,8420.199999999999,3,Platinum,run_20260808_212843,2026-08-08T21:28:54.819066+00:00
C06203,61046.68,7630.835,8,Gold,run_20260808_212843,2026-08-08T21:28:54.819066+00:00
C06204,33417.09,8354.2725,4,Gold,run_20260808_212843,2026-08-08T21:28:54.819066+00:00
C06205,9028.62,9028.62,1,Platinum,run_20260808_212843,2026-08-08T21:28:54.819066+00:00
C06206,47551.74,5283.526666666667,9,Gold,run_20260808_212843,2026-08-08T21:28:54.819066+00:00
C06207,43189.2,8637.84,5,Bronze,run_20260808_212843,2026-08-08T21:28:54.819066+00:00
C06208,30386.829999999998,7596.7074999999995,4,Silver,run_20260808_212843,2026-08-08T21:28:54.819066+00:00
C06209,42097.11,6013.872857142857,7,Silver,run_20260808_212843,2026-08-08T21:28:54.819066+00:00
C06210,33052.89,11017.63,3,Silver,run_20260808_212843,2026-08-08T21:28:54.819066+00:00
C06211,72456.46,12076.076666666668,6,Gold,run_20260808_212843,2026-08-08T21:28:54.819066+00:00
C06212,46352.63,7725.438333333333,6,Bronze,run_20260808_212843,2026-08-08T21:28:54.819066+00:00
C06213,11898.41,3966.1366666666668,3,Bronze,run_20260808_212843,2026-08-08T21:28:54.819066+00:00
C06214,67319.41,6731.941000000001,10,Gold,run_20260808_212843,2026-08-08T21:28:54.819066+00:00
C06215,38790.740000000005,9697.685000000001,4,Bronze,run_20260808_212843,2026-08-08T21:28:54.819066+00:00
C06216,31163.62,7790.905,4,Gold,run_20260808_212843,2026-08-08T21:28:54.819066+00:00
C06217,89699.5,8154.5,11,Silver,run_20260808_212843,2026-08-08T21:28:54.819066+00:00
C06218,56763.78,9460.63,6,Bronze,run_20260808_212843,2026-08-08T21:28:54.819066+00:00
C06219,42248.15,8449.630000000001,5,Gold,run_20260808_212843,2026-08-08T21:28:54.819066+00:00
C06220,44955.850000000006,6422.264285714286,7,Bronze,run_20260808_212843,2026-08-08T21:28:54.819066+00:00
C06221,23521.97,3920.3283333333334,6,Platinum,run_20260808_212843,2026-08-08T21:28:54.819066+00:00
C06222,50899.09,12724.7725,4,Platinum,run_20260808_212843,2026-08-08T21:28:54.819066+00:00
C06223,53311.68,8885.28,6,Platinum,run_20260808_212843,2026-08-08T21:28:54.819066+00:00
C06224,21456.89,10728.445,2,Gold,run_20260808_212843,2026-08-08T21:28:54.819066+00:00
C06225,9627.630000000001,3209.2100000000005,3,Bronze,run_20260808_212843,2026-08-08T21:28:54.819066+00:00
C06227,46569.490000000005,7761.581666666668,6,Bronze,run_20260808_212843,2026-08-08T21:28:54.819066+00:00
C06228,20174.59,4034.918,5,Gold,run_20260808_212843,2026-08-08T21:28:54.819066+00:00
C06229,63745.17,7968.14625,8,Platinum,run_20260808_212843,2026-08-08T21:28:54.819066+00:00
C06230,38169.6,12723.199999999999,3,Platinum,run_20260808_212843,2026-08-08T21:28:54.819066+00:00
C06231,52376.28,8729.38,6,Gold,run_20260808_212843,2026-08-08T21:28:54.819066+00:00
C06232,71927.23,11987.871666666666,6,Bronze,run_20260808_212843,2026-08-08T21:28:54.819066+00:00
C06233,3351.12,3351.12,1,Platinum,run_20260808_212843,2026-08-08T21:28:54.819066+00:00
C06234,9405.06,4702.53,2,Bronze,run_20260808_212843,2026-08-08T21:28:54.819066+00:00
C06235,31191.33,10397.11,3,Silver,run_20260808_212843,2026-08-08T21:28:54.819066+00:00
C06236,11616.19,5808.095,2,Gold,run_20260808_212843,2026-08-08T21:28:54.819066+00:00
C06237,128404.73,8560.315333333334,15,Platinum,run_20260808_212843,2026-08-08T21:28:54.819066+00:00
C06238,50138.619999999995,8356.436666666666,6,Gold,run_20260808_212843,2026-08-08T21:28:54.819066+00:00
C06239,50004.0,6250.5,8,Silver,run_20260808_212843,2026-08-08T21:28:54.819066+00:00
C06240,27547.390000000003,9182.463333333335,3,Gold,run_20260808_212843,2026-08-08T21:28:54.819066+00:00
C06241,74137.23,6739.748181818181,11,Gold,run_20260808_212843,2026-08-08T21:28:54.819066+00:00
C06242,29503.08,7375.77,4,Platinum,run_20260808_212843,2026-08-08T21:28:54.819066+00:00
C06243,43584.03,7264.005,6,Silver,run_20260808_212843,2026-08-08T21:28:54.819066+00:00
C06244,11955.56,2988.89,4,Platinum,run_20260808_212843,2026-08-08T21:28:54.819066+00:00
C06245,15814.48,15814.48,1,Bronze,run_20260808_212843,2026-08-08T21:28:54.819066+00:00
C06246,59594.55,9932.425000000001,6,Silver,run_20260808_212843,2026-08-08T21:28:54.819066+00:00
C06247,40146.020000000004,10036.505000000001,4,Gold,run_20260808_212843,2026-08-08T21:28:54.819066+00:00
C06248,13129.77,6564.885,2,Gold,run_20260808_212843,2026-08-08T21:28:54.819066+00:00
C06249,1074.66,1074.66,1,Bronze,run_20260808_212843,2026-08-08T21:28:54.819066+00:00
C06250,51354.52,8559.086666666666,6,Gold,run_20260808_212843,2026-08-08T21:28:54.819066+00:00
C06251,15117.27,7558.635,2,Platinum,run_20260808_212843,2026-08-08T21:28:54.819066+00:00
C06252,42161.39,7026.8983333333335,6,Silver,run_20260808_212843,2026-08-08T21:28:54.819066+00:00
C06253,34854.86,6970.972,5,Bronze,run_20260808_212843,2026-08-08T21:28:54.819066+00:00
C06254,19109.47,9554.735,2,Bronze,run_20260808_212843,2026-08-08T21:28:54.819066+00:00
C06255,15125.14,5041.713333333333,3,Gold,run_20260808_212843,2026-08-08T21:28:54.819066+00:00
C06256,56892.22,6321.357777777778,9,Gold,run_20260808_212843,2026-08-08T21:28:54.819066+00:00
C06257,19345.1,9672.55,2,Bronze,run_20260808_212843,2026-08-08T21:28:54.819066+00:00
C06258,48812.86,9762.572,5,Platinum,run_20260808_212843,2026-08-08T21:28:54.819066+00:00
C06259,55634.46,11126.892,5,Platinum,run_20260808_212843,2026-08-08T21:28:54.819066+00:00
C06260,31692.1,7923.025,4,Silver,run_20260808_212843,2026-08-08T21:28:54.819066+00:00
C06261,53809.259999999995,7687.0371428571425,7,Gold,run_20260808_212843,2026-08-08T21:28:54.819066+00:00
C06262,53707.77,8951.295,6,Bronze,run_20260808_212843,2026-08-08T21:28:54.819066+00:00
C06263,55711.990000000005,11142.398000000001,5,Gold,run_20260808_212843,2026-08-08T21:28:54.819066+00:00
C06264,39825.17,7965.034,5,Gold,run_20260808_212843,2026-08-08T21:28:54.819066+00:00
C06265,14384.11,3596.0275,4,Platinum,run_20260808_212843,2026-08-08T21:28:54.819066+00:00
C06266,49745.08,7106.4400000000005,7,Gold,run_20260808_212843,2026-08-08T21:28:54.819066+00:00
C06267,49790.35,6223.79375,8,Silver,run_20260808_212843,2026-08-08T21:28:54.819066+00:00
C06268,42046.420000000006,6006.63142857143,7,Platinum,run_20260808_212843,2026-08-08T21:28:54.819066+00:00
C06269,100824.18,12603.0225,8,Platinum,run_20260808_212843,2026-08-08T21:28:54.819066+00:00
C06270,28733.06,9577.686666666666,3,Gold,run_20260808_212843,2026-08-08T21:28:54.819066+00:00
C06271,93128.56,10347.617777777778,9,Platinum,run_20260808_212843,2026-08-08T21:28:54.819066+00:00
C06272,27136.21,4522.701666666667,6,Silver,run_20260808_212843,2026-08-08T21:28:54.819066+00:00
C06273,6674.01,3337.005,2,Bronze,run_20260808_212843,2026-08-08T21:28:54.819066+00:00
C06274,26121.5,6530.375,4,Silver,run_20260808_212843,2026-08-08T21:28:54.819066+00:00
C06275,66267.11,6626.711,10,Platinum,run_20260808_212843,2026-08-08T21:28:54.819066+00:00
C06276,89442.51000000001,11180.313750000001,8,Silver,run_20260808_212843,2026-08-08T21:28:54.819066+00:00
C06277,12990.08,6495.04,2,Platinum,run_20260808_212843,2026-08-08T21:28:54.819066+00:00
C06278,60099.48,10016.58,6,Gold,run_20260808_212843,2026-08-08T21:28:54.819066+00:00
C06279,28534.7,7133.675,4,Platinum,run_20260808_212843,2026-08-08T21:28:54.819066+00:00
C06280,45797.05,7632.841666666667,6,Bronze,run_20260808_212843,2026-08-08T21:28:54.819066+00:00
C06281,19694.629999999997,6564.876666666666,3,Silver,run_20260808_212843,2026-08-08T21:28:54.819066+00:00
C06282,31365.420000000002,6273.084000000001,5,Gold,run_20260808_212843,2026-08-08T21:28:54.819066+00:00
C06283,30288.14,7572.035,4,Platinum,run_20260808_212843,2026-08-08T21:28:54.819066+00:00
C06284,20421.559999999998,4084.3119999999994,5,Silver,run_20260808_212843,2026-08-08T21:28:54.819066+00:00
C06285,56849.119999999995,9474.853333333333,6,Silver,run_20260808_212843,2026-08-08T21:28:54.819066+00:00
C06286,40682.16,6780.360000000001,6,Silver,run_20260808_212843,2026-08-08T21:28:54.819066+00:00
C06287,87898.1,12556.871428571429,7,Gold,run_20260808_212843,2026-08-08T21:28:54.819066+00:00
C06288,8274.51,4137.255,2,Platinum,run_20260808_212843,2026-08-08T21:28:54.819066+00:00
C06289,50347.9,5594.211111111112,9,Platinum,run_20260808_212843,2026-08-08T21:28:54.819066+00:00
C06290,9801.74,4900.87,2,Gold,run_20260808_212843,2026-08-08T21:28:54.819066+00:00
C06291,51350.18,10270.036,5,Bronze,run_20260808_212843,2026-08-08T21:28:54.819066+00:00
C06292,11859.670000000002,3953.223333333334,3,Silver,run_20260808_212843,2026-08-08T21:28:54.819066+00:00
C06293,5666.82,2833.41,2,Platinum,run_20260808_212843,2026-08-08T21:28:54.819066+00:00
C06294,38420.340000000004,4268.926666666667,9,Gold,run_20260808_212843,2026-08-08T21:28:54.819066+00:00
C06295,44335.33,7389.221666666667,6,Gold,run_20260808_212843,2026-08-08T21:28:54.819066+00:00
C06296,53918.95,7702.707142857143,7,Silver,run_20260808_212843,2026-08-08T21:28:54.819066+00:00
C06297,77314.99,11044.998571428572,7,Gold,run_20260808_212843,2026-08-08T21:28:54.819066+00:00
C06298,33590.91,11196.970000000001,3,Silver,run_20260808_212843,2026-08-08T21:28:54.819066+00:00
C06299,53690.59,7670.084285714285,7,Platinum,run_20260808_212843,2026-08-08T21:28:54.819066+00:00
C06300,44655.979999999996,8931.196,5,Silver,run_20260808_212843,2026-08-08T21:28:54.819066+00:00
C06301,69425.65,8678.20625,8,Bronze,run_20260808_212843,2026-08-08T21:28:54.819066+00:00
C06302,47986.02,7997.669999999999,6,Silver,run_20260808_212843,2026-08-08T21:28:54.819066+00:00
C06303,34267.11,5711.185,6,Silver,run_20260808_212843,2026-08-08T21:28:54.819066+00:00
C06304,2776.65,2776.65,1,Bronze,run_20260808_212843,2026-08-08T21:28:54.819066+00:00
C06305,24912.3,8304.1,3,Silver,run_20260808_212843,2026-08-08T21:28:54.819066+00:00
C06306,81302.94,13550.49,6,Gold,run_20260808_212843,2026-08-08T21:28:54.819066+00:00
C06307,16807.260000000002,8403.630000000001,2,Platinum,run_20260808_212843,2026-08-08T21:28:54.819066+00:00
C06308,21994.66,4398.932,5,Platinum,run_20260808_212843,2026-08-08T21:28:54.819066+00:00
C06309,42925.11,10731.2775,4,Platinum,run_20260808_212843,2026-08-08T21:28:54.819066+00:00
C06310,80689.38,11527.054285714286,7,Platinum,run_20260808_212843,2026-08-08T21:28:54.819066+00:00
C06311,62755.49,8965.07,7,Bronze,run_20260808_212843,2026-08-08T21:28:54.819066+00:00
C06312,47586.020000000004,6798.0028571428575,7,Silver,run_20260808_212843,2026-08-08T21:28:54.819066+00:00
C06313,35103.619999999995,7020.723999999999,5,Silver,run_20260808_212843,2026-08-08T21:28:54.819066+00:00
C06314,69952.86,17488.215,4,Gold,run_20260808_212843,2026-08-08T21:28:54.819066+00:00
C06315,98339.06,8939.914545454545,11,Silver,run_20260808_212843,2026-08-08T21:28:54.819066+00:00
C06316,31770.49,6354.098,5,Bronze,run_20260808_212843,2026-08-08T21:28:54.819066+00:00
C06317,25179.22,12589.61,2,Gold,run_20260808_212843,2026-08-08T21:28:54.819066+00:00
C06318,89767.31,9974.145555555555,9,Gold,run_20260808_212843,2026-08-08T21:28:54.819066+00:00
C06319,23113.23,7704.41,3,Silver,run_20260808_212843,2026-08-08T21:28:54.819066+00:00
C06320,61209.12,10201.52,6,Bronze,run_20260808_212843,2026-08-08T21:28:54.819066+00:00
C06321,17211.09,8605.545,2,Platinum,run_20260808_212843,2026-08-08T21:28:54.819066+00:00
C06322,63301.19,7033.4655555555555,9,Bronze,run_20260808_212843,2026-08-08T21:28:54.819066+00:00
C06323,47052.84,6721.834285714285,7,Bronze,run_20260808_212843,2026-08-08T21:28:54.819066+00:00
C06324,89613.05,11201.63125,8,Bronze,run_20260808_212843,2026-08-08T21:28:54.819066+00:00
C06325,26799.940000000002,6699.985000000001,4,Gold,run_20260808_212843,2026-08-08T21:28:54.819066+00:00
C06326,23118.100000000002,5779.525000000001,4,Gold,run_20260808_212843,2026-08-08T21:28:54.819066+00:00
C06327,72162.67,12027.111666666666,6,Bronze,run_20260808_212843,2026-08-08T21:28:54.819066+00:00
C06328,9232.16,4616.08,2,Platinum,run_20260808_212843,2026-08-08T21:28:54.819066+00:00
C06329,68808.91,7645.434444444445,9,Gold,run_20260808_212843,2026-08-08T21:28:54.819066+00:00
C06330,59754.15,8536.307142857144,7,Bronze,run_20260808_212843,2026-08-08T21:28:54.819066+00:00
C06331,42865.57,7144.261666666666,6,Platinum,run_20260808_212843,2026-08-08T21:28:54.819066+00:00
C06332,42256.47,10564.1175,4,Silver,run_20260808_212843,2026-08-08T21:28:54.819066+00:00
C06333,62407.98,6240.798000000001,10,Silver,run_20260808_212843,2026-08-08T21:28:54.819066+00:00
C06334,51915.520000000004,6489.4400000000005,8,Bronze,run_20260808_212843,2026-08-08T21:28:54.819066+00:00
C06335,54426.77,6803.34625,8,Bronze,run_20260808_212843,2026-08-08T21:28:54.819066+00:00
C06336,47155.68,7859.28,6,Gold,run_20260808_212843,2026-08-08T21:28:54.819066+00:00
C06337,82971.22,11853.031428571428,7,Platinum,run_20260808_212843,2026-08-08T21:28:54.819066+00:00
C06338,61162.66,8737.522857142858,7,Bronze,run_20260808_212843,2026-08-08T21:28:54.819066+00:00
C06339,35542.69,7108.5380000000005,5,Silver,run_20260808_212843,2026-08-08T21:28:54.819066+00:00
C06340,34748.45,6949.69,5,Bronze,run_20260808_212843,2026-08-08T21:28:54.819066+00:00
C06341,22386.62,7462.206666666666,3,Gold,run_20260808_212843,2026-08-08T21:28:54.819066+00:00
C06342,22490.23,7496.743333333333,3,Gold,run_20260808_212843,2026-08-08T21:28:54.819066+00:00
C06343,26185.86,8728.62,3,Platinum,run_20260808_212843,2026-08-08T21:28:54.819066+00:00
C06344,14464.3,4821.433333333333,3,Silver,run_20260808_212843,2026-08-08T21:28:54.819066+00:00
C06345,24723.05,4944.61,5,Platinum,run_20260808_212843,2026-08-08T21:28:54.819066+00:00
C06346,21852.67,5463.1675,4,Silver,run_20260808_212843,2026-08-08T21:28:54.819066+00:00
C06347,43596.34,14532.113333333333,3,Silver,run_20260808_212843,2026-08-08T21:28:54.819066+00:00
C06348,30230.16,5038.36,6,Bronze,run_20260808_212843,2026-08-08T21:28:54.819066+00:00
C06349,66738.91,11123.151666666667,6,Silver,run_20260808_212843,2026-08-08T21:28:54.819066+00:00
C06350,31197.17,7799.2925,4,Silver,run_20260808_212843,2026-08-08T21:28:54.819066+00:00
C06351,17996.67,3599.334,5,Gold,run_20260808_212843,2026-08-08T21:28:54.819066+00:00
C06352,33366.72,8341.68,4,Platinum,run_20260808_212843,2026-08-08T21:28:54.819066+00:00
C06353,51555.41,12888.8525,4,Platinum,run_20260808_212843,2026-08-08T21:28:54.819066+00:00
C06354,43482.5,10870.625,4,Gold,run_20260808_212843,2026-08-08T21:28:54.819066+00:00
C06355,18773.94,9386.97,2,Bronze,run_20260808_212843,2026-08-08T21:28:54.819066+00:00
C06356,29596.1,9865.366666666667,3,Platinum,run_20260808_212843,2026-08-08T21:28:54.819066+00:00
C06357,37122.72,9280.68,4,Gold,run_20260808_212843,2026-08-08T21:28:54.819066+00:00
C06358,57696.62,14424.155,4,Bronze,run_20260808_212843,2026-08-08T21:28:54.819066+00:00
C06359,53929.729999999996,7704.2471428571425,7,Gold,run_20260808_212843,2026-08-08T21:28:54.819066+00:00
C06360,27740.67,3962.952857142857,7,Platinum,run_20260808_212843,2026-08-08T21:28:54.819066+00:00
C06361,10469.51,5234.755,2,Platinum,run_20260808_212843,2026-08-08T21:28:54.819066+00:00
C06362,15558.76,3111.752,5,Silver,run_20260808_212843,2026-08-08T21:28:54.819066+00:00
C06363,74488.48,9311.06,8,Gold,run_20260808_212843,2026-08-08T21:28:54.819066+00:00
C06364,72167.28,12027.88,6,Silver,run_20260808_212843,2026-08-08T21:28:54.819066+00:00
C06365,13466.8,13466.8,1,Gold,run_20260808_212843,2026-08-08T21:28:54.819066+00:00
C06366,61234.530000000006,8747.79,7,Platinum,run_20260808_212843,2026-08-08T21:28:54.819066+00:00
C06367,29878.11,9959.37,3,Gold,run_20260808_212843,2026-08-08T21:28:54.819066+00:00
C06368,62943.479999999996,10490.58,6,Gold,run_20260808_212843,2026-08-08T21:28:54.819066+00:00
C06369,65816.7,8227.0875,8,Bronze,run_20260808_212843,2026-08-08T21:28:54.819066+00:00
C06370,50092.64,10018.528,5,Bronze,run_20260808_212843,2026-08-08T21:28:54.819066+00:00
C06371,37568.61,6261.435,6,Bronze,run_20260808_212843,2026-08-08T21:28:54.819066+00:00
C06372,18426.559999999998,9213.279999999999,2,Silver,run_20260808_212843,2026-08-08T21:28:54.819066+00:00
C06373,25527.43,6381.8575,4,Gold,run_20260808_212843,2026-08-08T21:28:54.819066+00:00
C06374,15776.03,3155.206,5,Platinum,run_20260808_212843,2026-08-08T21:28:54.819066+00:00
C06375,47291.850000000006,6755.978571428573,7,Gold,run_20260808_212843,2026-08-08T21:28:54.819066+00:00
C06376,51069.16,8511.526666666667,6,Gold,run_20260808_212843,2026-08-08T21:28:54.819066+00:00
C06377,34534.3,4933.471428571429,7,Bronze,run_20260808_212843,2026-08-08T21:28:54.819066+00:00
C06378,28980.97,5796.194,5,Silver,run_20260808_212843,2026-08-08T21:28:54.819066+00:00
C06379,49068.69,9813.738000000001,5,Platinum,run_20260808_212843,2026-08-08T21:28:54.819066+00:00
C06380,24847.670000000002,6211.9175000000005,4,Platinum,run_20260808_212843,2026-08-08T21:28:54.819066+00:00
C06381,53471.81,10694.362,5,Bronze,run_20260808_212843,2026-08-08T21:28:54.819066+00:00
C06382,35560.86,7112.1720000000005,5,Platinum,run_20260808_212843,2026-08-08T21:28:54.819066+00:00
C06383,14915.009999999998,3728.7524999999996,4,Gold,run_20260808_212843,2026-08-08T21:28:54.819066+00:00
C06384,46145.159999999996,6592.165714285714,7,Gold,run_20260808_212843,2026-08-08T21:28:54.819066+00:00
C06385,69612.47,11602.078333333333,6,Bronze,run_20260808_212843,2026-08-08T21:28:54.819066+00:00
C06386,44618.99,6374.141428571428,7,Silver,run_20260808_212843,2026-08-08T21:28:54.819066+00:00
C06387,67242.12,11207.019999999999,6,Gold,run_20260808_212843,2026-08-08T21:28:54.819066+00:00
C06388,42615.759999999995,10653.939999999999,4,Silver,run_20260808_212843,2026-08-08T21:28:54.819066+00:00
C06389,14562.36,7281.18,2,Silver,run_20260808_212843,2026-08-08T21:28:54.819066+00:00
C06390,33955.380000000005,6791.076000000001,5,Platinum,run_20260808_212843,2026-08-08T21:28:54.819066+00:00
C06391,34963.87,11654.623333333335,3,Gold,run_20260808_212843,2026-08-08T21:28:54.819066+00:00
C06392,56243.36,7030.42,8,Platinum,run_20260808_212843,2026-08-08T21:28:54.819066+00:00
C06393,80896.3,13482.716666666667,6,Bronze,run_20260808_212843,2026-08-08T21:28:54.819066+00:00
C06394,52819.66,8803.276666666667,6,Gold,run_20260808_212843,2026-08-08T21:28:54.819066+00:00
C06395,29969.35,7492.3375,4,Bronze,run_20260808_212843,2026-08-08T21:28:54.819066+00:00
C06396,67728.37,8466.04625,8,Platinum,run_20260808_212843,2026-08-08T21:28:54.819066+00:00
C06397,6733.03,2244.3433333333332,3,Platinum,run_20260808_212843,2026-08-08T21:28:54.819066+00:00
C06398,49654.27,9930.854,5,Platinum,run_20260808_212843,2026-08-08T21:28:54.819066+00:00
C06399,23993.670000000002,3998.945,6,Gold,run_20260808_212843,2026-08-08T21:28:54.819066+00:00
C06400,39206.26,7841.252,5,Platinum,run_20260808_212843,2026-08-08T21:28:54.819066+00:00
C06401,3634.04,3634.04,1,Bronze,run_20260808_212843,2026-08-08T21:28:54.819066+00:00
C06402,49158.43,7022.632857142858,7,Silver,run_20260808_212843,2026-08-08T21:28:54.819066+00:00
C06403,29068.71,7267.1775,4,Gold,run_20260808_212843,2026-08-08T21:28:54.819066+00:00
C06404,78507.04,9813.38,8,Bronze,run_20260808_212843,2026-08-08T21:28:54.819066+00:00
C06405,78352.69,15670.538,5,Gold,run_20260808_212843,2026-08-08T21:28:54.819066+00:00
C06406,58516.1,9752.683333333332,6,Platinum,run_20260808_212843,2026-08-08T21:28:54.819066+00:00
C06407,75501.06,12583.51,6,Gold,run_20260808_212843,2026-08-08T21:28:54.819066+00:00
C06408,38477.99,7695.598,5,Platinum,run_20260808_212843,2026-08-08T21:28:54.819066+00:00
C06409,97845.87000000001,10871.763333333334,9,Bronze,run_20260808_212843,2026-08-08T21:28:54.819066+00:00
C06410,21030.21,7010.07,3,Bronze,run_20260808_212843,2026-08-08T21:28:54.819066+00:00
C06411,58666.82,5866.682,10,Silver,run_20260808_212843,2026-08-08T21:28:54.819066+00:00
C06412,62974.740000000005,7871.842500000001,8,Platinum,run_20260808_212843,2026-08-08T21:28:54.819066+00:00
C06413,21766.85,21766.85,1,Silver,run_20260808_212843,2026-08-08T21:28:54.819066+00:00
C06414,47821.75,9564.35,5,Bronze,run_20260808_212843,2026-08-08T21:28:54.819066+00:00
C06415,71642.73,10234.675714285713,7,Platinum,run_20260808_212843,2026-08-08T21:28:54.819066+00:00
C06416,8691.4,2897.133333333333,3,Silver,run_20260808_212843,2026-08-08T21:28:54.819066+00:00
C06417,25639.45,12819.725,2,Gold,run_20260808_212843,2026-08-08T21:28:54.819066+00:00
C06418,3620.36,3620.36,1,Gold,run_20260808_212843,2026-08-08T21:28:54.819066+00:00
C06419,69210.2,11535.033333333333,6,Bronze,run_20260808_212843,2026-08-08T21:28:54.819066+00:00
C06420,26972.910000000003,8990.970000000001,3,Bronze,run_20260808_212843,2026-08-08T21:28:54.819066+00:00
C06421,30211.54,5035.256666666667,6,Silver,run_20260808_212843,2026-08-08T21:28:54.819066+00:00
C06422,30671.82,5111.97,6,Silver,run_20260808_212843,2026-08-08T21:28:54.819066+00:00
C06423,15092.579999999998,5030.86,3,Silver,run_20260808_212843,2026-08-08T21:28:54.819066+00:00
C06424,27793.33,5558.666,5,Platinum,run_20260808_212843,2026-08-08T21:28:54.819066+00:00
C06425,34368.96000000001,11456.320000000002,3,Gold,run_20260808_212843,2026-08-08T21:28:54.819066+00:00
C06426,19488.510000000002,6496.170000000001,3,Platinum,run_20260808_212843,2026-08-08T21:28:54.819066+00:00
C06427,34102.4,8525.6,4,Platinum,run_20260808_212843,2026-08-08T21:28:54.819066+00:00
C06428,67981.47,9711.638571428572,7,Silver,run_20260808_212843,2026-08-08T21:28:54.819066+00:00
C06429,35511.57,11837.19,3,Gold,run_20260808_212843,2026-08-08T21:28:54.819066+00:00
C06430,3636.7,3636.7,1,Silver,run_20260808_212843,2026-08-08T21:28:54.819066+00:00
C06431,26827.780000000002,8942.593333333334,3,Gold,run_20260808_212843,2026-08-08T21:28:54.819066+00:00
C06432,8265.15,4132.575,2,Gold,run_20260808_212843,2026-08-08T21:28:54.819066+00:00
C06433,34337.7,8584.425,4,Silver,run_20260808_212843,2026-08-08T21:28:54.819066+00:00
C06434,7978.27,3989.135,2,Bronze,run_20260808_212843,2026-08-08T21:28:54.819066+00:00
C06435,51411.4,12852.85,4,Platinum,run_20260808_212843,2026-08-08T21:28:54.819066+00:00
C06436,57764.34,11552.867999999999,5,Gold,run_20260808_212843,2026-08-08T21:28:54.819066+00:00
C06437,30808.350000000002,5134.725,6,Silver,run_20260808_212843,2026-08-08T21:28:54.819066+00:00
C06438,43738.07,6248.295714285714,7,Platinum,run_20260808_212843,2026-08-08T21:28:54.819066+00:00
C06439,59470.119999999995,8495.731428571427,7,Platinum,run_20260808_212843,2026-08-08T21:28:54.819066+00:00
C06440,5135.320000000001,2567.6600000000003,2,Silver,run_20260808_212843,2026-08-08T21:28:54.819066+00:00
C06441,20593.04,6864.346666666667,3,Bronze,run_20260808_212843,2026-08-08T21:28:54.819066+00:00
C06442,45924.130000000005,7654.021666666667,6,Bronze,run_20260808_212843,2026-08-08T21:28:54.819066+00:00
C06443,7996.15,1599.23,5,Silver,run_20260808_212843,2026-08-08T21:28:54.819066+00:00
C06444,14496.630000000001,3624.1575000000003,4,Bronze,run_20260808_212843,2026-08-08T21:28:54.819066+00:00
C06445,11069.74,3689.9133333333334,3,Platinum,run_20260808_212843,2026-08-08T21:28:54.819066+00:00
C06446,56817.42,11363.484,5,Silver,run_20260808_212843,2026-08-08T21:28:54.819066+00:00
C06447,32707.09,8176.7725,4,Gold,run_20260808_212843,2026-08-08T21:28:54.819066+00:00
C06448,34015.56,8503.89,4,Silver,run_20260808_212843,2026-08-08T21:28:54.819066+00:00
C06449,36487.47,7297.494000000001,5,Bronze,run_20260808_212843,2026-08-08T21:28:54.819066+00:00
C06450,24494.56,6123.64,4,Platinum,run_20260808_212843,2026-08-08T21:28:54.819066+00:00
C06451,53100.48,5900.053333333333,9,Platinum,run_20260808_212843,2026-08-08T21:28:54.819066+00:00
C06452,58509.31,7313.66375,8,Gold,run_20260808_212843,2026-08-08T21:28:54.819066+00:00
C06453,39332.15,13110.716666666667,3,Silver,run_20260808_212843,2026-08-08T21:28:54.819066+00:00
C06454,5333.33,2666.665,2,Bronze,run_20260808_212843,2026-08-08T21:28:54.819066+00:00
C06455,34427.74,8606.935,4,Gold,run_20260808_212843,2026-08-08T21:28:54.819066+00:00
C06456,65169.42,8146.1775,8,Silver,run_20260808_212843,2026-08-08T21:28:54.819066+00:00
C06457,34319.659999999996,8579.914999999999,4,Bronze,run_20260808_212843,2026-08-08T21:28:54.819066+00:00
C06458,97906.09999999999,10878.455555555554,9,Bronze,run_20260808_212843,2026-08-08T21:28:54.819066+00:00
C06459,58181.72,7272.715,8,Platinum,run_20260808_212843,2026-08-08T21:28:54.819066+00:00
C06460,34937.89,8734.4725,4,Platinum,run_20260808_212843,2026-08-08T21:28:54.819066+00:00
C06461,26780.039999999997,4463.339999999999,6,Platinum,run_20260808_212843,2026-08-08T21:28:54.819066+00:00
C06462,35173.03,11724.343333333332,3,Bronze,run_20260808_212843,2026-08-08T21:28:54.819066+00:00
C06463,31199.489999999998,5199.915,6,Silver,run_20260808_212843,2026-08-08T21:28:54.819066+00:00
C06464,18994.54,6331.513333333333,3,Silver,run_20260808_212843,2026-08-08T21:28:54.819066+00:00
C06465,49654.21,8275.701666666666,6,Silver,run_20260808_212843,2026-08-08T21:28:54.819066+00:00
C06466,42058.31,10514.5775,4,Gold,run_20260808_212843,2026-08-08T21:28:54.819066+00:00
C06467,15122.04,7561.02,2,Gold,run_20260808_212843,2026-08-08T21:28:54.819066+00:00
C06468,41705.8,10426.45,4,Platinum,run_20260808_212843,2026-08-08T21:28:54.819066+00:00
C06469,88194.07,8819.407000000001,10,Platinum,run_20260808_212843,2026-08-08T21:28:54.819066+00:00
C06470,47671.4,11917.85,4,Silver,run_20260808_212843,2026-08-08T21:28:54.819066+00:00
C06471,70348.44,8793.555,8,Platinum,run_20260808_212843,2026-08-08T21:28:54.819066+00:00
C06472,21837.95,5459.4875,4,Silver,run_20260808_212843,2026-08-08T21:28:54.819066+00:00
C06473,76231.48999999999,12705.248333333331,6,Silver,run_20260808_212843,2026-08-08T21:28:54.819066+00:00
C06474,42725.51,14241.836666666668,3,Gold,run_20260808_212843,2026-08-08T21:28:54.819066+00:00
C06475,46608.91,7768.151666666668,6,Silver,run_20260808_212843,2026-08-08T21:28:54.819066+00:00
C06476,52075.42,7439.345714285714,7,Platinum,run_20260808_212843,2026-08-08T21:28:54.819066+00:00
C06477,9630.0,9630.0,1,Silver,run_20260808_212843,2026-08-08T21:28:54.819066+00:00
C06478,43748.77,7291.461666666666,6,Platinum,run_20260808_212843,2026-08-08T21:28:54.819066+00:00
C06479,33490.869999999995,6698.173999999999,5,Silver,run_20260808_212843,2026-08-08T21:28:54.819066+00:00
C06480,42153.76,7025.626666666667,6,Bronze,run_20260808_212843,2026-08-08T21:28:54.819066+00:00
C06481,60505.07,8643.581428571428,7,Gold,run_20260808_212843,2026-08-08T21:28:54.819066+00:00
C06482,10907.810000000001,2726.9525000000003,4,Gold,run_20260808_212843,2026-08-08T21:28:54.819066+00:00
C06483,66136.70999999999,8267.088749999999,8,Silver,run_20260808_212843,2026-08-08T21:28:54.819066+00:00
C06484,25438.2,5087.64,5,Platinum,run_20260808_212843,2026-08-08T21:28:54.819066+00:00
C06485,24875.879999999997,12437.939999999999,2,Silver,run_20260808_212843,2026-08-08T21:28:54.819066+00:00
C06486,62038.31,10339.718333333332,6,Gold,run_20260808_212843,2026-08-08T21:28:54.819066+00:00
C06487,13224.43,4408.143333333333,3,Platinum,run_20260808_212843,2026-08-08T21:28:54.819066+00:00
C06488,30684.2,7671.05,4,Bronze,run_20260808_212843,2026-08-08T21:28:54.819066+00:00
C06489,34114.4,5685.733333333334,6,Bronze,run_20260808_212843,2026-08-08T21:28:54.819066+00:00
C06490,57568.5,11513.7,5,Platinum,run_20260808_212843,2026-08-08T21:28:54.819066+00:00
C06491,36631.6,6105.266666666666,6,Silver,run_20260808_212843,2026-08-08T21:28:54.819066+00:00
C06492,32119.52,8029.88,4,Gold,run_20260808_212843,2026-08-08T21:28:54.819066+00:00
C06493,49515.3,9903.060000000001,5,Platinum,run_20260808_212843,2026-08-08T21:28:54.819066+00:00
C06494,59725.45,5972.545,10,Silver,run_20260808_212843,2026-08-08T21:28:54.819066+00:00
C06495,89619.38,8147.216363636364,11,Platinum,run_20260808_212843,2026-08-08T21:28:54.819066+00:00
C06496,21330.34,5332.585,4,Platinum,run_20260808_212843,2026-08-08T21:28:54.819066+00:00
C06497,23597.04,7865.68,3,Gold,run_20260808_212843,2026-08-08T21:28:54.819066+00:00
C06498,11501.810000000001,3833.936666666667,3,Bronze,run_20260808_212843,2026-08-08T21:28:54.819066+00:00
C06499,14671.12,4890.373333333334,3,Bronze,run_20260808_212843,2026-08-08T21:28:54.819066+00:00
C06500,16992.6,5664.2,3,Bronze,run_20260808_212843,2026-08-08T21:28:54.819066+00:00
C06501,66269.52,6626.952,10,Bronze,run_20260808_212843,2026-08-08T21:28:54.819066+00:00
C06502,50429.92,6303.74,8,Gold,run_20260808_212843,2026-08-08T21:28:54.819066+00:00
C06503,25990.73,4331.788333333333,6,Silver,run_20260808_212843,2026-08-08T21:28:54.819066+00:00
C06504,31212.690000000002,10404.230000000001,3,Platinum,run_20260808_212843,2026-08-08T21:28:54.819066+00:00
C06505,36214.44,12071.480000000001,3,Gold,run_20260808_212843,2026-08-08T21:28:54.819066+00:00
C06506,56149.09,8021.2985714285705,7,Bronze,run_20260808_212843,2026-08-08T21:28:54.819066+00:00
C06507,31776.120000000003,5296.02,6,Bronze,run_20260808_212843,2026-08-08T21:28:54.819066+00:00
C06508,16964.98,4241.245,4,Gold,run_20260808_212843,2026-08-08T21:28:54.819066+00:00
C06509,10303.69,3434.5633333333335,3,Platinum,run_20260808_212843,2026-08-08T21:28:54.819066+00:00
C06510,49794.61,4979.461,10,Gold,run_20260808_212843,2026-08-08T21:28:54.819066+00:00
C06511,31524.93,7881.2325,4,Platinum,run_20260808_212843,2026-08-08T21:28:54.819066+00:00
C06512,71376.54,6488.776363636363,11,Gold,run_20260808_212843,2026-08-08T21:28:54.819066+00:00
C06513,71802.01,8975.25125,8,Silver,run_20260808_212843,2026-08-08T21:28:54.819066+00:00
C06514,59100.65,7387.58125,8,Bronze,run_20260808_212843,2026-08-08T21:28:54.819066+00:00
C06515,10307.39,3435.7966666666666,3,Silver,run_20260808_212843,2026-08-08T21:28:54.819066+00:00
C06516,63265.380000000005,7029.486666666668,9,Gold,run_20260808_212843,2026-08-08T21:28:54.819066+00:00
C06517,7828.0,3914.0,2,Silver,run_20260808_212843,2026-08-08T21:28:54.819066+00:00
C06518,54453.64,9075.606666666667,6,Platinum,run_20260808_212843,2026-08-08T21:28:54.819066+00:00
C06519,23501.54,7833.846666666667,3,Gold,run_20260808_212843,2026-08-08T21:28:54.819066+00:00
C06520,60079.87,8582.838571428572,7,Platinum,run_20260808_212843,2026-08-08T21:28:54.819066+00:00
C06521,31722.39,10574.13,3,Silver,run_20260808_212843,2026-08-08T21:28:54.819066+00:00
C06522,62595.270000000004,7824.4087500000005,8,Bronze,run_20260808_212843,2026-08-08T21:28:54.819066+00:00
C06523,25246.65,5049.33,5,Gold,run_20260808_212843,2026-08-08T21:28:54.819066+00:00
C06524,16630.83,4157.7075,4,Platinum,run_20260808_212843,2026-08-08T21:28:54.819066+00:00
C06525,65030.0,13006.0,5,Silver,run_20260808_212843,2026-08-08T21:28:54.819066+00:00
C06526,30999.48,7749.87,4,Gold,run_20260808_212843,2026-08-08T21:28:54.819066+00:00
C06527,41234.47,10308.6175,4,Bronze,run_20260808_212843,2026-08-08T21:28:54.819066+00:00
C06528,40279.369999999995,5034.921249999999,8,Gold,run_20260808_212843,2026-08-08T21:28:54.819066+00:00
C06529,12319.42,3079.855,4,Bronze,run_20260808_212843,2026-08-08T21:28:54.819066+00:00
C06530,59791.59,8541.655714285715,7,Silver,run_20260808_212843,2026-08-08T21:28:54.819066+00:00
C06531,49350.07,8225.011666666667,6,Platinum,run_20260808_212843,2026-08-08T21:28:54.819066+00:00
C06532,40266.82,6711.136666666666,6,Gold,run_20260808_212843,2026-08-08T21:28:54.819066+00:00
C06533,34258.21,6851.642,5,Gold,run_20260808_212843,2026-08-08T21:28:54.819066+00:00
C06534,20466.86,5116.715,4,Platinum,run_20260808_212843,2026-08-08T21:28:54.819066+00:00
C06535,1274.95,1274.95,1,Gold,run_20260808_212843,2026-08-08T21:28:54.819066+00:00
C06536,36087.86,6014.643333333333,6,Gold,run_20260808_212843,2026-08-08T21:28:54.819066+00:00
C06537,40548.39,8109.678,5,Gold,run_20260808_212843,2026-08-08T21:28:54.819066+00:00
C06538,45813.13,11453.2825,4,Gold,run_20260808_212843,2026-08-08T21:28:54.819066+00:00
C06539,35574.16,5929.026666666668,6,Platinum,run_20260808_212843,2026-08-08T21:28:54.819066+00:00
C06540,45255.35,11313.8375,4,Silver,run_20260808_212843,2026-08-08T21:28:54.819066+00:00
C06541,54515.90000000001,7787.985714285715,7,Gold,run_20260808_212843,2026-08-08T21:28:54.819066+00:00
C06542,49683.46,8280.576666666666,6,Platinum,run_20260808_212843,2026-08-08T21:28:54.819066+00:00
C06543,35422.28,5903.713333333333,6,Silver,run_20260808_212843,2026-08-08T21:28:54.819066+00:00
C06544,38483.240000000005,12827.746666666668,3,Platinum,run_20260808_212843,2026-08-08T21:28:54.819066+00:00
C06545,41321.37,5903.052857142858,7,Bronze,run_20260808_212843,2026-08-08T21:28:54.819066+00:00
C06546,23270.14,7756.713333333333,3,Silver,run_20260808_212843,2026-08-08T21:28:54.819066+00:00
C06547,5265.03,1755.01,3,Silver,run_20260808_212843,2026-08-08T21:28:54.819066+00:00
C06548,22836.03,7612.009999999999,3,Bronze,run_20260808_212843,2026-08-08T21:28:54.819066+00:00
C06549,12382.630000000001,6191.3150000000005,2,Silver,run_20260808_212843,2026-08-08T21:28:54.819066+00:00
C06550,27867.64,5573.528,5,Silver,run_20260808_212843,2026-08-08T21:28:54.819066+00:00
C06551,53670.21,8945.035,6,Bronze,run_20260808_212843,2026-08-08T21:28:54.819066+00:00
C06552,28023.22,7005.805,4,Platinum,run_20260808_212843,2026-08-08T21:28:54.819066+00:00
C06553,33013.23,6602.646000000001,5,Gold,run_20260808_212843,2026-08-08T21:28:54.819066+00:00
C06554,36043.9,6007.316666666667,6,Silver,run_20260808_212843,2026-08-08T21:28:54.819066+00:00
C06555,72947.52,10421.074285714287,7,Platinum,run_20260808_212843,2026-08-08T21:28:54.819066+00:00
C06556,32137.73,5356.288333333333,6,Platinum,run_20260808_212843,2026-08-08T21:28:54.819066+00:00
C06557,90422.69,11302.83625,8,Bronze,run_20260808_212843,2026-08-08T21:28:54.819066+00:00
C06558,35747.72,11915.906666666668,3,Platinum,run_20260808_212843,2026-08-08T21:28:54.819066+00:00
C06559,4556.1,4556.1,1,Bronze,run_20260808_212843,2026-08-08T21:28:54.819066+00:00
C06560,104098.88,11566.542222222222,9,Platinum,run_20260808_212843,2026-08-08T21:28:54.819066+00:00
C06561,25087.38,6271.845,4,Gold,run_20260808_212843,2026-08-08T21:28:54.819066+00:00
C06562,52047.950000000004,8674.658333333335,6,Platinum,run_20260808_212843,2026-08-08T21:28:54.819066+00:00
C06563,54775.57,6846.94625,8,Platinum,run_20260808_212843,2026-08-08T21:28:54.819066+00:00
C06564,30817.7,7704.425,4,Platinum,run_20260808_212843,2026-08-08T21:28:54.819066+00:00
C06565,13136.29,4378.763333333333,3,Bronze,run_20260808_212843,2026-08-08T21:28:54.819066+00:00
C06566,43301.44,7216.906666666667,6,Silver,run_20260808_212843,2026-08-08T21:28:54.819066+00:00
C06567,65097.89000000001,8137.236250000001,8,Bronze,run_20260808_212843,2026-08-08T21:28:54.819066+00:00
C06568,17695.85,5898.616666666666,3,Gold,run_20260808_212843,2026-08-08T21:28:54.819066+00:00
C06569,20372.11,4074.422,5,Bronze,run_20260808_212843,2026-08-08T21:28:54.819066+00:00
C06570,53125.22,6640.6525,8,Silver,run_20260808_212843,2026-08-08T21:28:54.819066+00:00
C06571,56374.28,8053.4685714285715,7,Gold,run_20260808_212843,2026-08-08T21:28:54.819066+00:00
C06572,50767.41,10153.482,5,Silver,run_20260808_212843,2026-08-08T21:28:54.819066+00:00
C06573,37219.36,4652.42,8,Silver,run_20260808_212843,2026-08-08T21:28:54.819066+00:00
C06574,23876.38,7958.793333333334,3,Gold,run_20260808_212843,2026-08-08T21:28:54.819066+00:00
C06575,28684.579999999998,9561.526666666667,3,Silver,run_20260808_212843,2026-08-08T21:28:54.819066+00:00
C06576,84387.2,12055.314285714285,7,Bronze,run_20260808_212843,2026-08-08T21:28:54.819066+00:00
C06577,33943.159999999996,8485.789999999999,4,Silver,run_20260808_212843,2026-08-08T21:28:54.819066+00:00
C06578,24331.129999999997,6082.782499999999,4,Platinum,run_20260808_212843,2026-08-08T21:28:54.819066+00:00
C06579,42418.740000000005,10604.685000000001,4,Bronze,run_20260808_212843,2026-08-08T21:28:54.819066+00:00
C06580,20755.58,5188.895,4,Silver,run_20260808_212843,2026-08-08T21:28:54.819066+00:00
C06581,31850.24,10616.746666666668,3,Platinum,run_20260808_212843,2026-08-08T21:28:54.819066+00:00
C06582,20329.760000000002,10164.880000000001,2,Bronze,run_20260808_212843,2026-08-08T21:28:54.819066+00:00
C06583,22133.940000000002,7377.9800000000005,3,Gold,run_20260808_212843,2026-08-08T21:28:54.819066+00:00
C06584,54511.49,9085.248333333333,6,Bronze,run_20260808_212843,2026-08-08T21:28:54.819066+00:00
C06585,3823.1,1911.55,2,Gold,run_20260808_212843,2026-08-08T21:28:54.819066+00:00
C06586,40094.130000000005,13364.710000000001,3,Bronze,run_20260808_212843,2026-08-08T21:28:54.819066+00:00
C06587,26200.68,8733.56,3,Platinum,run_20260808_212843,2026-08-08T21:28:54.819066+00:00
C06588,43416.65,14472.216666666667,3,Gold,run_20260808_212843,2026-08-08T21:28:54.819066+00:00
C06589,26019.059999999998,5203.812,5,Bronze,run_20260808_212843,2026-08-08T21:28:54.819066+00:00
C06590,22901.92,7633.973333333332,3,Gold,run_20260808_212843,2026-08-08T21:28:54.819066+00:00
C06591,27330.940000000002,3904.4200000000005,7,Silver,run_20260808_212843,2026-08-08T21:28:54.819066+00:00
C06592,37828.05,9457.0125,4,Bronze,run_20260808_212843,2026-08-08T21:28:54.819066+00:00
C06593,58271.32,9711.886666666667,6,Bronze,run_20260808_212843,2026-08-08T21:28:54.819066+00:00
C06594,13452.77,2242.1283333333336,6,Platinum,run_20260808_212843,2026-08-08T21:28:54.819066+00:00
C06595,40947.89,5849.698571428571,7,Platinum,run_20260808_212843,2026-08-08T21:28:54.819066+00:00
C06596,46537.119999999995,7756.186666666666,6,Platinum,run_20260808_212843,2026-08-08T21:28:54.819066+00:00
C06597,2082.21,2082.21,1,Gold,run_20260808_212843,2026-08-08T21:28:54.819066+00:00
C06598,37992.49,9498.1225,4,Bronze,run_20260808_212843,2026-08-08T21:28:54.819066+00:00
C06599,75917.69,9489.71125,8,Gold,run_20260808_212843,2026-08-08T21:28:54.819066+00:00
C06601,24233.64,4038.94,6,Platinum,run_20260808_212843,2026-08-08T21:28:54.819066+00:00
C06602,30642.02,5107.003333333333,6,Gold,run_20260808_212843,2026-08-08T21:28:54.819066+00:00
C06603,76744.57,12790.761666666667,6,Silver,run_20260808_212843,2026-08-08T21:28:54.819066+00:00
C06604,32876.01,5479.335,6,Silver,run_20260808_212843,2026-08-08T21:28:54.819066+00:00
C06605,52671.83,13167.9575,4,Bronze,run_20260808_212843,2026-08-08T21:28:54.819066+00:00
C06606,59596.35,8513.764285714286,7,Gold,run_20260808_212843,2026-08-08T21:28:54.819066+00:00
C06607,29268.29,4878.048333333333,6,Gold,run_20260808_212843,2026-08-08T21:28:54.819066+00:00
C06608,45466.42,6495.202857142857,7,Bronze,run_20260808_212843,2026-08-08T21:28:54.819066+00:00
C06609,17520.199999999997,3504.0399999999995,5,Bronze,run_20260808_212843,2026-08-08T21:28:54.819066+00:00
C06610,49205.95,7029.421428571428,7,Platinum,run_20260808_212843,2026-08-08T21:28:54.819066+00:00
C06611,46209.549999999996,11552.387499999999,4,Bronze,run_20260808_212843,2026-08-08T21:28:54.819066+00:00
C06612,67027.70999999999,6702.770999999999,10,Platinum,run_20260808_212843,2026-08-08T21:28:54.819066+00:00
C06613,25629.28,12814.64,2,Gold,run_20260808_212843,2026-08-08T21:28:54.819066+00:00
C06614,36415.86,7283.1720000000005,5,Silver,run_20260808_212843,2026-08-08T21:28:54.819066+00:00
C06615,14613.15,14613.15,1,Silver,run_20260808_212843,2026-08-08T21:28:54.819066+00:00
C06616,42970.84,6138.691428571428,7,Platinum,run_20260808_212843,2026-08-08T21:28:54.819066+00:00
C06617,48777.35,6968.192857142857,7,Bronze,run_20260808_212843,2026-08-08T21:28:54.819066+00:00
C06618,59473.02,9912.17,6,Bronze,run_20260808_212843,2026-08-08T21:28:54.819066+00:00
C06619,37201.81,6200.301666666666,6,Silver,run_20260808_212843,2026-08-08T21:28:54.819066+00:00
C06620,49187.869999999995,8197.978333333333,6,Silver,run_20260808_212843,2026-08-08T21:28:54.819066+00:00
C06621,34996.33,5832.721666666667,6,Platinum,run_20260808_212843,2026-08-08T21:28:54.819066+00:00
C06622,70124.56,8765.57,8,Platinum,run_20260808_212843,2026-08-08T21:28:54.819066+00:00
C06623,82001.7,16400.34,5,Gold,run_20260808_212843,2026-08-08T21:28:54.819066+00:00
C06624,20670.35,6890.116666666666,3,Silver,run_20260808_212843,2026-08-08T21:28:54.819066+00:00
C06625,37159.34,7431.8679999999995,5,Bronze,run_20260808_212843,2026-08-08T21:28:54.819066+00:00
C06626,58088.17,8298.31,7,Gold,run_20260808_212843,2026-08-08T21:28:54.819066+00:00
C06627,37692.72,5384.674285714286,7,Platinum,run_20260808_212843,2026-08-08T21:28:54.819066+00:00
C06628,66994.15,11165.691666666666,6,Platinum,run_20260808_212843,2026-08-08T21:28:54.819066+00:00
C06629,17251.88,4312.97,4,Gold,run_20260808_212843,2026-08-08T21:28:54.819066+00:00
C06630,34461.8,8615.45,4,Silver,run_20260808_212843,2026-08-08T21:28:54.819066+00:00
C06631,71969.11,7996.567777777778,9,Gold,run_20260808_212843,2026-08-08T21:28:54.819066+00:00
C06632,22218.14,7406.046666666666,3,Bronze,run_20260808_212843,2026-08-08T21:28:54.819066+00:00
C06633,5329.48,1332.37,4,Gold,run_20260808_212843,2026-08-08T21:28:54.819066+00:00
C06634,47655.32,6807.902857142857,7,Silver,run_20260808_212843,2026-08-08T21:28:54.819066+00:00
C06635,44357.0,8871.4,5,Platinum,run_20260808_212843,2026-08-08T21:28:54.819066+00:00
C06636,29106.699999999997,9702.233333333332,3,Platinum,run_20260808_212843,2026-08-08T21:28:54.819066+00:00
C06637,5565.639999999999,2782.8199999999997,2,Platinum,run_20260808_212843,2026-08-08T21:28:54.819066+00:00
C06638,46340.67,9268.134,5,Platinum,run_20260808_212843,2026-08-08T21:28:54.819066+00:00
C06639,56470.69,11294.138,5,Gold,run_20260808_212843,2026-08-08T21:28:54.819066+00:00
C06640,69529.95999999999,11588.326666666666,6,Platinum,run_20260808_212843,2026-08-08T21:28:54.819066+00:00
C06641,22456.33,5614.0825,4,Bronze,run_20260808_212843,2026-08-08T21:28:54.819066+00:00
C06642,19316.4,9658.2,2,Platinum,run_20260808_212843,2026-08-08T21:28:54.819066+00:00
C06644,64265.52,8033.19,8,Silver,run_20260808_212843,2026-08-08T21:28:54.819066+00:00
C06645,55592.26,11118.452000000001,5,Platinum,run_20260808_212843,2026-08-08T21:28:54.819066+00:00
C06646,56118.96,7014.87,8,Platinum,run_20260808_212843,2026-08-08T21:28:54.819066+00:00
C06647,35998.86,5142.694285714286,7,Bronze,run_20260808_212843,2026-08-08T21:28:54.819066+00:00
C06648,27581.14,3940.162857142857,7,Bronze,run_20260808_212843,2026-08-08T21:28:54.819066+00:00
C06649,79907.65,8878.627777777778,9,Gold,run_20260808_212843,2026-08-08T21:28:54.819066+00:00
C06650,38705.520000000004,7741.104000000001,5,Platinum,run_20260808_212843,2026-08-08T21:28:54.819066+00:00
C06651,69765.72,11627.62,6,Silver,run_20260808_212843,2026-08-08T21:28:54.819066+00:00
C06652,39378.1,6563.016666666666,6,Silver,run_20260808_212843,2026-08-08T21:28:54.819066+00:00
C06653,50459.39,12614.8475,4,Platinum,run_20260808_212843,2026-08-08T21:28:54.819066+00:00
C06654,23079.55,4615.91,5,Bronze,run_20260808_212843,2026-08-08T21:28:54.819066+00:00
C06655,41204.75,5150.59375,8,Gold,run_20260808_212843,2026-08-08T21:28:54.819066+00:00
C06656,36698.619999999995,5242.659999999999,7,Platinum,run_20260808_212843,2026-08-08T21:28:54.819066+00:00
C06657,13651.949999999999,4550.65,3,Platinum,run_20260808_212843,2026-08-08T21:28:54.819066+00:00
C06658,33280.41,5546.735000000001,6,Bronze,run_20260808_212843,2026-08-08T21:28:54.819066+00:00
C06659,48835.51,9767.102,5,Platinum,run_20260808_212843,2026-08-08T21:28:54.819066+00:00
C06660,4534.42,2267.21,2,Gold,run_20260808_212843,2026-08-08T21:28:54.819066+00:00
C06661,48416.24,9683.248,5,Silver,run_20260808_212843,2026-08-08T21:28:54.819066+00:00
C06662,29909.69,9969.896666666666,3,Silver,run_20260808_212843,2026-08-08T21:28:54.819066+00:00
C06663,51467.06,7352.437142857142,7,Gold,run_20260808_212843,2026-08-08T21:28:54.819066+00:00
C06664,23191.38,11595.69,2,Silver,run_20260808_212843,2026-08-08T21:28:54.819066+00:00
C06665,68330.09,6211.826363636364,11,Platinum,run_20260808_212843,2026-08-08T21:28:54.819066+00:00
C06666,71674.15,8959.26875,8,Gold,run_20260808_212843,2026-08-08T21:28:54.819066+00:00
C06667,40368.25,8073.65,5,Bronze,run_20260808_212843,2026-08-08T21:28:54.819066+00:00
C06668,15089.8,15089.8,1,Bronze,run_20260808_212843,2026-08-08T21:28:54.819066+00:00
C06669,6333.76,2111.2533333333336,3,Bronze,run_20260808_212843,2026-08-08T21:28:54.819066+00:00
C06670,19368.57,9684.285,2,Bronze,run_20260808_212843,2026-08-08T21:28:54.819066+00:00
C06671,40852.02,13617.339999999998,3,Platinum,run_20260808_212843,2026-08-08T21:28:54.819066+00:00
C06672,7990.92,3995.46,2,Platinum,run_20260808_212843,2026-08-08T21:28:54.819066+00:00
C06673,19826.86,6608.953333333334,3,Bronze,run_20260808_212843,2026-08-08T21:28:54.819066+00:00
C06674,26827.16,13413.58,2,Platinum,run_20260808_212843,2026-08-08T21:28:54.819066+00:00
C06675,2438.37,2438.37,1,Gold,run_20260808_212843,2026-08-08T21:28:54.819066+00:00
C06676,56979.79,9496.631666666666,6,Gold,run_20260808_212843,2026-08-08T21:28:54.819066+00:00
C06677,18971.73,3794.346,5,Gold,run_20260808_212843,2026-08-08T21:28:54.819066+00:00
C06678,35013.38,5835.563333333333,6,Bronze,run_20260808_212843,2026-08-08T21:28:54.819066+00:00
C06679,30601.87,6120.374,5,Bronze,run_20260808_212843,2026-08-08T21:28:54.819066+00:00
C06680,39708.54,9927.135,4,Bronze,run_20260808_212843,2026-08-08T21:28:54.819066+00:00
C06681,16985.55,5661.849999999999,3,Platinum,run_20260808_212843,2026-08-08T21:28:54.819066+00:00
C06682,17413.54,5804.513333333333,3,Silver,run_20260808_212843,2026-08-08T21:28:54.819066+00:00
C06683,23872.83,5968.2075,4,Silver,run_20260808_212843,2026-08-08T21:28:54.819066+00:00
C06684,36527.29,5218.184285714286,7,Platinum,run_20260808_212843,2026-08-08T21:28:54.819066+00:00
C06685,24386.45,12193.225,2,Bronze,run_20260808_212843,2026-08-08T21:28:54.819066+00:00
C06686,33207.619999999995,6641.523999999999,5,Bronze,run_20260808_212843,2026-08-08T21:28:54.819066+00:00
C06687,37111.71,5301.672857142857,7,Platinum,run_20260808_212843,2026-08-08T21:28:54.819066+00:00
C06688,58151.25,14537.8125,4,Gold,run_20260808_212843,2026-08-08T21:28:54.819066+00:00
C06689,47608.38,5951.0475,8,Gold,run_20260808_212843,2026-08-08T21:28:54.819066+00:00
C06690,22467.050000000003,11233.525000000001,2,Platinum,run_20260808_212843,2026-08-08T21:28:54.819066+00:00
C06691,40311.78,6718.63,6,Platinum,run_20260808_212843,2026-08-08T21:28:54.819066+00:00
C06692,57427.99,9571.331666666667,6,Gold,run_20260808_212843,2026-08-08T21:28:54.819066+00:00
C06693,51343.8,12835.95,4,Gold,run_20260808_212843,2026-08-08T21:28:54.819066+00:00
C06694,9416.380000000001,4708.1900000000005,2,Silver,run_20260808_212843,2026-08-08T21:28:54.819066+00:00
C06695,18380.39,9190.195,2,Silver,run_20260808_212843,2026-08-08T21:28:54.819066+00:00
C06696,53862.0,6732.75,8,Silver,run_20260808_212843,2026-08-08T21:28:54.819066+00:00
C06697,61195.72,8742.245714285715,7,Bronze,run_20260808_212843,2026-08-08T21:28:54.819066+00:00
C06698,2148.87,2148.87,1,Gold,run_20260808_212843,2026-08-08T21:28:54.819066+00:00
C06699,12593.56,2518.712,5,Bronze,run_20260808_212843,2026-08-08T21:28:54.819066+00:00
C06700,34207.07,6841.414,5,Platinum,run_20260808_212843,2026-08-08T21:28:54.819066+00:00
C06701,4683.74,4683.74,1,Bronze,run_20260808_212843,2026-08-08T21:28:54.819066+00:00
C06702,26181.92,6545.48,4,Bronze,run_20260808_212843,2026-08-08T21:28:54.819066+00:00
C06703,48919.32,8153.22,6,Platinum,run_20260808_212843,2026-08-08T21:28:54.819066+00:00
C06704,163962.94,9644.878823529412,17,Bronze,run_20260808_212843,2026-08-08T21:28:54.819066+00:00
C06705,44172.5,8834.5,5,Bronze,run_20260808_212843,2026-08-08T21:28:54.819066+00:00
C06706,69843.44,11640.573333333334,6,Silver,run_20260808_212843,2026-08-08T21:28:54.819066+00:00
C06707,65167.67,7240.852222222222,9,Platinum,run_20260808_212843,2026-08-08T21:28:54.819066+00:00
C06708,30795.48,7698.87,4,Platinum,run_20260808_212843,2026-08-08T21:28:54.819066+00:00
C06709,12911.43,4303.81,3,Platinum,run_20260808_212843,2026-08-08T21:28:54.819066+00:00
C06710,23817.04,11908.52,2,Platinum,run_20260808_212843,2026-08-08T21:28:54.819066+00:00
C06711,25589.84,5117.968,5,Gold,run_20260808_212843,2026-08-08T21:28:54.819066+00:00
C06712,55276.42,11055.284,5,Gold,run_20260808_212843,2026-08-08T21:28:54.819066+00:00
C06713,35755.01,5107.858571428572,7,Platinum,run_20260808_212843,2026-08-08T21:28:54.819066+00:00
C06714,45729.18,7621.53,6,Gold,run_20260808_212843,2026-08-08T21:28:54.819066+00:00
C06715,37211.28,9302.82,4,Bronze,run_20260808_212843,2026-08-08T21:28:54.819066+00:00
C06716,52867.57,6608.44625,8,Silver,run_20260808_212843,2026-08-08T21:28:54.819066+00:00
C06717,29497.84,7374.46,4,Silver,run_20260808_212843,2026-08-08T21:28:54.819066+00:00
C06718,40212.96,8042.592,5,Bronze,run_20260808_212843,2026-08-08T21:28:54.819066+00:00
C06719,17254.3,4313.575,4,Silver,run_20260808_212843,2026-08-08T21:28:54.819066+00:00
C06720,74017.40000000001,10573.914285714287,7,Bronze,run_20260808_212843,2026-08-08T21:28:54.819066+00:00
C06721,62203.84,7775.48,8,Bronze,run_20260808_212843,2026-08-08T21:28:54.819066+00:00
C06722,30300.23,7575.0575,4,Silver,run_20260808_212843,2026-08-08T21:28:54.819066+00:00
C06723,32427.44,8106.86,4,Bronze,run_20260808_212843,2026-08-08T21:28:54.819066+00:00
C06724,49684.47,9936.894,5,Silver,run_20260808_212843,2026-08-08T21:28:54.819066+00:00
C06725,66287.75,9469.67857142857,7,Platinum,run_20260808_212843,2026-08-08T21:28:54.819066+00:00
C06726,20519.55,3419.9249999999997,6,Silver,run_20260808_212843,2026-08-08T21:28:54.819066+00:00
C06727,50963.049999999996,16987.68333333333,3,Silver,run_20260808_212843,2026-08-08T21:28:54.819066+00:00
C06728,48806.299999999996,12201.574999999999,4,Platinum,run_20260808_212843,2026-08-08T21:28:54.819066+00:00
C06729,22511.69,5627.9225,4,Silver,run_20260808_212843,2026-08-08T21:28:54.819066+00:00
C06730,21979.21,4395.842,5,Bronze,run_20260808_212843,2026-08-08T21:28:54.819066+00:00
C06731,57085.0,9514.166666666666,6,Gold,run_20260808_212843,2026-08-08T21:28:54.819066+00:00
C06732,11597.49,11597.49,1,Platinum,run_20260808_212843,2026-08-08T21:28:54.819066+00:00
C06733,20190.68,4038.136,5,Silver,run_20260808_212843,2026-08-08T21:28:54.819066+00:00
C06734,50064.65,8344.108333333334,6,Platinum,run_20260808_212843,2026-08-08T21:28:54.819066+00:00
C06735,24417.62,6104.405,4,Platinum,run_20260808_212843,2026-08-08T21:28:54.819066+00:00
C06736,46151.97,7691.995,6,Bronze,run_20260808_212843,2026-08-08T21:28:54.819066+00:00
C06737,37276.03,6212.671666666666,6,Bronze,run_20260808_212843,2026-08-08T21:28:54.819066+00:00
C06738,41383.020000000004,8276.604000000001,5,Silver,run_20260808_212843,2026-08-08T21:28:54.819066+00:00
C06739,45479.14,7579.856666666667,6,Silver,run_20260808_212843,2026-08-08T21:28:54.819066+00:00
C06740,49924.25,9984.85,5,Platinum,run_20260808_212843,2026-08-08T21:28:54.819066+00:00
C06741,41491.9,10372.975,4,Platinum,run_20260808_212843,2026-08-08T21:28:54.819066+00:00
C06742,4715.5599999999995,2357.7799999999997,2,Platinum,run_20260808_212843,2026-08-08T21:28:54.819066+00:00
C06743,47652.68,11913.17,4,Bronze,run_20260808_212843,2026-08-08T21:28:54.819066+00:00
C06744,62890.39,10481.731666666667,6,Platinum,run_20260808_212843,2026-08-08T21:28:54.819066+00:00
C06745,61681.5,10280.25,6,Silver,run_20260808_212843,2026-08-08T21:28:54.819066+00:00
C06746,11744.619999999999,5872.3099999999995,2,Silver,run_20260808_212843,2026-08-08T21:28:54.819066+00:00
C06748,52635.6,10527.119999999999,5,Platinum,run_20260808_212843,2026-08-08T21:28:54.819066+00:00
C06749,110510.58,10046.416363636365,11,Bronze,run_20260808_212843,2026-08-08T21:28:54.819066+00:00
C06750,17659.079999999998,8829.539999999999,2,Gold,run_20260808_212843,2026-08-08T21:28:54.819066+00:00
C06751,21634.15,7211.383333333334,3,Bronze,run_20260808_212843,2026-08-08T21:28:54.819066+00:00
C06752,42652.18,6093.168571428571,7,Bronze,run_20260808_212843,2026-08-08T21:28:54.819066+00:00
C06753,40430.0,6738.333333333333,6,Platinum,run_20260808_212843,2026-08-08T21:28:54.819066+00:00
C06754,13064.130000000001,4354.71,3,Platinum,run_20260808_212843,2026-08-08T21:28:54.819066+00:00
C06755,18569.239999999998,4642.3099999999995,4,Platinum,run_20260808_212843,2026-08-08T21:28:54.819066+00:00
C06756,26259.77,8753.256666666666,3,Gold,run_20260808_212843,2026-08-08T21:28:54.819066+00:00
C06757,36424.68,6070.78,6,Bronze,run_20260808_212843,2026-08-08T21:28:54.819066+00:00
C06758,12054.92,4018.306666666667,3,Platinum,run_20260808_212843,2026-08-08T21:28:54.819066+00:00
C06759,34707.76,5784.626666666667,6,Platinum,run_20260808_212843,2026-08-08T21:28:54.819066+00:00
C06760,18262.16,3652.432,5,Platinum,run_20260808_212843,2026-08-08T21:28:54.819066+00:00
C06761,16014.64,8007.32,2,Platinum,run_20260808_212843,2026-08-08T21:28:54.819066+00:00
C06762,54356.799999999996,6794.599999999999,8,Silver,run_20260808_212843,2026-08-08T21:28:54.819066+00:00
C06763,5854.76,2927.38,2,Bronze,run_20260808_212843,2026-08-08T21:28:54.819066+00:00
C06764,55107.34,7872.477142857142,7,Bronze,run_20260808_212843,2026-08-08T21:28:54.819066+00:00
C06766,49211.45,8201.908333333333,6,Gold,run_20260808_212843,2026-08-08T21:28:54.819066+00:00
C06767,3549.5299999999997,1774.7649999999999,2,Bronze,run_20260808_212843,2026-08-08T21:28:54.819066+00:00
C06768,82629.06999999999,10328.633749999999,8,Gold,run_20260808_212843,2026-08-08T21:28:54.819066+00:00
C06769,62348.58,10391.43,6,Platinum,run_20260808_212843,2026-08-08T21:28:54.819066+00:00
C06770,42416.96,10604.24,4,Platinum,run_20260808_212843,2026-08-08T21:28:54.819066+00:00
C06771,32355.0,6471.0,5,Bronze,run_20260808_212843,2026-08-08T21:28:54.819066+00:00
C06772,68798.56,9828.365714285714,7,Platinum,run_20260808_212843,2026-08-08T21:28:54.819066+00:00
C06773,13734.03,3433.5075,4,Gold,run_20260808_212843,2026-08-08T21:28:54.819066+00:00
C06774,38246.6,9561.65,4,Platinum,run_20260808_212843,2026-08-08T21:28:54.819066+00:00
C06775,27309.22,6827.305,4,Platinum,run_20260808_212843,2026-08-08T21:28:54.819066+00:00
C06776,49005.32,6125.665,8,Bronze,run_20260808_212843,2026-08-08T21:28:54.819066+00:00
C06777,28954.23,5790.846,5,Silver,run_20260808_212843,2026-08-08T21:28:54.819066+00:00
C06778,41236.18,8247.236,5,Gold,run_20260808_212843,2026-08-08T21:28:54.819066+00:00
C06779,19427.89,3885.578,5,Silver,run_20260808_212843,2026-08-08T21:28:54.819066+00:00
C06780,29281.06,9760.353333333334,3,Platinum,run_20260808_212843,2026-08-08T21:28:54.819066+00:00
C06781,14677.54,4892.513333333333,3,Gold,run_20260808_212843,2026-08-08T21:28:54.819066+00:00
C06782,67195.11,11199.185,6,Platinum,run_20260808_212843,2026-08-08T21:28:54.819066+00:00
C06783,33090.43,8272.6075,4,Silver,run_20260808_212843,2026-08-08T21:28:54.819066+00:00
C06784,42564.67,5320.58375,8,Silver,run_20260808_212843,2026-08-08T21:28:54.819066+00:00
C06785,392.6,392.6,1,Gold,run_20260808_212843,2026-08-08T21:28:54.819066+00:00
C06786,56599.61,11319.922,5,Platinum,run_20260808_212843,2026-08-08T21:28:54.819066+00:00
C06787,51091.95,5676.883333333333,9,Silver,run_20260808_212843,2026-08-08T21:28:54.819066+00:00
C06788,74761.44,8306.826666666668,9,Gold,run_20260808_212843,2026-08-08T21:28:54.819066+00:00
C06789,47593.38,5949.1725,8,Platinum,run_20260808_212843,2026-08-08T21:28:54.819066+00:00
C06790,36085.82,6014.303333333333,6,Platinum,run_20260808_212843,2026-08-08T21:28:54.819066+00:00
C06791,2180.8,2180.8,1,Gold,run_20260808_212843,2026-08-08T21:28:54.819066+00:00
C06792,27784.26,6946.065,4,Platinum,run_20260808_212843,2026-08-08T21:28:54.819066+00:00
C06793,23931.81,5982.9525,4,Silver,run_20260808_212843,2026-08-08T21:28:54.819066+00:00
C06794,33704.4,5617.400000000001,6,Silver,run_20260808_212843,2026-08-08T21:28:54.819066+00:00
C06795,20548.29,5137.0725,4,Gold,run_20260808_212843,2026-08-08T21:28:54.819066+00:00
C06796,38467.2,9616.8,4,Bronze,run_20260808_212843,2026-08-08T21:28:54.819066+00:00
C06797,9066.880000000001,3022.2933333333335,3,Platinum,run_20260808_212843,2026-08-08T21:28:54.819066+00:00
C06798,1591.55,1591.55,1,Silver,run_20260808_212843,2026-08-08T21:28:54.819066+00:00
C06799,27894.63,6973.6575,4,Silver,run_20260808_212843,2026-08-08T21:28:54.819066+00:00
C06800,38781.95,7756.389999999999,5,Silver,run_20260808_212843,2026-08-08T21:28:54.819066+00:00
C06801,49545.22,9909.044,5,Silver,run_20260808_212843,2026-08-08T21:28:54.819066+00:00
C06802,18766.89,4691.7225,4,Platinum,run_20260808_212843,2026-08-08T21:28:54.819066+00:00
C06803,23980.32,7993.44,3,Bronze,run_20260808_212843,2026-08-08T21:28:54.819066+00:00
C06804,110554.54,9212.878333333332,12,Platinum,run_20260808_212843,2026-08-08T21:28:54.819066+00:00
C06805,7228.12,7228.12,1,Platinum,run_20260808_212843,2026-08-08T21:28:54.819066+00:00
C06806,3412.9,3412.9,1,Gold,run_20260808_212843,2026-08-08T21:28:54.819066+00:00
C06807,59719.130000000005,9953.188333333334,6,Silver,run_20260808_212843,2026-08-08T21:28:54.819066+00:00
C06808,35842.09,7168.418,5,Silver,run_20260808_212843,2026-08-08T21:28:54.819066+00:00
C06809,56430.31,7053.78875,8,Bronze,run_20260808_212843,2026-08-08T21:28:54.819066+00:00
C06810,27392.050000000003,6848.012500000001,4,Bronze,run_20260808_212843,2026-08-08T21:28:54.819066+00:00
C06811,46749.06,6678.437142857142,7,Gold,run_20260808_212843,2026-08-08T21:28:54.819066+00:00
C06812,16372.71,8186.355,2,Gold,run_20260808_212843,2026-08-08T21:28:54.819066+00:00
C06813,80192.51,8910.278888888888,9,Gold,run_20260808_212843,2026-08-08T21:28:54.819066+00:00
C06814,77994.98,12999.163333333332,6,Silver,run_20260808_212843,2026-08-08T21:28:54.819066+00:00
C06815,61595.310000000005,12319.062000000002,5,Silver,run_20260808_212843,2026-08-08T21:28:54.819066+00:00
C06816,10212.18,5106.09,2,Bronze,run_20260808_212843,2026-08-08T21:28:54.819066+00:00
C06817,48897.490000000005,8149.581666666668,6,Bronze,run_20260808_212843,2026-08-08T21:28:54.819066+00:00
C06818,38336.28,6389.38,6,Gold,run_20260808_212843,2026-08-08T21:28:54.819066+00:00
C06819,4655.68,2327.84,2,Platinum,run_20260808_212843,2026-08-08T21:28:54.819066+00:00
C06820,51526.45,7360.921428571428,7,Bronze,run_20260808_212843,2026-08-08T21:28:54.819066+00:00
C06821,28933.39,7233.3475,4,Silver,run_20260808_212843,2026-08-08T21:28:54.819066+00:00
C06822,73540.31999999999,12256.72,6,Bronze,run_20260808_212843,2026-08-08T21:28:54.819066+00:00
C06823,18048.69,6016.23,3,Silver,run_20260808_212843,2026-08-08T21:28:54.819066+00:00
C06824,17179.559999999998,5726.5199999999995,3,Platinum,run_20260808_212843,2026-08-08T21:28:54.819066+00:00
C06825,9572.92,4786.46,2,Gold,run_20260808_212843,2026-08-08T21:28:54.819066+00:00
C06826,11244.08,5622.04,2,Gold,run_20260808_212843,2026-08-08T21:28:54.819066+00:00
C06827,4056.68,4056.68,1,Gold,run_20260808_212843,2026-08-08T21:28:54.819066+00:00
C06828,19949.91,4987.4775,4,Bronze,run_20260808_212843,2026-08-08T21:28:54.819066+00:00
C06829,9029.12,9029.12,1,Gold,run_20260808_212843,2026-08-08T21:28:54.819066+00:00
C06830,44396.619999999995,11099.154999999999,4,Silver,run_20260808_212843,2026-08-08T21:28:54.819066+00:00
C06831,44798.1,5599.7625,8,Bronze,run_20260808_212843,2026-08-08T21:28:54.819066+00:00
C06832,28088.840000000004,7022.210000000001,4,Bronze,run_20260808_212843,2026-08-08T21:28:54.819066+00:00
C06833,18514.09,6171.363333333334,3,Platinum,run_20260808_212843,2026-08-08T21:28:54.819066+00:00
C06834,52179.32,13044.83,4,Platinum,run_20260808_212843,2026-08-08T21:28:54.819066+00:00
C06835,49149.71,8191.618333333333,6,Bronze,run_20260808_212843,2026-08-08T21:28:54.819066+00:00
C06836,30404.97,7601.2425,4,Bronze,run_20260808_212843,2026-08-08T21:28:54.819066+00:00
C06837,97144.73999999999,12143.092499999999,8,Bronze,run_20260808_212843,2026-08-08T21:28:54.819066+00:00
C06838,16719.72,3343.9440000000004,5,Bronze,run_20260808_212843,2026-08-08T21:28:54.819066+00:00
C06839,4990.36,4990.36,1,Bronze,run_20260808_212843,2026-08-08T21:28:54.819066+00:00
C06840,45614.72,7602.453333333334,6,Silver,run_20260808_212843,2026-08-08T21:28:54.819066+00:00
C06841,35984.81,7196.9619999999995,5,Bronze,run_20260808_212843,2026-08-08T21:28:54.819066+00:00
C06842,82354.67000000001,9150.51888888889,9,Silver,run_20260808_212843,2026-08-08T21:28:54.819066+00:00
C06843,58850.26,8407.18,7,Gold,run_20260808_212843,2026-08-08T21:28:54.819066+00:00
C06844,34114.24,6822.848,5,Silver,run_20260808_212843,2026-08-08T21:28:54.819066+00:00
C06845,24784.6,4956.92,5,Gold,run_20260808_212843,2026-08-08T21:28:54.819066+00:00
C06846,116807.05,19467.841666666667,6,Platinum,run_20260808_212843,2026-08-08T21:28:54.819066+00:00
C06847,12063.720000000001,4021.2400000000002,3,Platinum,run_20260808_212843,2026-08-08T21:28:54.819066+00:00
C06848,26028.8,5205.76,5,Bronze,run_20260808_212843,2026-08-08T21:28:54.819066+00:00
C06849,26109.7,3263.7125,8,Silver,run_20260808_212843,2026-08-08T21:28:54.819066+00:00
C06850,15631.33,5210.443333333334,3,Gold,run_20260808_212843,2026-08-08T21:28:54.819066+00:00
C06851,12447.550000000001,6223.775000000001,2,Gold,run_20260808_212843,2026-08-08T21:28:54.819066+00:00
C06852,9053.539999999999,3017.8466666666664,3,Silver,run_20260808_212843,2026-08-08T21:28:54.819066+00:00
C06853,15879.43,3175.886,5,Bronze,run_20260808_212843,2026-08-08T21:28:54.819066+00:00
C06854,24973.88,4994.776,5,Silver,run_20260808_212843,2026-08-08T21:28:54.819066+00:00
C06855,32726.65,6545.33,5,Platinum,run_20260808_212843,2026-08-08T21:28:54.819066+00:00
C06856,16460.530000000002,4115.132500000001,4,Platinum,run_20260808_212843,2026-08-08T21:28:54.819066+00:00
C06857,25512.659999999996,5102.531999999999,5,Bronze,run_20260808_212843,2026-08-08T21:28:54.819066+00:00
C06858,38310.84,6385.139999999999,6,Silver,run_20260808_212843,2026-08-08T21:28:54.819066+00:00
C06859,49928.33,9985.666000000001,5,Platinum,run_20260808_212843,2026-08-08T21:28:54.819066+00:00
C06860,32469.24,6493.848,5,Gold,run_20260808_212843,2026-08-08T21:28:54.819066+00:00
C06861,20146.8,5036.7,4,Gold,run_20260808_212843,2026-08-08T21:28:54.819066+00:00
C06862,17082.7,17082.7,1,Silver,run_20260808_212843,2026-08-08T21:28:54.819066+00:00
C06863,45330.94,11332.735,4,Bronze,run_20260808_212843,2026-08-08T21:28:54.819066+00:00
C06864,12100.099999999999,6050.049999999999,2,Gold,run_20260808_212843,2026-08-08T21:28:54.819066+00:00
C06865,28786.0,9595.333333333334,3,Gold,run_20260808_212843,2026-08-08T21:28:54.819066+00:00
C06866,47347.01,9469.402,5,Platinum,run_20260808_212843,2026-08-08T21:28:54.819066+00:00
C06867,13266.91,6633.455,2,Gold,run_20260808_212843,2026-08-08T21:28:54.819066+00:00
C06868,48222.23,8037.038333333334,6,Silver,run_20260808_212843,2026-08-08T21:28:54.819066+00:00
C06869,42050.520000000004,5256.3150000000005,8,Silver,run_20260808_212843,2026-08-08T21:28:54.819066+00:00
C06870,35395.97,7079.194,5,Platinum,run_20260808_212843,2026-08-08T21:28:54.819066+00:00
C06871,30997.379999999997,6199.476,5,Silver,run_20260808_212843,2026-08-08T21:28:54.819066+00:00
C06872,14784.220000000001,4928.073333333334,3,Silver,run_20260808_212843,2026-08-08T21:28:54.819066+00:00
C06873,38555.61,4819.45125,8,Platinum,run_20260808_212843,2026-08-08T21:28:54.819066+00:00
C06874,62305.1,7788.1375,8,Platinum,run_20260808_212843,2026-08-08T21:28:54.819066+00:00
C06875,61828.03,8832.575714285715,7,Platinum,run_20260808_212843,2026-08-08T21:28:54.819066+00:00
C06876,35709.29,5951.548333333333,6,Platinum,run_20260808_212843,2026-08-08T21:28:54.819066+00:00
C06877,51086.92,6385.865,8,Gold,run_20260808_212843,2026-08-08T21:28:54.819066+00:00
C06878,30911.84,6182.368,5,Bronze,run_20260808_212843,2026-08-08T21:28:54.819066+00:00
C06879,51079.880000000005,10215.976,5,Platinum,run_20260808_212843,2026-08-08T21:28:54.819066+00:00
C06880,12909.96,4303.32,3,Silver,run_20260808_212843,2026-08-08T21:28:54.819066+00:00
C06881,29010.49,4835.081666666667,6,Bronze,run_20260808_212843,2026-08-08T21:28:54.819066+00:00
C06882,39395.6,5627.942857142857,7,Bronze,run_20260808_212843,2026-08-08T21:28:54.819066+00:00
C06883,47700.94,6814.42,7,Bronze,run_20260808_212843,2026-08-08T21:28:54.819066+00:00
C06885,22756.25,7585.416666666667,3,Gold,run_20260808_212843,2026-08-08T21:28:54.819066+00:00
C06886,33519.94,8379.985,4,Platinum,run_20260808_212843,2026-08-08T21:28:54.819066+00:00
C06887,16541.16,16541.16,1,Silver,run_20260808_212843,2026-08-08T21:28:54.819066+00:00
C06888,33621.54,8405.385,4,Platinum,run_20260808_212843,2026-08-08T21:28:54.819066+00:00
C06889,43793.95,21896.975,2,Bronze,run_20260808_212843,2026-08-08T21:28:54.819066+00:00
C06890,50192.1,6274.0125,8,Platinum,run_20260808_212843,2026-08-08T21:28:54.819066+00:00
C06891,40135.259999999995,5733.608571428571,7,Bronze,run_20260808_212843,2026-08-08T21:28:54.819066+00:00
C06892,66084.8,9440.685714285715,7,Silver,run_20260808_212843,2026-08-08T21:28:54.819066+00:00
C06893,51577.71,8596.285,6,Bronze,run_20260808_212843,2026-08-08T21:28:54.819066+00:00
C06894,18660.89,4665.2225,4,Gold,run_20260808_212843,2026-08-08T21:28:54.819066+00:00
C06895,35726.979999999996,7145.395999999999,5,Platinum,run_20260808_212843,2026-08-08T21:28:54.819066+00:00
C06896,27478.36,5495.6720000000005,5,Platinum,run_20260808_212843,2026-08-08T21:28:54.819066+00:00
C06897,12495.06,12495.06,1,Gold,run_20260808_212843,2026-08-08T21:28:54.819066+00:00
C06898,63299.42,9042.774285714286,7,Gold,run_20260808_212843,2026-08-08T21:28:54.819066+00:00
C06899,22831.76,11415.88,2,Gold,run_20260808_212843,2026-08-08T21:28:54.819066+00:00
C06900,29229.76,9743.253333333332,3,Bronze,run_20260808_212843,2026-08-08T21:28:54.819066+00:00
C06901,18627.5,6209.166666666667,3,Gold,run_20260808_212843,2026-08-08T21:28:54.819066+00:00
C06902,45884.82,15294.94,3,Silver,run_20260808_212843,2026-08-08T21:28:54.819066+00:00
C06903,51023.47,12755.8675,4,Platinum,run_20260808_212843,2026-08-08T21:28:54.819066+00:00
C06904,52088.8,7441.257142857144,7,Platinum,run_20260808_212843,2026-08-08T21:28:54.819066+00:00
C06905,50858.41,8476.401666666667,6,Silver,run_20260808_212843,2026-08-08T21:28:54.819066+00:00
C06906,14793.56,7396.78,2,Platinum,run_20260808_212843,2026-08-08T21:28:54.819066+00:00
C06907,73642.64,12273.773333333333,6,Gold,run_20260808_212843,2026-08-08T21:28:54.819066+00:00
C06908,6731.0,3365.5,2,Platinum,run_20260808_212843,2026-08-08T21:28:54.819066+00:00
C06909,17357.64,4339.41,4,Silver,run_20260808_212843,2026-08-08T21:28:54.819066+00:00
C06910,54535.13,7790.732857142857,7,Gold,run_20260808_212843,2026-08-08T21:28:54.819066+00:00
C06911,61541.55,12308.310000000001,5,Bronze,run_20260808_212843,2026-08-08T21:28:54.819066+00:00
C06912,63406.7,7925.8375,8,Bronze,run_20260808_212843,2026-08-08T21:28:54.819066+00:00
C06913,60767.82,10127.97,6,Gold,run_20260808_212843,2026-08-08T21:28:54.819066+00:00
C06914,19576.18,4894.045,4,Platinum,run_20260808_212843,2026-08-08T21:28:54.819066+00:00
C06915,54474.119999999995,9079.019999999999,6,Silver,run_20260808_212843,2026-08-08T21:28:54.819066+00:00
C06916,39157.15,7831.43,5,Gold,run_20260808_212843,2026-08-08T21:28:54.819066+00:00
C06917,47432.67,7905.445,6,Silver,run_20260808_212843,2026-08-08T21:28:54.819066+00:00
C06918,44349.26,7391.543333333334,6,Bronze,run_20260808_212843,2026-08-08T21:28:54.819066+00:00
C06919,14613.12,4871.04,3,Gold,run_20260808_212843,2026-08-08T21:28:54.819066+00:00
C06920,104063.07,8671.9225,12,Gold,run_20260808_212843,2026-08-08T21:28:54.819066+00:00
C06921,49860.020000000004,8310.003333333334,6,Silver,run_20260808_212843,2026-08-08T21:28:54.819066+00:00
C06922,39266.09,5609.441428571428,7,Bronze,run_20260808_212843,2026-08-08T21:28:54.819066+00:00
C06923,50795.020000000004,7256.431428571429,7,Bronze,run_20260808_212843,2026-08-08T21:28:54.819066+00:00
C06924,58158.06,9693.01,6,Gold,run_20260808_212843,2026-08-08T21:28:54.819066+00:00
C06925,48913.57,9782.714,5,Silver,run_20260808_212843,2026-08-08T21:28:54.819066+00:00
C06926,36679.52,12226.506666666666,3,Gold,run_20260808_212843,2026-08-08T21:28:54.819066+00:00
C06927,20163.55,20163.55,1,Platinum,run_20260808_212843,2026-08-08T21:28:54.819066+00:00
C06928,23034.260000000002,4606.852000000001,5,Bronze,run_20260808_212843,2026-08-08T21:28:54.819066+00:00
C06929,9893.15,9893.15,1,Bronze,run_20260808_212843,2026-08-08T21:28:54.819066+00:00
C06930,26551.2,8850.4,3,Gold,run_20260808_212843,2026-08-08T21:28:54.819066+00:00
C06931,48025.61,9605.122,5,Gold,run_20260808_212843,2026-08-08T21:28:54.819066+00:00
C06932,45638.590000000004,11409.647500000001,4,Gold,run_20260808_212843,2026-08-08T21:28:54.819066+00:00
C06933,46941.39,6705.912857142857,7,Bronze,run_20260808_212843,2026-08-08T21:28:54.819066+00:00
C06934,57620.16,9603.36,6,Bronze,run_20260808_212843,2026-08-08T21:28:54.819066+00:00
C06935,19963.98,3327.33,6,Bronze,run_20260808_212843,2026-08-08T21:28:54.819066+00:00
C06936,39281.16,9820.29,4,Platinum,run_20260808_212843,2026-08-08T21:28:54.819066+00:00
C06937,20374.28,5093.57,4,Gold,run_20260808_212843,2026-08-08T21:28:54.819066+00:00
C06938,58172.899999999994,11634.579999999998,5,Bronze,run_20260808_212843,2026-08-08T21:28:54.819066+00:00
C06939,10121.9,3373.9666666666667,3,Platinum,run_20260808_212843,2026-08-08T21:28:54.819066+00:00
C06940,41121.34,6853.556666666666,6,Gold,run_20260808_212843,2026-08-08T21:28:54.819066+00:00
C06941,61065.53,7633.19125,8,Silver,run_20260808_212843,2026-08-08T21:28:54.819066+00:00
C06942,26546.1,6636.525,4,Silver,run_20260808_212843,2026-08-08T21:28:54.819066+00:00
C06943,41100.17,6850.028333333333,6,Gold,run_20260808_212843,2026-08-08T21:28:54.819066+00:00
C06944,27624.94,9208.313333333334,3,Gold,run_20260808_212843,2026-08-08T21:28:54.819066+00:00
C06945,24382.13,8127.376666666667,3,Gold,run_20260808_212843,2026-08-08T21:28:54.819066+00:00
C06946,4286.12,2143.06,2,Silver,run_20260808_212843,2026-08-08T21:28:54.819066+00:00
C06947,19998.449999999997,6666.149999999999,3,Platinum,run_20260808_212843,2026-08-08T21:28:54.819066+00:00
C06948,89814.62,8981.462,10,Silver,run_20260808_212843,2026-08-08T21:28:54.819066+00:00
C06949,19202.61,3840.522,5,Bronze,run_20260808_212843,2026-08-08T21:28:54.819066+00:00
C06950,43365.56,7227.593333333333,6,Gold,run_20260808_212843,2026-08-08T21:28:54.819066+00:00
C06951,24593.14,12296.57,2,Silver,run_20260808_212843,2026-08-08T21:28:54.819066+00:00
C06952,38501.69,12833.896666666667,3,Gold,run_20260808_212843,2026-08-08T21:28:54.819066+00:00
C06953,2554.4,2554.4,1,Platinum,run_20260808_212843,2026-08-08T21:28:54.819066+00:00
C06954,29215.909999999996,7303.977499999999,4,Bronze,run_20260808_212843,2026-08-08T21:28:54.819066+00:00
C06955,51687.7,7383.957142857143,7,Silver,run_20260808_212843,2026-08-08T21:28:54.819066+00:00
C06956,17254.31,8627.155,2,Platinum,run_20260808_212843,2026-08-08T21:28:54.819066+00:00
C06957,25195.23,5039.046,5,Platinum,run_20260808_212843,2026-08-08T21:28:54.819066+00:00
C06958,27167.85,5433.57,5,Bronze,run_20260808_212843,2026-08-08T21:28:54.819066+00:00
C06959,19102.359999999997,9551.179999999998,2,Bronze,run_20260808_212843,2026-08-08T21:28:54.819066+00:00
C06960,44787.630000000005,8957.526000000002,5,Bronze,run_20260808_212843,2026-08-08T21:28:54.819066+00:00
C06961,23835.87,11917.935,2,Platinum,run_20260808_212843,2026-08-08T21:28:54.819066+00:00
C06962,44465.009999999995,5558.126249999999,8,Silver,run_20260808_212843,2026-08-08T21:28:54.819066+00:00
C06963,34952.56,8738.14,4,Platinum,run_20260808_212843,2026-08-08T21:28:54.819066+00:00
C06964,8941.73,4470.865,2,Silver,run_20260808_212843,2026-08-08T21:28:54.819066+00:00
C06965,56431.869999999995,9405.311666666666,6,Platinum,run_20260808_212843,2026-08-08T21:28:54.819066+00:00
C06966,11073.61,5536.805,2,Bronze,run_20260808_212843,2026-08-08T21:28:54.819066+00:00
C06967,29294.36,7323.59,4,Gold,run_20260808_212843,2026-08-08T21:28:54.819066+00:00
C06968,8776.27,2925.4233333333336,3,Platinum,run_20260808_212843,2026-08-08T21:28:54.819066+00:00
C06969,21190.22,5297.555,4,Platinum,run_20260808_212843,2026-08-08T21:28:54.819066+00:00
C06970,22926.449999999997,3821.0749999999994,6,Gold,run_20260808_212843,2026-08-08T21:28:54.819066+00:00
C06971,15860.439999999999,3965.1099999999997,4,Platinum,run_20260808_212843,2026-08-08T21:28:54.819066+00:00
C06972,59882.520000000004,11976.504,5,Platinum,run_20260808_212843,2026-08-08T21:28:54.819066+00:00
C06973,89223.48,8111.225454545454,11,Platinum,run_20260808_212843,2026-08-08T21:28:54.819066+00:00
C06974,67480.87,9640.124285714284,7,Platinum,run_20260808_212843,2026-08-08T21:28:54.819066+00:00
C06975,37654.75,6275.791666666667,6,Platinum,run_20260808_212843,2026-08-08T21:28:54.819066+00:00
C06976,838.74,838.74,1,Silver,run_20260808_212843,2026-08-08T21:28:54.819066+00:00
C06977,26799.75,6699.9375,4,Silver,run_20260808_212843,2026-08-08T21:28:54.819066+00:00
C06978,12047.849999999999,6023.924999999999,2,Silver,run_20260808_212843,2026-08-08T21:28:54.819066+00:00
C06979,15022.380000000001,3755.5950000000003,4,Platinum,run_20260808_212843,2026-08-08T21:28:54.819066+00:00
C06980,23156.45,7718.816666666667,3,Platinum,run_20260808_212843,2026-08-08T21:28:54.819066+00:00
C06981,50375.61,6296.95125,8,Silver,run_20260808_212843,2026-08-08T21:28:54.819066+00:00
C06982,30628.06,7657.015,4,Bronze,run_20260808_212843,2026-08-08T21:28:54.819066+00:00
C06983,29411.2,7352.8,4,Silver,run_20260808_212843,2026-08-08T21:28:54.819066+00:00
C06984,11304.09,2826.0225,4,Platinum,run_20260808_212843,2026-08-08T21:28:54.819066+00:00
C06985,88425.01,8038.637272727272,11,Platinum,run_20260808_212843,2026-08-08T21:28:54.819066+00:00
C06986,75529.53,12588.255,6,Bronze,run_20260808_212843,2026-08-08T21:28:54.819066+00:00
C06987,100813.56999999999,10081.357,10,Silver,run_20260808_212843,2026-08-08T21:28:54.819066+00:00
C06988,38162.58,9540.645,4,Gold,run_20260808_212843,2026-08-08T21:28:54.819066+00:00
C06989,28270.11,5654.022,5,Bronze,run_20260808_212843,2026-08-08T21:28:54.819066+00:00
C06990,64991.42,9284.488571428572,7,Platinum,run_20260808_212843,2026-08-08T21:28:54.819066+00:00
C06991,20566.05,6855.349999999999,3,Bronze,run_20260808_212843,2026-08-08T21:28:54.819066+00:00
C06992,55437.380000000005,11087.476,5,Bronze,run_20260808_212843,2026-08-08T21:28:54.819066+00:00
C06993,67865.27,8483.15875,8,Gold,run_20260808_212843,2026-08-08T21:28:54.819066+00:00
C06994,35456.68,5065.24,7,Gold,run_20260808_212843,2026-08-08T21:28:54.819066+00:00
C06995,27729.63,4621.6050000000005,6,Bronze,run_20260808_212843,2026-08-08T21:28:54.819066+00:00
C06996,34379.89,5729.981666666667,6,Silver,run_20260808_212843,2026-08-08T21:28:54.819066+00:00
C06997,49407.11,9881.422,5,Bronze,run_20260808_212843,2026-08-08T21:28:54.819066+00:00
C06998,13940.300000000001,4646.766666666667,3,Gold,run_20260808_212843,2026-08-08T21:28:54.819066+00:00
C06999,7171.55,7171.55,1,Gold,run_20260808_212843,2026-08-08T21:28:54.819066+00:00
C07000,21503.65,5375.9125,4,Gold,run_20260808_212843,2026-08-08T21:28:54.819066+00:00
C07001,43848.41,6264.058571428572,7,Gold,run_20260808_212843,2026-08-08T21:28:54.819066+00:00
C07002,50413.58,6301.6975,8,Gold,run_20260808_212843,2026-08-08T21:28:54.819066+00:00
C07003,16680.809999999998,8340.404999999999,2,Platinum,run_20260808_212843,2026-08-08T21:28:54.819066+00:00
C07004,90149.14,10016.57111111111,9,Bronze,run_20260808_212843,2026-08-08T21:28:54.819066+00:00
C07005,35613.869999999995,5935.6449999999995,6,Silver,run_20260808_212843,2026-08-08T21:28:54.819066+00:00
C07006,39807.22,7961.444,5,Silver,run_20260808_212843,2026-08-08T21:28:54.819066+00:00
C07007,47289.84,9457.967999999999,5,Platinum,run_20260808_212843,2026-08-08T21:28:54.819066+00:00
C07008,5718.4,1906.1333333333332,3,Bronze,run_20260808_212843,2026-08-08T21:28:54.819066+00:00
C07009,22407.420000000002,4481.484,5,Gold,run_20260808_212843,2026-08-08T21:28:54.819066+00:00
C07010,30522.55,7630.6375,4,Gold,run_20260808_212843,2026-08-08T21:28:54.819066+00:00
C07011,16759.3,5586.433333333333,3,Silver,run_20260808_212843,2026-08-08T21:28:54.819066+00:00
C07012,36213.55,6035.591666666667,6,Silver,run_20260808_212843,2026-08-08T21:28:54.819066+00:00
C07013,30470.18,5078.363333333334,6,Platinum,run_20260808_212843,2026-08-08T21:28:54.819066+00:00
C07014,66858.99,6078.09,11,Bronze,run_20260808_212843,2026-08-08T21:28:54.819066+00:00
C07015,67090.08,6709.008,10,Bronze,run_20260808_212843,2026-08-08T21:28:54.819066+00:00
C07016,24261.08,6065.27,4,Gold,run_20260808_212843,2026-08-08T21:28:54.819066+00:00
C07017,17123.49,3424.6980000000003,5,Bronze,run_20260808_212843,2026-08-08T21:28:54.819066+00:00
C07018,47035.25,9407.05,5,Bronze,run_20260808_212843,2026-08-08T21:28:54.819066+00:00
C07019,14697.0,3674.25,4,Platinum,run_20260808_212843,2026-08-08T21:28:54.819066+00:00
C07020,54521.42,6057.935555555556,9,Platinum,run_20260808_212843,2026-08-08T21:28:54.819066+00:00
C07021,14041.55,3510.3875,4,Gold,run_20260808_212843,2026-08-08T21:28:54.819066+00:00
C07022,63665.57,10610.928333333333,6,Platinum,run_20260808_212843,2026-08-08T21:28:54.819066+00:00
C07023,58287.16,14571.79,4,Gold,run_20260808_212843,2026-08-08T21:28:54.819066+00:00
C07024,39348.01,9837.0025,4,Platinum,run_20260808_212843,2026-08-08T21:28:54.819066+00:00
C07025,28822.68,7205.67,4,Platinum,run_20260808_212843,2026-08-08T21:28:54.819066+00:00
C07026,3408.42,3408.42,1,Silver,run_20260808_212843,2026-08-08T21:28:54.819066+00:00
C07027,45563.17,6509.024285714286,7,Silver,run_20260808_212843,2026-08-08T21:28:54.819066+00:00
C07028,24832.77,4966.554,5,Platinum,run_20260808_212843,2026-08-08T21:28:54.819066+00:00
C07029,26771.38,4461.8966666666665,6,Platinum,run_20260808_212843,2026-08-08T21:28:54.819066+00:00
C07030,28481.59,7120.3975,4,Platinum,run_20260808_212843,2026-08-08T21:28:54.819066+00:00
C07031,53375.630000000005,7625.090000000001,7,Silver,run_20260808_212843,2026-08-08T21:28:54.819066+00:00
C07032,65391.61,10898.601666666667,6,Gold,run_20260808_212843,2026-08-08T21:28:54.819066+00:00
C07033,45005.31999999999,11251.329999999998,4,Bronze,run_20260808_212843,2026-08-08T21:28:54.819066+00:00
C07034,23822.48,4764.496,5,Platinum,run_20260808_212843,2026-08-08T21:28:54.819066+00:00
C07035,23591.12,5897.78,4,Platinum,run_20260808_212843,2026-08-08T21:28:54.819066+00:00
C07036,65471.33,10911.888333333334,6,Silver,run_20260808_212843,2026-08-08T21:28:54.819066+00:00
C07037,43029.619999999995,8605.923999999999,5,Platinum,run_20260808_212843,2026-08-08T21:28:54.819066+00:00
C07038,81961.22,9106.802222222223,9,Gold,run_20260808_212843,2026-08-08T21:28:54.819066+00:00
C07039,39424.579999999994,9856.144999999999,4,Bronze,run_20260808_212843,2026-08-08T21:28:54.819066+00:00
C07040,29780.17,7445.0425,4,Platinum,run_20260808_212843,2026-08-08T21:28:54.819066+00:00
C07041,29676.07,7419.0175,4,Gold,run_20260808_212843,2026-08-08T21:28:54.819066+00:00
C07042,14063.42,4687.806666666666,3,Bronze,run_20260808_212843,2026-08-08T21:28:54.819066+00:00
C07043,48843.61,6105.45125,8,Silver,run_20260808_212843,2026-08-08T21:28:54.819066+00:00
C07044,23697.18,7899.06,3,Bronze,run_20260808_212843,2026-08-08T21:28:54.819066+00:00
C07045,50196.36,7170.908571428571,7,Gold,run_20260808_212843,2026-08-08T21:28:54.819066+00:00
C07046,51817.07,6477.13375,8,Bronze,run_20260808_212843,2026-08-08T21:28:54.819066+00:00
C07047,60125.91,7515.73875,8,Bronze,run_20260808_212843,2026-08-08T21:28:54.819066+00:00
C07048,98546.53,9854.653,10,Silver,run_20260808_212843,2026-08-08T21:28:54.819066+00:00
C07049,48601.7,9720.34,5,Bronze,run_20260808_212843,2026-08-08T21:28:54.819066+00:00
C07050,19457.71,6485.903333333333,3,Silver,run_20260808_212843,2026-08-08T21:28:54.819066+00:00
C07051,38664.35,7732.87,5,Platinum,run_20260808_212843,2026-08-08T21:28:54.819066+00:00
C07052,34748.07000000001,6949.614000000001,5,Bronze,run_20260808_212843,2026-08-08T21:28:54.819066+00:00
C07053,39340.5,6556.75,6,Bronze,run_20260808_212843,2026-08-08T21:28:54.819066+00:00
C07054,18702.93,2671.847142857143,7,Silver,run_20260808_212843,2026-08-08T21:28:54.819066+00:00
C07055,44568.28,8913.655999999999,5,Bronze,run_20260808_212843,2026-08-08T21:28:54.819066+00:00
C07056,55001.93,9166.988333333333,6,Gold,run_20260808_212843,2026-08-08T21:28:54.819066+00:00
C07057,53446.28,7635.182857142857,7,Silver,run_20260808_212843,2026-08-08T21:28:54.819066+00:00
C07058,20787.53,5196.8825,4,Silver,run_20260808_212843,2026-08-08T21:28:54.819066+00:00
C07059,29602.489999999998,9867.496666666666,3,Platinum,run_20260808_212843,2026-08-08T21:28:54.819066+00:00
C07060,6102.36,6102.36,1,Bronze,run_20260808_212843,2026-08-08T21:28:54.819066+00:00
C07061,6103.93,3051.965,2,Gold,run_20260808_212843,2026-08-08T21:28:54.819066+00:00
C07062,34184.45,8546.1125,4,Platinum,run_20260808_212843,2026-08-08T21:28:54.819066+00:00
C07063,83611.29,10451.41125,8,Bronze,run_20260808_212843,2026-08-08T21:28:54.819066+00:00
C07064,41930.62,6988.436666666667,6,Platinum,run_20260808_212843,2026-08-08T21:28:54.819066+00:00
C07065,19163.52,9581.76,2,Bronze,run_20260808_212843,2026-08-08T21:28:54.819066+00:00
C07066,32239.07,8059.7675,4,Gold,run_20260808_212843,2026-08-08T21:28:54.819066+00:00
C07067,26111.52,4351.92,6,Platinum,run_20260808_212843,2026-08-08T21:28:54.819066+00:00
C07068,68022.82,11337.136666666667,6,Silver,run_20260808_212843,2026-08-08T21:28:54.819066+00:00
C07069,15485.289999999999,3871.3224999999998,4,Platinum,run_20260808_212843,2026-08-08T21:28:54.819066+00:00
C07070,41957.1,8391.42,5,Bronze,run_20260808_212843,2026-08-08T21:28:54.819066+00:00
C07071,39494.5,6582.416666666667,6,Gold,run_20260808_212843,2026-08-08T21:28:54.819066+00:00
C07072,88016.44,8801.644,10,Platinum,run_20260808_212843,2026-08-08T21:28:54.819066+00:00
C07073,76933.34,6993.94,11,Gold,run_20260808_212843,2026-08-08T21:28:54.819066+00:00
C07074,24352.92,8117.639999999999,3,Bronze,run_20260808_212843,2026-08-08T21:28:54.819066+00:00
C07075,25876.42,12938.21,2,Bronze,run_20260808_212843,2026-08-08T21:28:54.819066+00:00
C07076,56423.490000000005,11284.698,5,Bronze,run_20260808_212843,2026-08-08T21:28:54.819066+00:00
C07077,34175.259999999995,5695.876666666666,6,Silver,run_20260808_212843,2026-08-08T21:28:54.819066+00:00
C07078,67323.77,11220.628333333334,6,Gold,run_20260808_212843,2026-08-08T21:28:54.819066+00:00
C07079,51040.97,8506.828333333333,6,Silver,run_20260808_212843,2026-08-08T21:28:54.819066+00:00
C07080,79562.99,8840.332222222223,9,Silver,run_20260808_212843,2026-08-08T21:28:54.819066+00:00
C07081,40078.33,5725.475714285714,7,Gold,run_20260808_212843,2026-08-08T21:28:54.819066+00:00
C07082,47380.07,7896.678333333333,6,Bronze,run_20260808_212843,2026-08-08T21:28:54.819066+00:00
C07083,43639.21,7273.201666666667,6,Silver,run_20260808_212843,2026-08-08T21:28:54.819066+00:00
C07084,14968.98,3742.245,4,Gold,run_20260808_212843,2026-08-08T21:28:54.819066+00:00
C07085,54565.83,6820.72875,8,Platinum,run_20260808_212843,2026-08-08T21:28:54.819066+00:00
C07086,48583.3,6940.471428571429,7,Silver,run_20260808_212843,2026-08-08T21:28:54.819066+00:00
C07087,40765.45,8153.089999999999,5,Bronze,run_20260808_212843,2026-08-08T21:28:54.819066+00:00
C07088,60806.7,15201.675,4,Gold,run_20260808_212843,2026-08-08T21:28:54.819066+00:00
C07089,24194.059999999998,12097.029999999999,2,Silver,run_20260808_212843,2026-08-08T21:28:54.819066+00:00
C07090,113530.34000000001,11353.034000000001,10,Bronze,run_20260808_212843,2026-08-08T21:28:54.819066+00:00
C07091,39308.270000000004,6551.378333333334,6,Bronze,run_20260808_212843,2026-08-08T21:28:54.819066+00:00
C07092,36096.9,9024.225,4,Gold,run_20260808_212843,2026-08-08T21:28:54.819066+00:00
C07093,58447.8,8349.685714285715,7,Platinum,run_20260808_212843,2026-08-08T21:28:54.819066+00:00
C07094,1748.1299999999999,582.7099999999999,3,Bronze,run_20260808_212843,2026-08-08T21:28:54.819066+00:00
C07095,111428.52,11142.852,10,Gold,run_20260808_212843,2026-08-08T21:28:54.819066+00:00
C07096,16435.57,4108.8925,4,Silver,run_20260808_212843,2026-08-08T21:28:54.819066+00:00
C07097,42270.63,10567.6575,4,Platinum,run_20260808_212843,2026-08-08T21:28:54.819066+00:00
C07098,54300.02,9050.003333333332,6,Gold,run_20260808_212843,2026-08-08T21:28:54.819066+00:00
C07099,39334.6,7866.92,5,Gold,run_20260808_212843,2026-08-08T21:28:54.819066+00:00
C07100,27880.34,6970.085,4,Platinum,run_20260808_212843,2026-08-08T21:28:54.819066+00:00
C07101,30857.8,5142.966666666666,6,Bronze,run_20260808_212843,2026-08-08T21:28:54.819066+00:00
C07102,34519.24,11506.413333333332,3,Bronze,run_20260808_212843,2026-08-08T21:28:54.819066+00:00
C07103,61392.740000000005,8770.391428571429,7,Silver,run_20260808_212843,2026-08-08T21:28:54.819066+00:00
C07104,55832.520000000004,13958.130000000001,4,Silver,run_20260808_212843,2026-08-08T21:28:54.819066+00:00
C07105,40589.8,6764.966666666667,6,Silver,run_20260808_212843,2026-08-08T21:28:54.819066+00:00
C07106,40251.31,8050.262,5,Platinum,run_20260808_212843,2026-08-08T21:28:54.819066+00:00
C07107,82863.62,10357.9525,8,Platinum,run_20260808_212843,2026-08-08T21:28:54.819066+00:00
C07108,31071.82,5178.636666666666,6,Bronze,run_20260808_212843,2026-08-08T21:28:54.819066+00:00
C07109,47859.71,9571.942,5,Gold,run_20260808_212843,2026-08-08T21:28:54.819066+00:00
C07110,32920.130000000005,6584.026000000001,5,Bronze,run_20260808_212843,2026-08-08T21:28:54.819066+00:00
C07111,50114.0,8352.333333333334,6,Gold,run_20260808_212843,2026-08-08T21:28:54.819066+00:00
C07112,53917.829999999994,10783.565999999999,5,Platinum,run_20260808_212843,2026-08-08T21:28:54.819066+00:00
C07113,19914.489999999998,9957.244999999999,2,Platinum,run_20260808_212843,2026-08-08T21:28:54.819066+00:00
C07114,15941.41,7970.705,2,Bronze,run_20260808_212843,2026-08-08T21:28:54.819066+00:00
C07115,30568.58,6113.716,5,Platinum,run_20260808_212843,2026-08-08T21:28:54.819066+00:00
C07116,23145.81,5786.4525,4,Bronze,run_20260808_212843,2026-08-08T21:28:54.819066+00:00
C07117,21715.9,5428.975,4,Platinum,run_20260808_212843,2026-08-08T21:28:54.819066+00:00
C07118,58891.22,9815.203333333333,6,Silver,run_20260808_212843,2026-08-08T21:28:54.819066+00:00
C07119,35853.770000000004,5121.967142857144,7,Bronze,run_20260808_212843,2026-08-08T21:28:54.819066+00:00
C07120,6189.26,3094.63,2,Gold,run_20260808_212843,2026-08-08T21:28:54.819066+00:00
C07121,88118.28,8811.828,10,Bronze,run_20260808_212843,2026-08-08T21:28:54.819066+00:00
C07122,14289.49,4763.163333333333,3,Silver,run_20260808_212843,2026-08-08T21:28:54.819066+00:00
C07123,26832.739999999998,6708.1849999999995,4,Silver,run_20260808_212843,2026-08-08T21:28:54.819066+00:00
C07124,6569.35,6569.35,1,Gold,run_20260808_212843,2026-08-08T21:28:54.819066+00:00
C07125,31556.83,5259.471666666667,6,Platinum,run_20260808_212843,2026-08-08T21:28:54.819066+00:00
C07126,57060.21000000001,7132.526250000001,8,Platinum,run_20260808_212843,2026-08-08T21:28:54.819066+00:00
C07127,39894.5,6649.083333333333,6,Bronze,run_20260808_212843,2026-08-08T21:28:54.819066+00:00
C07128,21124.24,10562.12,2,Silver,run_20260808_212843,2026-08-08T21:28:54.819066+00:00
C07129,3931.96,1965.98,2,Silver,run_20260808_212843,2026-08-08T21:28:54.819066+00:00
C07130,38468.73,6411.455000000001,6,Gold,run_20260808_212843,2026-08-08T21:28:54.819066+00:00
C07131,23397.35,7799.116666666666,3,Silver,run_20260808_212843,2026-08-08T21:28:54.819066+00:00
C07132,8675.26,2891.7533333333336,3,Silver,run_20260808_212843,2026-08-08T21:28:54.819066+00:00
C07133,16547.440000000002,4136.860000000001,4,Platinum,run_20260808_212843,2026-08-08T21:28:54.819066+00:00
C07134,73355.47,14671.094000000001,5,Platinum,run_20260808_212843,2026-08-08T21:28:54.819066+00:00
C07135,67823.77,8477.97125,8,Bronze,run_20260808_212843,2026-08-08T21:28:54.819066+00:00
C07136,24461.63,3057.70375,8,Bronze,run_20260808_212843,2026-08-08T21:28:54.819066+00:00
C07137,11106.6,11106.6,1,Platinum,run_20260808_212843,2026-08-08T21:28:54.819066+00:00
C07138,57702.17999999999,7212.772499999999,8,Gold,run_20260808_212843,2026-08-08T21:28:54.819066+00:00
C07139,16737.32,8368.66,2,Silver,run_20260808_212843,2026-08-08T21:28:54.819066+00:00
C07140,50542.92,8423.82,6,Bronze,run_20260808_212843,2026-08-08T21:28:54.819066+00:00
C07141,51253.45,17084.483333333334,3,Bronze,run_20260808_212843,2026-08-08T21:28:54.819066+00:00
C07142,22861.510000000002,5715.3775000000005,4,Platinum,run_20260808_212843,2026-08-08T21:28:54.819066+00:00
C07143,7465.13,1866.2825,4,Gold,run_20260808_212843,2026-08-08T21:28:54.819066+00:00
C07144,10590.61,5295.305,2,Gold,run_20260808_212843,2026-08-08T21:28:54.819066+00:00
C07145,47654.97,7942.495,6,Platinum,run_20260808_212843,2026-08-08T21:28:54.819066+00:00
C07146,37772.39,9443.0975,4,Gold,run_20260808_212843,2026-08-08T21:28:54.819066+00:00
C07147,26429.36,8809.786666666667,3,Silver,run_20260808_212843,2026-08-08T21:28:54.819066+00:00
C07148,32797.31,5466.218333333333,6,Gold,run_20260808_212843,2026-08-08T21:28:54.819066+00:00
C07149,44987.65,6426.807142857143,7,Bronze,run_20260808_212843,2026-08-08T21:28:54.819066+00:00
C07150,64051.09,9150.155714285715,7,Silver,run_20260808_212843,2026-08-08T21:28:54.819066+00:00
C07151,30319.61,15159.805,2,Bronze,run_20260808_212843,2026-08-08T21:28:54.819066+00:00
C07152,4048.17,1349.39,3,Gold,run_20260808_212843,2026-08-08T21:28:54.819066+00:00
C07153,75280.23999999999,6843.658181818181,11,Bronze,run_20260808_212843,2026-08-08T21:28:54.819066+00:00
C07154,26929.48,3847.0685714285714,7,Platinum,run_20260808_212843,2026-08-08T21:28:54.819066+00:00
C07155,73865.17000000001,12310.86166666667,6,Bronze,run_20260808_212843,2026-08-08T21:28:54.819066+00:00
C07156,54540.08,10908.016,5,Silver,run_20260808_212843,2026-08-08T21:28:54.819066+00:00
C07157,48677.18,12169.295,4,Gold,run_20260808_212843,2026-08-08T21:28:54.819066+00:00
C07158,23646.559999999998,4729.312,5,Platinum,run_20260808_212843,2026-08-08T21:28:54.819066+00:00
C07159,98125.81999999999,8920.52909090909,11,Silver,run_20260808_212843,2026-08-08T21:28:54.819066+00:00
C07160,40687.630000000005,8137.526000000001,5,Gold,run_20260808_212843,2026-08-08T21:28:54.819066+00:00
C07161,7638.9,3819.45,2,Gold,run_20260808_212843,2026-08-08T21:28:54.819066+00:00
C07162,42012.119999999995,7002.0199999999995,6,Gold,run_20260808_212843,2026-08-08T21:28:54.819066+00:00
C07163,62997.64,6299.764,10,Platinum,run_20260808_212843,2026-08-08T21:28:54.819066+00:00
C07164,29733.579999999998,5946.715999999999,5,Gold,run_20260808_212843,2026-08-08T21:28:54.819066+00:00
C07165,26109.18,8703.06,3,Silver,run_20260808_212843,2026-08-08T21:28:54.819066+00:00
C07166,46172.270000000004,9234.454000000002,5,Gold,run_20260808_212843,2026-08-08T21:28:54.819066+00:00
C07167,36388.96,6064.826666666667,6,Gold,run_20260808_212843,2026-08-08T21:28:54.819066+00:00
C07168,58632.56,8376.08,7,Silver,run_20260808_212843,2026-08-08T21:28:54.819066+00:00
C07169,20395.27,6798.423333333333,3,Platinum,run_20260808_212843,2026-08-08T21:28:54.819066+00:00
C07170,43042.53,6148.932857142857,7,Gold,run_20260808_212843,2026-08-08T21:28:54.819066+00:00
C07171,53493.81,7641.972857142857,7,Bronze,run_20260808_212843,2026-08-08T21:28:54.819066+00:00
C07172,17608.41,8804.205,2,Silver,run_20260808_212843,2026-08-08T21:28:54.819066+00:00
C07173,43239.630000000005,6177.090000000001,7,Bronze,run_20260808_212843,2026-08-08T21:28:54.819066+00:00
C07174,43668.26,8733.652,5,Platinum,run_20260808_212843,2026-08-08T21:28:54.819066+00:00
C07175,17739.09,5913.03,3,Bronze,run_20260808_212843,2026-08-08T21:28:54.819066+00:00
C07176,19776.91,4944.2275,4,Bronze,run_20260808_212843,2026-08-08T21:28:54.819066+00:00
C07177,37060.65,9265.1625,4,Silver,run_20260808_212843,2026-08-08T21:28:54.819066+00:00
C07178,12373.7,12373.7,1,Platinum,run_20260808_212843,2026-08-08T21:28:54.819066+00:00
C07179,51850.28,10370.056,5,Platinum,run_20260808_212843,2026-08-08T21:28:54.819066+00:00
C07180,12184.630000000001,2436.9260000000004,5,Platinum,run_20260808_212843,2026-08-08T21:28:54.819066+00:00
C07181,11016.98,2754.245,4,Bronze,run_20260808_212843,2026-08-08T21:28:54.819066+00:00
C07182,89914.19,14985.698333333334,6,Bronze,run_20260808_212843,2026-08-08T21:28:54.819066+00:00
C07183,56818.24,9469.706666666667,6,Bronze,run_20260808_212843,2026-08-08T21:28:54.819066+00:00
C07184,37239.57,6206.595,6,Platinum,run_20260808_212843,2026-08-08T21:28:54.819066+00:00
C07185,6555.5599999999995,2185.1866666666665,3,Bronze,run_20260808_212843,2026-08-08T21:28:54.819066+00:00
C07186,41783.41,10445.8525,4,Gold,run_20260808_212843,2026-08-08T21:28:54.819066+00:00
C07187,40254.520000000004,8050.904,5,Platinum,run_20260808_212843,2026-08-08T21:28:54.819066+00:00
C07188,22112.43,5528.1075,4,Gold,run_20260808_212843,2026-08-08T21:28:54.819066+00:00
C07189,36429.24,9107.31,4,Platinum,run_20260808_212843,2026-08-08T21:28:54.819066+00:00
C07190,54835.79,10967.158,5,Silver,run_20260808_212843,2026-08-08T21:28:54.819066+00:00
C07191,42056.18,10514.045,4,Bronze,run_20260808_212843,2026-08-08T21:28:54.819066+00:00
C07192,50046.869999999995,8341.144999999999,6,Bronze,run_20260808_212843,2026-08-08T21:28:54.819066+00:00
C07193,28565.36,7141.34,4,Platinum,run_20260808_212843,2026-08-08T21:28:54.819066+00:00
C07194,35101.08,7020.216,5,Gold,run_20260808_212843,2026-08-08T21:28:54.819066+00:00
C07195,39653.54,6608.923333333333,6,Silver,run_20260808_212843,2026-08-08T21:28:54.819066+00:00
C07196,4631.23,2315.615,2,Platinum,run_20260808_212843,2026-08-08T21:28:54.819066+00:00
C07197,61404.93,10234.155,6,Bronze,run_20260808_212843,2026-08-08T21:28:54.819066+00:00
C07198,29299.36,7324.84,4,Silver,run_20260808_212843,2026-08-08T21:28:54.819066+00:00
C07199,36811.96,4601.495,8,Bronze,run_20260808_212843,2026-08-08T21:28:54.819066+00:00
C07200,44350.479999999996,8870.096,5,Gold,run_20260808_212843,2026-08-08T21:28:54.819066+00:00
C07201,34915.96,6983.192,5,Gold,run_20260808_212843,2026-08-08T21:28:54.819066+00:00
C07202,52977.43,8829.571666666667,6,Silver,run_20260808_212843,2026-08-08T21:28:54.819066+00:00
C07203,33057.14,8264.285,4,Bronze,run_20260808_212843,2026-08-08T21:28:54.819066+00:00
C07204,73856.31,12309.385,6,Gold,run_20260808_212843,2026-08-08T21:28:54.819066+00:00
C07205,30286.78,5047.796666666666,6,Silver,run_20260808_212843,2026-08-08T21:28:54.819066+00:00
C07206,43557.9,7259.650000000001,6,Silver,run_20260808_212843,2026-08-08T21:28:54.819066+00:00
C07207,28964.75,7241.1875,4,Platinum,run_20260808_212843,2026-08-08T21:28:54.819066+00:00
C07208,77845.97,8649.552222222223,9,Gold,run_20260808_212843,2026-08-08T21:28:54.819066+00:00
C07209,31737.33,5289.555,6,Bronze,run_20260808_212843,2026-08-08T21:28:54.819066+00:00
C07210,32141.06,8035.265,4,Gold,run_20260808_212843,2026-08-08T21:28:54.819066+00:00
C07211,36130.76,12043.586666666668,3,Platinum,run_20260808_212843,2026-08-08T21:28:54.819066+00:00
C07212,26788.29,6697.0725,4,Silver,run_20260808_212843,2026-08-08T21:28:54.819066+00:00
C07213,22576.56,11288.28,2,Bronze,run_20260808_212843,2026-08-08T21:28:54.819066+00:00
C07214,55774.11,7967.7300000000005,7,Silver,run_20260808_212843,2026-08-08T21:28:54.819066+00:00
C07215,32669.32,6533.864,5,Platinum,run_20260808_212843,2026-08-08T21:28:54.819066+00:00
C07216,23474.68,5868.67,4,Bronze,run_20260808_212843,2026-08-08T21:28:54.819066+00:00
C07217,39272.44,9818.11,4,Gold,run_20260808_212843,2026-08-08T21:28:54.819066+00:00
C07218,46807.0,6686.714285714285,7,Platinum,run_20260808_212843,2026-08-08T21:28:54.819066+00:00
C07219,60753.51,8679.072857142857,7,Silver,run_20260808_212843,2026-08-08T21:28:54.819066+00:00
C07220,58788.020000000004,6532.002222222222,9,Silver,run_20260808_212843,2026-08-08T21:28:54.819066+00:00
C07221,32614.91,8153.7275,4,Silver,run_20260808_212843,2026-08-08T21:28:54.819066+00:00
C07222,59759.33,6639.925555555556,9,Bronze,run_20260808_212843,2026-08-08T21:28:54.819066+00:00
C07223,74101.02,12350.17,6,Silver,run_20260808_212843,2026-08-08T21:28:54.819066+00:00
C07224,50568.71,8428.118333333334,6,Bronze,run_20260808_212843,2026-08-08T21:28:54.819066+00:00
C07225,43769.72,5471.215,8,Silver,run_20260808_212843,2026-08-08T21:28:54.819066+00:00
C07226,56237.729999999996,8033.961428571428,7,Gold,run_20260808_212843,2026-08-08T21:28:54.819066+00:00
C07227,22182.760000000002,4436.552000000001,5,Silver,run_20260808_212843,2026-08-08T21:28:54.819066+00:00
C07228,68998.09,9856.869999999999,7,Gold,run_20260808_212843,2026-08-08T21:28:54.819066+00:00
C07229,2110.88,1055.44,2,Silver,run_20260808_212843,2026-08-08T21:28:54.819066+00:00
C07230,27155.100000000002,3879.3,7,Bronze,run_20260808_212843,2026-08-08T21:28:54.819066+00:00
C07231,43613.9,8722.78,5,Gold,run_20260808_212843,2026-08-08T21:28:54.819066+00:00
C07232,38946.770000000004,6491.128333333334,6,Platinum,run_20260808_212843,2026-08-08T21:28:54.819066+00:00
C07233,3043.91,3043.91,1,Bronze,run_20260808_212843,2026-08-08T21:28:54.819066+00:00
C07234,51081.53,8513.588333333333,6,Platinum,run_20260808_212843,2026-08-08T21:28:54.819066+00:00
C07235,89511.68,11188.96,8,Bronze,run_20260808_212843,2026-08-08T21:28:54.819066+00:00
C07236,62070.740000000005,10345.123333333335,6,Gold,run_20260808_212843,2026-08-08T21:28:54.819066+00:00
C07237,38072.54,7614.508,5,Platinum,run_20260808_212843,2026-08-08T21:28:54.819066+00:00
C07238,60985.69,8712.24142857143,7,Platinum,run_20260808_212843,2026-08-08T21:28:54.819066+00:00
C07239,7105.01,3552.505,2,Gold,run_20260808_212843,2026-08-08T21:28:54.819066+00:00
C07240,28608.41,7152.1025,4,Bronze,run_20260808_212843,2026-08-08T21:28:54.819066+00:00
C07241,29039.84,7259.96,4,Platinum,run_20260808_212843,2026-08-08T21:28:54.819066+00:00
C07243,22518.24,4503.648,5,Gold,run_20260808_212843,2026-08-08T21:28:54.819066+00:00
C07244,32174.41,4596.344285714285,7,Bronze,run_20260808_212843,2026-08-08T21:28:54.819066+00:00
C07245,34354.0,5725.666666666667,6,Silver,run_20260808_212843,2026-08-08T21:28:54.819066+00:00
C07246,4038.81,4038.81,1,Bronze,run_20260808_212843,2026-08-08T21:28:54.819066+00:00
C07247,16184.94,4046.235,4,Gold,run_20260808_212843,2026-08-08T21:28:54.819066+00:00
C07248,38131.78,7626.356,5,Platinum,run_20260808_212843,2026-08-08T21:28:54.819066+00:00
C07249,37636.17,7527.2339999999995,5,Platinum,run_20260808_212843,2026-08-08T21:28:54.819066+00:00
C07251,57683.1,7210.3875,8,Bronze,run_20260808_212843,2026-08-08T21:28:54.819066+00:00
C07252,65353.06,13070.612,5,Platinum,run_20260808_212843,2026-08-08T21:28:54.819066+00:00
C07253,59693.86,8527.694285714286,7,Silver,run_20260808_212843,2026-08-08T21:28:54.819066+00:00
C07254,20077.760000000002,10038.880000000001,2,Gold,run_20260808_212843,2026-08-08T21:28:54.819066+00:00
C07255,28534.3,7133.575,4,Bronze,run_20260808_212843,2026-08-08T21:28:54.819066+00:00
C07256,36571.57,7314.314,5,Bronze,run_20260808_212843,2026-08-08T21:28:54.819066+00:00
C07257,24527.84,8175.946666666667,3,Silver,run_20260808_212843,2026-08-08T21:28:54.819066+00:00
C07258,17816.15,3563.2300000000005,5,Platinum,run_20260808_212843,2026-08-08T21:28:54.819066+00:00
C07259,50582.83,8430.471666666666,6,Bronze,run_20260808_212843,2026-08-08T21:28:54.819066+00:00
C07260,26055.690000000002,6513.922500000001,4,Silver,run_20260808_212843,2026-08-08T21:28:54.819066+00:00
C07261,27176.45,4529.408333333334,6,Silver,run_20260808_212843,2026-08-08T21:28:54.819066+00:00
C07262,12584.75,4194.916666666667,3,Silver,run_20260808_212843,2026-08-08T21:28:54.819066+00:00
C07263,52645.18,6580.6475,8,Gold,run_20260808_212843,2026-08-08T21:28:54.819066+00:00
C07264,23512.309999999998,4702.4619999999995,5,Gold,run_20260808_212843,2026-08-08T21:28:54.819066+00:00
C07265,26153.41,3736.2014285714286,7,Bronze,run_20260808_212843,2026-08-08T21:28:54.819066+00:00
C07266,114142.32,12682.480000000001,9,Bronze,run_20260808_212843,2026-08-08T21:28:54.819066+00:00
C07267,16653.55,16653.55,1,Bronze,run_20260808_212843,2026-08-08T21:28:54.819066+00:00
C07268,55483.06,7926.151428571428,7,Platinum,run_20260808_212843,2026-08-08T21:28:54.819066+00:00
C07269,28997.71,9665.903333333334,3,Platinum,run_20260808_212843,2026-08-08T21:28:54.819066+00:00
C07270,13054.36,4351.453333333334,3,Bronze,run_20260808_212843,2026-08-08T21:28:54.819066+00:00
C07271,13439.029999999999,4479.676666666666,3,Gold,run_20260808_212843,2026-08-08T21:28:54.819066+00:00
C07272,57608.46,9601.41,6,Gold,run_20260808_212843,2026-08-08T21:28:54.819066+00:00
C07273,12728.6,6364.3,2,Silver,run_20260808_212843,2026-08-08T21:28:54.819066+00:00
C07274,54383.67,10876.734,5,Bronze,run_20260808_212843,2026-08-08T21:28:54.819066+00:00
C07275,34152.7,17076.35,2,Platinum,run_20260808_212843,2026-08-08T21:28:54.819066+00:00
C07276,21552.27,7184.09,3,Silver,run_20260808_212843,2026-08-08T21:28:54.819066+00:00
C07277,111283.53,11128.353,10,Gold,run_20260808_212843,2026-08-08T21:28:54.819066+00:00
C07278,2667.77,2667.77,1,Bronze,run_20260808_212843,2026-08-08T21:28:54.819066+00:00
C07279,8046.0,4023.0,2,Gold,run_20260808_212843,2026-08-08T21:28:54.819066+00:00
C07280,11639.53,3879.8433333333337,3,Silver,run_20260808_212843,2026-08-08T21:28:54.819066+00:00
C07281,25937.79,4322.965,6,Bronze,run_20260808_212843,2026-08-08T21:28:54.819066+00:00
C07282,53510.649999999994,7644.3785714285705,7,Platinum,run_20260808_212843,2026-08-08T21:28:54.819066+00:00
C07283,42459.63,14153.21,3,Bronze,run_20260808_212843,2026-08-08T21:28:54.819066+00:00
C07284,51643.689999999995,10328.738,5,Platinum,run_20260808_212843,2026-08-08T21:28:54.819066+00:00
C07285,65881.37000000001,9411.624285714288,7,Bronze,run_20260808_212843,2026-08-08T21:28:54.819066+00:00
C07286,25821.48,5164.296,5,Bronze,run_20260808_212843,2026-08-08T21:28:54.819066+00:00
C07287,34696.69,6939.338000000001,5,Bronze,run_20260808_212843,2026-08-08T21:28:54.819066+00:00
C07288,17042.82,8521.41,2,Bronze,run_20260808_212843,2026-08-08T21:28:54.819066+00:00
C07289,35321.61,11773.87,3,Platinum,run_20260808_212843,2026-08-08T21:28:54.819066+00:00
C07290,46313.53,11578.3825,4,Gold,run_20260808_212843,2026-08-08T21:28:54.819066+00:00
C07291,40110.78999999999,10027.697499999998,4,Bronze,run_20260808_212843,2026-08-08T21:28:54.819066+00:00
C07292,60137.91,10022.985,6,Silver,run_20260808_212843,2026-08-08T21:28:54.819066+00:00
C07293,20500.48,10250.24,2,Bronze,run_20260808_212843,2026-08-08T21:28:54.819066+00:00
C07294,45678.46,11419.615,4,Platinum,run_20260808_212843,2026-08-08T21:28:54.819066+00:00
C07295,69734.37,11622.394999999999,6,Bronze,run_20260808_212843,2026-08-08T21:28:54.819066+00:00
C07296,41991.31,8398.261999999999,5,Gold,run_20260808_212843,2026-08-08T21:28:54.819066+00:00
C07297,92418.44,11552.305,8,Platinum,run_20260808_212843,2026-08-08T21:28:54.819066+00:00
C07298,34947.52,8736.88,4,Bronze,run_20260808_212843,2026-08-08T21:28:54.819066+00:00
C07299,23960.1,3993.35,6,Bronze,run_20260808_212843,2026-08-08T21:28:54.819066+00:00
C07300,29057.54,5811.508,5,Bronze,run_20260808_212843,2026-08-08T21:28:54.819066+00:00
C07301,44165.06,8833.011999999999,5,Bronze,run_20260808_212843,2026-08-08T21:28:54.819066+00:00
C07302,32029.35,6405.87,5,Gold,run_20260808_212843,2026-08-08T21:28:54.819066+00:00
C07303,25432.56,6358.14,4,Platinum,run_20260808_212843,2026-08-08T21:28:54.819066+00:00
C07304,17198.86,8599.43,2,Platinum,run_20260808_212843,2026-08-08T21:28:54.819066+00:00
C07305,26961.36,6740.34,4,Bronze,run_20260808_212843,2026-08-08T21:28:54.819066+00:00
C07306,66581.48,13316.295999999998,5,Platinum,run_20260808_212843,2026-08-08T21:28:54.819066+00:00
C07307,72272.11,14454.422,5,Silver,run_20260808_212843,2026-08-08T21:28:54.819066+00:00
C07308,52230.79,8705.131666666666,6,Bronze,run_20260808_212843,2026-08-08T21:28:54.819066+00:00
C07309,14559.609999999999,7279.804999999999,2,Platinum,run_20260808_212843,2026-08-08T21:28:54.819066+00:00
C07310,39763.04,9940.76,4,Platinum,run_20260808_212843,2026-08-08T21:28:54.819066+00:00
C07311,11008.880000000001,3669.626666666667,3,Platinum,run_20260808_212843,2026-08-08T21:28:54.819066+00:00
C07312,47131.46,6733.065714285714,7,Platinum,run_20260808_212843,2026-08-08T21:28:54.819066+00:00
C07313,28937.29,4822.881666666667,6,Bronze,run_20260808_212843,2026-08-08T21:28:54.819066+00:00
C07314,42082.21000000001,14027.403333333335,3,Gold,run_20260808_212843,2026-08-08T21:28:54.819066+00:00
C07315,45923.509999999995,11480.877499999999,4,Bronze,run_20260808_212843,2026-08-08T21:28:54.819066+00:00
C07316,22289.329999999998,4457.866,5,Platinum,run_20260808_212843,2026-08-08T21:28:54.819066+00:00
C07317,64441.409999999996,8055.1762499999995,8,Gold,run_20260808_212843,2026-08-08T21:28:54.819066+00:00
C07318,23845.64,7948.546666666666,3,Silver,run_20260808_212843,2026-08-08T21:28:54.819066+00:00
C07319,35986.96,4498.37,8,Bronze,run_20260808_212843,2026-08-08T21:28:54.819066+00:00
C07320,31360.52,5226.753333333333,6,Bronze,run_20260808_212843,2026-08-08T21:28:54.819066+00:00
C07321,15554.779999999999,3110.9559999999997,5,Bronze,run_20260808_212843,2026-08-08T21:28:54.819066+00:00
C07322,49033.83,8172.305,6,Bronze,run_20260808_212843,2026-08-08T21:28:54.819066+00:00
C07323,46183.13,5772.89125,8,Silver,run_20260808_212843,2026-08-08T21:28:54.819066+00:00
C07324,32921.59,5486.931666666666,6,Silver,run_20260808_212843,2026-08-08T21:28:54.819066+00:00
C07325,17419.87,5806.623333333333,3,Gold,run_20260808_212843,2026-08-08T21:28:54.819066+00:00
C07326,61688.59,10281.431666666665,6,Gold,run_20260808_212843,2026-08-08T21:28:54.819066+00:00
C07327,10879.740000000002,5439.870000000001,2,Platinum,run_20260808_212843,2026-08-08T21:28:54.819066+00:00
C07328,43388.08,8677.616,5,Platinum,run_20260808_212843,2026-08-08T21:28:54.819066+00:00
C07329,63900.19,9128.598571428573,7,Platinum,run_20260808_212843,2026-08-08T21:28:54.819066+00:00
C07330,72070.76000000001,10295.822857142859,7,Silver,run_20260808_212843,2026-08-08T21:28:54.819066+00:00
C07331,19811.78,6603.926666666666,3,Silver,run_20260808_212843,2026-08-08T21:28:54.819066+00:00
C07332,35991.259999999995,11997.086666666664,3,Silver,run_20260808_212843,2026-08-08T21:28:54.819066+00:00
C07333,33128.03,8282.0075,4,Bronze,run_20260808_212843,2026-08-08T21:28:54.819066+00:00
C07334,45470.27,7578.378333333333,6,Bronze,run_20260808_212843,2026-08-08T21:28:54.819066+00:00
C07335,40587.54,5798.22,7,Silver,run_20260808_212843,2026-08-08T21:28:54.819066+00:00
C07336,36998.869999999995,7399.773999999999,5,Gold,run_20260808_212843,2026-08-08T21:28:54.819066+00:00
C07337,32899.53,8224.8825,4,Platinum,run_20260808_212843,2026-08-08T21:28:54.819066+00:00
C07338,39859.67,19929.835,2,Gold,run_20260808_212843,2026-08-08T21:28:54.819066+00:00
C07339,26237.88,5247.576,5,Gold,run_20260808_212843,2026-08-08T21:28:54.819066+00:00
C07340,33741.15,5623.525000000001,6,Silver,run_20260808_212843,2026-08-08T21:28:54.819066+00:00
C07341,79140.98999999999,11305.855714285713,7,Silver,run_20260808_212843,2026-08-08T21:28:54.819066+00:00
C07342,11829.32,11829.32,1,Platinum,run_20260808_212843,2026-08-08T21:28:54.819066+00:00
C07343,54915.64,13728.91,4,Gold,run_20260808_212843,2026-08-08T21:28:54.819066+00:00
C07344,47183.229999999996,7863.871666666666,6,Gold,run_20260808_212843,2026-08-08T21:28:54.819066+00:00
C07345,46193.11,6599.015714285714,7,Gold,run_20260808_212843,2026-08-08T21:28:54.819066+00:00
C07346,67419.47,8427.43375,8,Gold,run_20260808_212843,2026-08-08T21:28:54.819066+00:00
C07347,38740.32,12913.44,3,Bronze,run_20260808_212843,2026-08-08T21:28:54.819066+00:00
C07348,59373.36,8481.908571428572,7,Silver,run_20260808_212843,2026-08-08T21:28:54.819066+00:00
C07349,46900.41,9380.082,5,Bronze,run_20260808_212843,2026-08-08T21:28:54.819066+00:00
C07350,34667.6,5777.933333333333,6,Silver,run_20260808_212843,2026-08-08T21:28:54.819066+00:00
C07351,17280.940000000002,3456.1880000000006,5,Bronze,run_20260808_212843,2026-08-08T21:28:54.819066+00:00
C07352,38277.45,12759.15,3,Platinum,run_20260808_212843,2026-08-08T21:28:54.819066+00:00
C07353,18745.76,9372.88,2,Gold,run_20260808_212843,2026-08-08T21:28:54.819066+00:00
C07354,70503.38,11750.563333333334,6,Silver,run_20260808_212843,2026-08-08T21:28:54.819066+00:00
C07355,48412.28,9682.456,5,Silver,run_20260808_212843,2026-08-08T21:28:54.819066+00:00
C07356,62717.45,15679.3625,4,Silver,run_20260808_212843,2026-08-08T21:28:54.819066+00:00
C07357,32736.15,6547.2300000000005,5,Bronze,run_20260808_212843,2026-08-08T21:28:54.819066+00:00
C07358,10682.470000000001,3560.8233333333337,3,Gold,run_20260808_212843,2026-08-08T21:28:54.819066+00:00
C07359,30679.02,6135.804,5,Silver,run_20260808_212843,2026-08-08T21:28:54.819066+00:00
C07360,47063.700000000004,7843.950000000001,6,Platinum,run_20260808_212843,2026-08-08T21:28:54.819066+00:00
C07361,56840.72,8120.102857142857,7,Platinum,run_20260808_212843,2026-08-08T21:28:54.819066+00:00
C07362,3347.95,3347.95,1,Gold,run_20260808_212843,2026-08-08T21:28:54.819066+00:00
C07363,62387.53,10397.921666666667,6,Gold,run_20260808_212843,2026-08-08T21:28:54.819066+00:00
C07364,11717.69,2929.4225,4,Gold,run_20260808_212843,2026-08-08T21:28:54.819066+00:00
C07365,48785.96,8130.993333333333,6,Platinum,run_20260808_212843,2026-08-08T21:28:54.819066+00:00
C07366,81683.63,10210.45375,8,Gold,run_20260808_212843,2026-08-08T21:28:54.819066+00:00
C07367,36641.89,18320.945,2,Silver,run_20260808_212843,2026-08-08T21:28:54.819066+00:00
C07368,38133.85,9533.4625,4,Bronze,run_20260808_212843,2026-08-08T21:28:54.819066+00:00
C07369,17283.940000000002,4320.985000000001,4,Platinum,run_20260808_212843,2026-08-08T21:28:54.819066+00:00
C07370,31630.61,6326.122,5,Bronze,run_20260808_212843,2026-08-08T21:28:54.819066+00:00
C07371,39885.229999999996,7977.045999999999,5,Platinum,run_20260808_212843,2026-08-08T21:28:54.819066+00:00
C07372,9630.38,3210.1266666666666,3,Silver,run_20260808_212843,2026-08-08T21:28:54.819066+00:00
C07373,20219.77,5054.9425,4,Bronze,run_20260808_212843,2026-08-08T21:28:54.819066+00:00
C07374,20262.96,5065.74,4,Silver,run_20260808_212843,2026-08-08T21:28:54.819066+00:00
C07375,28572.510000000002,9524.17,3,Silver,run_20260808_212843,2026-08-08T21:28:54.819066+00:00
C07376,60347.060000000005,7543.382500000001,8,Platinum,run_20260808_212843,2026-08-08T21:28:54.819066+00:00
C07377,48307.14,16102.38,3,Silver,run_20260808_212843,2026-08-08T21:28:54.819066+00:00
C07378,49759.28999999999,8293.214999999998,6,Silver,run_20260808_212843,2026-08-08T21:28:54.819066+00:00
C07379,33969.45,8492.3625,4,Platinum,run_20260808_212843,2026-08-08T21:28:54.819066+00:00
C07380,18909.12,4727.28,4,Gold,run_20260808_212843,2026-08-08T21:28:54.819066+00:00
C07381,20019.94,5004.985,4,Platinum,run_20260808_212843,2026-08-08T21:28:54.819066+00:00
C07382,10722.0,5361.0,2,Silver,run_20260808_212843,2026-08-08T21:28:54.819066+00:00
C07383,62680.399999999994,10446.733333333332,6,Platinum,run_20260808_212843,2026-08-08T21:28:54.819066+00:00
C07384,16707.4,5569.133333333334,3,Silver,run_20260808_212843,2026-08-08T21:28:54.819066+00:00
C07385,45919.65,5739.95625,8,Bronze,run_20260808_212843,2026-08-08T21:28:54.819066+00:00
C07386,34503.5,11501.166666666666,3,Gold,run_20260808_212843,2026-08-08T21:28:54.819066+00:00
C07387,13323.38,3330.845,4,Bronze,run_20260808_212843,2026-08-08T21:28:54.819066+00:00
C07388,46814.29,7802.381666666667,6,Bronze,run_20260808_212843,2026-08-08T21:28:54.819066+00:00
C07389,36708.66,7341.732000000001,5,Gold,run_20260808_212843,2026-08-08T21:28:54.819066+00:00
C07390,10641.369999999999,5320.6849999999995,2,Bronze,run_20260808_212843,2026-08-08T21:28:54.819066+00:00
C07391,83579.58,11939.94,7,Bronze,run_20260808_212843,2026-08-08T21:28:54.819066+00:00
C07392,40470.02,6745.003333333333,6,Silver,run_20260808_212843,2026-08-08T21:28:54.819066+00:00
C07393,39562.83,6593.805,6,Gold,run_20260808_212843,2026-08-08T21:28:54.819066+00:00
C07394,59060.479999999996,9843.413333333332,6,Platinum,run_20260808_212843,2026-08-08T21:28:54.819066+00:00
C07395,27572.63,9190.876666666667,3,Silver,run_20260808_212843,2026-08-08T21:28:54.819066+00:00
C07396,51698.83,8616.471666666666,6,Gold,run_20260808_212843,2026-08-08T21:28:54.819066+00:00
C07397,37697.32,7539.464,5,Bronze,run_20260808_212843,2026-08-08T21:28:54.819066+00:00
C07398,25466.58,6366.645,4,Bronze,run_20260808_212843,2026-08-08T21:28:54.819066+00:00
C07399,24550.480000000003,4910.0960000000005,5,Silver,run_20260808_212843,2026-08-08T21:28:54.819066+00:00
C07400,64500.020000000004,10750.003333333334,6,Silver,run_20260808_212843,2026-08-08T21:28:54.819066+00:00
C07401,41452.259999999995,8290.452,5,Gold,run_20260808_212843,2026-08-08T21:28:54.819066+00:00
C07402,37165.11,7433.022,5,Silver,run_20260808_212843,2026-08-08T21:28:54.819066+00:00
C07403,51012.23,8502.038333333334,6,Silver,run_20260808_212843,2026-08-08T21:28:54.819066+00:00
C07404,51043.25,7291.892857142857,7,Gold,run_20260808_212843,2026-08-08T21:28:54.819066+00:00
C07405,38291.240000000005,7658.248000000001,5,Silver,run_20260808_212843,2026-08-08T21:28:54.819066+00:00
C07406,28194.89,9398.296666666667,3,Gold,run_20260808_212843,2026-08-08T21:28:54.819066+00:00
C07407,19069.59,6356.53,3,Silver,run_20260808_212843,2026-08-08T21:28:54.819066+00:00
C07408,19048.05,4762.0125,4,Silver,run_20260808_212843,2026-08-08T21:28:54.819066+00:00
C07409,38141.75,12713.916666666666,3,Silver,run_20260808_212843,2026-08-08T21:28:54.819066+00:00
C07410,2042.42,2042.42,1,Bronze,run_20260808_212843,2026-08-08T21:28:54.819066+00:00
C07411,41292.15,5898.878571428571,7,Silver,run_20260808_212843,2026-08-08T21:28:54.819066+00:00
C07412,57930.780000000006,7241.347500000001,8,Gold,run_20260808_212843,2026-08-08T21:28:54.819066+00:00
C07413,8615.73,2153.9325,4,Bronze,run_20260808_212843,2026-08-08T21:28:54.819066+00:00
C07414,37167.4,12389.133333333333,3,Bronze,run_20260808_212843,2026-08-08T21:28:54.819066+00:00
C07415,6017.96,1504.49,4,Silver,run_20260808_212843,2026-08-08T21:28:54.819066+00:00
C07416,51874.62,8645.77,6,Platinum,run_20260808_212843,2026-08-08T21:28:54.819066+00:00
C07417,31203.9,10401.300000000001,3,Bronze,run_20260808_212843,2026-08-08T21:28:54.819066+00:00
C07418,39908.74,6651.456666666666,6,Gold,run_20260808_212843,2026-08-08T21:28:54.819066+00:00
C07419,71344.90000000001,10192.128571428573,7,Silver,run_20260808_212843,2026-08-08T21:28:54.819066+00:00
C07420,45265.32,6466.4742857142855,7,Gold,run_20260808_212843,2026-08-08T21:28:54.819066+00:00
C07421,49269.57,8211.595,6,Platinum,run_20260808_212843,2026-08-08T21:28:54.819066+00:00
C07422,19921.39,6640.463333333333,3,Silver,run_20260808_212843,2026-08-08T21:28:54.819066+00:00
C07423,32068.79,16034.395,2,Gold,run_20260808_212843,2026-08-08T21:28:54.819066+00:00
C07424,69783.99,8722.99875,8,Gold,run_20260808_212843,2026-08-08T21:28:54.819066+00:00
C07425,28658.54,7164.635,4,Silver,run_20260808_212843,2026-08-08T21:28:54.819066+00:00
C07426,22051.09,11025.545,2,Platinum,run_20260808_212843,2026-08-08T21:28:54.819066+00:00
C07427,47431.11,6775.872857142857,7,Bronze,run_20260808_212843,2026-08-08T21:28:54.819066+00:00
C07428,47100.76,15700.253333333334,3,Bronze,run_20260808_212843,2026-08-08T21:28:54.819066+00:00
C07429,57089.44,7136.18,8,Silver,run_20260808_212843,2026-08-08T21:28:54.819066+00:00
C07430,30052.05,7513.0125,4,Silver,run_20260808_212843,2026-08-08T21:28:54.819066+00:00
C07431,23033.77,4606.754,5,Silver,run_20260808_212843,2026-08-08T21:28:54.819066+00:00
C07433,39679.43,19839.715,2,Platinum,run_20260808_212843,2026-08-08T21:28:54.819066+00:00
C07434,32211.09,5368.515,6,Gold,run_20260808_212843,2026-08-08T21:28:54.819066+00:00
C07435,35672.75,7134.55,5,Gold,run_20260808_212843,2026-08-08T21:28:54.819066+00:00
C07436,55240.979999999996,7891.568571428571,7,Platinum,run_20260808_212843,2026-08-08T21:28:54.819066+00:00
C07437,59972.32,14993.08,4,Silver,run_20260808_212843,2026-08-08T21:28:54.819066+00:00
C07438,15273.23,5091.076666666667,3,Bronze,run_20260808_212843,2026-08-08T21:28:54.819066+00:00
C07439,41218.43,10304.6075,4,Silver,run_20260808_212843,2026-08-08T21:28:54.819066+00:00
C07440,27251.94,13625.97,2,Gold,run_20260808_212843,2026-08-08T21:28:54.819066+00:00
C07441,31612.13,6322.426,5,Silver,run_20260808_212843,2026-08-08T21:28:54.819066+00:00
C07442,13563.35,6781.675,2,Gold,run_20260808_212843,2026-08-08T21:28:54.819066+00:00
C07443,95995.5,9599.55,10,Silver,run_20260808_212843,2026-08-08T21:28:54.819066+00:00
C07444,56808.0,7101.0,8,Bronze,run_20260808_212843,2026-08-08T21:28:54.819066+00:00
C07445,2042.42,2042.42,1,Gold,run_20260808_212843,2026-08-08T21:28:54.819066+00:00
C07446,57304.88,7163.11,8,Silver,run_20260808_212843,2026-08-08T21:28:54.819066+00:00
C07447,34052.73,5675.455000000001,6,Platinum,run_20260808_212843,2026-08-08T21:28:54.819066+00:00
C07448,48610.72,6944.388571428572,7,Silver,run_20260808_212843,2026-08-08T21:28:54.819066+00:00
C07449,44953.479999999996,8990.696,5,Bronze,run_20260808_212843,2026-08-08T21:28:54.819066+00:00
C07450,22864.010000000002,5716.0025000000005,4,Platinum,run_20260808_212843,2026-08-08T21:28:54.819066+00:00
C07451,18007.4,6002.466666666667,3,Bronze,run_20260808_212843,2026-08-08T21:28:54.819066+00:00
C07452,60648.14,8664.02,7,Silver,run_20260808_212843,2026-08-08T21:28:54.819066+00:00
C07453,54872.119999999995,9145.353333333333,6,Platinum,run_20260808_212843,2026-08-08T21:28:54.819066+00:00
C07454,78120.27,7812.027,10,Gold,run_20260808_212843,2026-08-08T21:28:54.819066+00:00
C07455,14934.880000000001,2986.976,5,Platinum,run_20260808_212843,2026-08-08T21:28:54.819066+00:00
C07456,49635.16,7090.737142857143,7,Platinum,run_20260808_212843,2026-08-08T21:28:54.819066+00:00
C07457,11320.69,2264.138,5,Silver,run_20260808_212843,2026-08-08T21:28:54.819066+00:00
C07458,49947.41,8324.568333333335,6,Gold,run_20260808_212843,2026-08-08T21:28:54.819066+00:00
C07459,54353.270000000004,9058.878333333334,6,Gold,run_20260808_212843,2026-08-08T21:28:54.819066+00:00
C07460,36129.12,9032.28,4,Platinum,run_20260808_212843,2026-08-08T21:28:54.819066+00:00
C07461,14440.17,7220.085,2,Platinum,run_20260808_212843,2026-08-08T21:28:54.819066+00:00
C07462,47200.89,9440.178,5,Platinum,run_20260808_212843,2026-08-08T21:28:54.819066+00:00
C07463,13070.78,3267.695,4,Gold,run_20260808_212843,2026-08-08T21:28:54.819066+00:00
C07464,44790.38,7465.063333333333,6,Platinum,run_20260808_212843,2026-08-08T21:28:54.819066+00:00
C07465,51232.69,12808.1725,4,Bronze,run_20260808_212843,2026-08-08T21:28:54.819066+00:00
C07466,14072.99,2814.598,5,Silver,run_20260808_212843,2026-08-08T21:28:54.819066+00:00
C07467,95881.45,11985.18125,8,Silver,run_20260808_212843,2026-08-08T21:28:54.819066+00:00
C07468,30961.4,10320.466666666667,3,Silver,run_20260808_212843,2026-08-08T21:28:54.819066+00:00
C07469,59285.58,5928.558,10,Platinum,run_20260808_212843,2026-08-08T21:28:54.819066+00:00
C07470,55398.96,7914.137142857143,7,Silver,run_20260808_212843,2026-08-08T21:28:54.819066+00:00
C07471,2138.94,2138.94,1,Platinum,run_20260808_212843,2026-08-08T21:28:54.819066+00:00
C07472,41455.55,5922.221428571429,7,Silver,run_20260808_212843,2026-08-08T21:28:54.819066+00:00
C07473,4006.74,4006.74,1,Gold,run_20260808_212843,2026-08-08T21:28:54.819066+00:00
C07474,53230.240000000005,10646.048,5,Platinum,run_20260808_212843,2026-08-08T21:28:54.819066+00:00
C07475,36496.84,7299.3679999999995,5,Platinum,run_20260808_212843,2026-08-08T21:28:54.819066+00:00
C07476,90681.72,11335.215,8,Silver,run_20260808_212843,2026-08-08T21:28:54.819066+00:00
C07477,53402.3,10680.460000000001,5,Gold,run_20260808_212843,2026-08-08T21:28:54.819066+00:00
C07478,4474.43,1118.6075,4,Gold,run_20260808_212843,2026-08-08T21:28:54.819066+00:00
C07479,8452.73,2113.1825,4,Bronze,run_20260808_212843,2026-08-08T21:28:54.819066+00:00
C07480,40000.46,10000.115,4,Silver,run_20260808_212843,2026-08-08T21:28:54.819066+00:00
C07481,61046.84,10174.473333333333,6,Bronze,run_20260808_212843,2026-08-08T21:28:54.819066+00:00
C07482,70989.34,11831.556666666665,6,Gold,run_20260808_212843,2026-08-08T21:28:54.819066+00:00
C07483,11749.98,5874.99,2,Platinum,run_20260808_212843,2026-08-08T21:28:54.819066+00:00
C07484,17321.7,17321.7,1,Gold,run_20260808_212843,2026-08-08T21:28:54.819066+00:00
C07485,41763.55,6960.591666666667,6,Silver,run_20260808_212843,2026-08-08T21:28:54.819066+00:00
C07486,34157.09,8539.2725,4,Bronze,run_20260808_212843,2026-08-08T21:28:54.819066+00:00
C07487,55312.19,9218.698333333334,6,Platinum,run_20260808_212843,2026-08-08T21:28:54.819066+00:00
C07488,46130.6,7688.433333333333,6,Gold,run_20260808_212843,2026-08-08T21:28:54.819066+00:00
C07489,65135.229999999996,10855.871666666666,6,Platinum,run_20260808_212843,2026-08-08T21:28:54.819066+00:00
C07490,36018.85,7203.7699999999995,5,Platinum,run_20260808_212843,2026-08-08T21:28:54.819066+00:00
C07492,46038.83,9207.766,5,Platinum,run_20260808_212843,2026-08-08T21:28:54.819066+00:00
C07493,34975.47,5829.245,6,Platinum,run_20260808_212843,2026-08-08T21:28:54.819066+00:00
C07494,29931.69,4988.615,6,Gold,run_20260808_212843,2026-08-08T21:28:54.819066+00:00
C07495,54489.28,13622.32,4,Platinum,run_20260808_212843,2026-08-08T21:28:54.819066+00:00
C07496,26783.9,8927.966666666667,3,Gold,run_20260808_212843,2026-08-08T21:28:54.819066+00:00
C07497,58819.84,6535.537777777778,9,Gold,run_20260808_212843,2026-08-08T21:28:54.819066+00:00
C07498,110261.57999999999,11026.158,10,Platinum,run_20260808_212843,2026-08-08T21:28:54.819066+00:00
C07499,36708.009999999995,9177.002499999999,4,Bronze,run_20260808_212843,2026-08-08T21:28:54.819066+00:00
C07500,29423.39,5884.678,5,Silver,run_20260808_212843,2026-08-08T21:28:54.819066+00:00
C07501,61691.909999999996,6854.656666666666,9,Platinum,run_20260808_212843,2026-08-08T21:28:54.819066+00:00
C07502,17347.92,2891.3199999999997,6,Silver,run_20260808_212843,2026-08-08T21:28:54.819066+00:00
C07503,30650.56,7662.64,4,Gold,run_20260808_212843,2026-08-08T21:28:54.819066+00:00
C07504,18389.809999999998,6129.936666666666,3,Bronze,run_20260808_212843,2026-08-08T21:28:54.819066+00:00
C07505,81437.59,11633.941428571428,7,Gold,run_20260808_212843,2026-08-08T21:28:54.819066+00:00
C07506,17654.36,4413.59,4,Bronze,run_20260808_212843,2026-08-08T21:28:54.819066+00:00
C07507,34386.28,5731.046666666666,6,Gold,run_20260808_212843,2026-08-08T21:28:54.819066+00:00
C07508,11520.97,3840.3233333333333,3,Bronze,run_20260808_212843,2026-08-08T21:28:54.819066+00:00
C07509,50239.12,5582.124444444445,9,Gold,run_20260808_212843,2026-08-08T21:28:54.819066+00:00
C07510,8419.57,2806.523333333333,3,Silver,run_20260808_212843,2026-08-08T21:28:54.819066+00:00
C07511,44548.67,5568.58375,8,Bronze,run_20260808_212843,2026-08-08T21:28:54.819066+00:00
C07512,27346.41,9115.47,3,Bronze,run_20260808_212843,2026-08-08T21:28:54.819066+00:00
C07513,66565.38,7396.153333333334,9,Bronze,run_20260808_212843,2026-08-08T21:28:54.819066+00:00
C07514,43364.11,6194.872857142857,7,Gold,run_20260808_212843,2026-08-08T21:28:54.819066+00:00
C07515,46427.91,7737.985000000001,6,Bronze,run_20260808_212843,2026-08-08T21:28:54.819066+00:00
C07516,35015.82,5835.97,6,Silver,run_20260808_212843,2026-08-08T21:28:54.819066+00:00
C07517,5666.6900000000005,1416.6725000000001,4,Gold,run_20260808_212843,2026-08-08T21:28:54.819066+00:00
C07518,18367.07,6122.356666666667,3,Silver,run_20260808_212843,2026-08-08T21:28:54.819066+00:00
C07519,50662.05,10132.41,5,Gold,run_20260808_212843,2026-08-08T21:28:54.819066+00:00
C07520,49886.990000000005,7126.7128571428575,7,Gold,run_20260808_212843,2026-08-08T21:28:54.819066+00:00
C07521,33980.56,8495.14,4,Gold,run_20260808_212843,2026-08-08T21:28:54.819066+00:00
C07522,30329.059999999998,7582.264999999999,4,Gold,run_20260808_212843,2026-08-08T21:28:54.819066+00:00
C07523,14468.900000000001,7234.450000000001,2,Silver,run_20260808_212843,2026-08-08T21:28:54.819066+00:00
C07524,37583.66,9395.915,4,Silver,run_20260808_212843,2026-08-08T21:28:54.819066+00:00
C07525,27959.39,5591.878,5,Gold,run_20260808_212843,2026-08-08T21:28:54.819066+00:00
C07526,29339.01,5867.802,5,Bronze,run_20260808_212843,2026-08-08T21:28:54.819066+00:00
C07527,62086.68,8869.525714285714,7,Gold,run_20260808_212843,2026-08-08T21:28:54.819066+00:00
C07528,23755.480000000003,7918.493333333335,3,Gold,run_20260808_212843,2026-08-08T21:28:54.819066+00:00
C07529,53370.7,5930.077777777778,9,Gold,run_20260808_212843,2026-08-08T21:28:54.819066+00:00
C07530,2138.31,2138.31,1,Platinum,run_20260808_212843,2026-08-08T21:28:54.819066+00:00
C07531,68833.70999999999,11472.284999999998,6,Platinum,run_20260808_212843,2026-08-08T21:28:54.819066+00:00
C07532,55200.32000000001,6133.36888888889,9,Bronze,run_20260808_212843,2026-08-08T21:28:54.819066+00:00
C07533,35141.86,7028.372,5,Platinum,run_20260808_212843,2026-08-08T21:28:54.819066+00:00
C07534,8817.06,4408.53,2,Silver,run_20260808_212843,2026-08-08T21:28:54.819066+00:00
C07535,26572.62,6643.155,4,Platinum,run_20260808_212843,2026-08-08T21:28:54.819066+00:00
C07536,15182.67,3795.6675,4,Silver,run_20260808_212843,2026-08-08T21:28:54.819066+00:00
C07537,50006.76,7143.822857142857,7,Silver,run_20260808_212843,2026-08-08T21:28:54.819066+00:00
C07538,8489.47,2829.8233333333333,3,Silver,run_20260808_212843,2026-08-08T21:28:54.819066+00:00
C07539,68830.38,9832.91142857143,7,Platinum,run_20260808_212843,2026-08-08T21:28:54.819066+00:00
C07540,45727.69,11431.9225,4,Silver,run_20260808_212843,2026-08-08T21:28:54.819066+00:00
C07541,58319.72,9719.953333333333,6,Platinum,run_20260808_212843,2026-08-08T21:28:54.819066+00:00
C07542,23102.670000000002,4620.534000000001,5,Platinum,run_20260808_212843,2026-08-08T21:28:54.819066+00:00
C07543,43549.61,8709.922,5,Gold,run_20260808_212843,2026-08-08T21:28:54.819066+00:00
C07544,38267.14,7653.428,5,Bronze,run_20260808_212843,2026-08-08T21:28:54.819066+00:00
C07545,53487.31,5943.0344444444445,9,Gold,run_20260808_212843,2026-08-08T21:28:54.819066+00:00
C07546,84896.02,7074.668333333334,12,Silver,run_20260808_212843,2026-08-08T21:28:54.819066+00:00
C07547,51040.6,10208.119999999999,5,Platinum,run_20260808_212843,2026-08-08T21:28:54.819066+00:00
C07548,13245.16,3311.29,4,Platinum,run_20260808_212843,2026-08-08T21:28:54.819066+00:00
C07549,16411.199999999997,4102.799999999999,4,Silver,run_20260808_212843,2026-08-08T21:28:54.819066+00:00
C07550,65074.87,13014.974,5,Platinum,run_20260808_212843,2026-08-08T21:28:54.819066+00:00
C07551,41252.53,5156.56625,8,Platinum,run_20260808_212843,2026-08-08T21:28:54.819066+00:00
C07552,42585.7,8517.14,5,Bronze,run_20260808_212843,2026-08-08T21:28:54.819066+00:00
C07553,41477.19,10369.2975,4,Gold,run_20260808_212843,2026-08-08T21:28:54.819066+00:00
C07554,46258.35999999999,7709.726666666666,6,Silver,run_20260808_212843,2026-08-08T21:28:54.819066+00:00
C07555,73209.48,10458.497142857143,7,Silver,run_20260808_212843,2026-08-08T21:28:54.819066+00:00
C07556,3095.97,3095.97,1,Gold,run_20260808_212843,2026-08-08T21:28:54.819066+00:00
C07557,44488.99,8897.797999999999,5,Bronze,run_20260808_212843,2026-08-08T21:28:54.819066+00:00
C07559,12928.91,6464.455,2,Gold,run_20260808_212843,2026-08-08T21:28:54.819066+00:00
C07560,23459.76,11729.88,2,Gold,run_20260808_212843,2026-08-08T21:28:54.819066+00:00
C07561,20166.239999999998,10083.119999999999,2,Silver,run_20260808_212843,2026-08-08T21:28:54.819066+00:00
C07562,58541.840000000004,6504.648888888889,9,Platinum,run_20260808_212843,2026-08-08T21:28:54.819066+00:00
C07563,84599.45,12085.635714285714,7,Platinum,run_20260808_212843,2026-08-08T21:28:54.819066+00:00
C07564,31502.84,6300.568,5,Platinum,run_20260808_212843,2026-08-08T21:28:54.819066+00:00
C07565,56639.32,8091.331428571429,7,Gold,run_20260808_212843,2026-08-08T21:28:54.819066+00:00
C07566,32964.71,10988.236666666666,3,Gold,run_20260808_212843,2026-08-08T21:28:54.819066+00:00
C07567,64697.6,9242.514285714286,7,Bronze,run_20260808_212843,2026-08-08T21:28:54.819066+00:00
C07568,44689.68,11172.42,4,Bronze,run_20260808_212843,2026-08-08T21:28:54.819066+00:00
C07569,17130.34,8565.17,2,Silver,run_20260808_212843,2026-08-08T21:28:54.819066+00:00
C07570,12546.83,3136.7075,4,Silver,run_20260808_212843,2026-08-08T21:28:54.819066+00:00
C07571,15985.060000000001,7992.530000000001,2,Gold,run_20260808_212843,2026-08-08T21:28:54.819066+00:00
C07572,53542.83,7648.975714285714,7,Platinum,run_20260808_212843,2026-08-08T21:28:54.819066+00:00
C07573,40984.19,6830.698333333334,6,Platinum,run_20260808_212843,2026-08-08T21:28:54.819066+00:00
C07574,2690.72,2690.72,1,Silver,run_20260808_212843,2026-08-08T21:28:54.819066+00:00
C07575,13132.689999999999,6566.344999999999,2,Platinum,run_20260808_212843,2026-08-08T21:28:54.819066+00:00
C07576,44334.33,7389.055,6,Bronze,run_20260808_212843,2026-08-08T21:28:54.819066+00:00
C07577,11667.52,2916.88,4,Platinum,run_20260808_212843,2026-08-08T21:28:54.819066+00:00
C07578,23874.99,4774.9980000000005,5,Silver,run_20260808_212843,2026-08-08T21:28:54.819066+00:00
C07579,55460.42,7922.917142857143,7,Platinum,run_20260808_212843,2026-08-08T21:28:54.819066+00:00
C07580,67201.1,6720.110000000001,10,Bronze,run_20260808_212843,2026-08-08T21:28:54.819066+00:00
C07581,4732.42,2366.21,2,Gold,run_20260808_212843,2026-08-08T21:28:54.819066+00:00
C07582,17823.73,8911.865,2,Platinum,run_20260808_212843,2026-08-08T21:28:54.819066+00:00
C07583,38081.48,7616.296,5,Gold,run_20260808_212843,2026-08-08T21:28:54.819066+00:00
C07584,24812.350000000002,12406.175000000001,2,Bronze,run_20260808_212843,2026-08-08T21:28:54.819066+00:00
C07585,31372.99,4481.855714285714,7,Silver,run_20260808_212843,2026-08-08T21:28:54.819066+00:00
C07586,48308.25,9661.65,5,Bronze,run_20260808_212843,2026-08-08T21:28:54.819066+00:00
C07587,30346.32,6069.264,5,Silver,run_20260808_212843,2026-08-08T21:28:54.819066+00:00
C07588,32372.65,8093.1625,4,Bronze,run_20260808_212843,2026-08-08T21:28:54.819066+00:00
C07589,67992.98,11332.163333333332,6,Platinum,run_20260808_212843,2026-08-08T21:28:54.819066+00:00
C07590,77778.24,15555.648000000001,5,Bronze,run_20260808_212843,2026-08-08T21:28:54.819066+00:00
C07591,51778.0,5753.111111111111,9,Silver,run_20260808_212843,2026-08-08T21:28:54.819066+00:00
C07592,26843.979999999996,8947.993333333332,3,Silver,run_20260808_212843,2026-08-08T21:28:54.819066+00:00
C07593,46955.85,9391.17,5,Bronze,run_20260808_212843,2026-08-08T21:28:54.819066+00:00
C07594,12055.97,6027.985,2,Platinum,run_20260808_212843,2026-08-08T21:28:54.819066+00:00
C07595,41572.26,8314.452000000001,5,Gold,run_20260808_212843,2026-08-08T21:28:54.819066+00:00
C07596,37970.51,6328.418333333334,6,Silver,run_20260808_212843,2026-08-08T21:28:54.819066+00:00
C07597,31950.78,7987.695,4,Silver,run_20260808_212843,2026-08-08T21:28:54.819066+00:00
C07598,51431.57,7347.367142857142,7,Gold,run_20260808_212843,2026-08-08T21:28:54.819066+00:00
C07599,40740.49,6790.081666666666,6,Bronze,run_20260808_212843,2026-08-08T21:28:54.819066+00:00
C07600,34179.93,8544.9825,4,Platinum,run_20260808_212843,2026-08-08T21:28:54.819066+00:00
C07601,26313.63,6578.4075,4,Bronze,run_20260808_212843,2026-08-08T21:28:54.819066+00:00
C07602,46341.03,11585.2575,4,Gold,run_20260808_212843,2026-08-08T21:28:54.819066+00:00
C07603,37221.54,12407.18,3,Bronze,run_20260808_212843,2026-08-08T21:28:54.819066+00:00
C07604,23745.25,11872.625,2,Silver,run_20260808_212843,2026-08-08T21:28:54.819066+00:00
C07605,70031.98,11671.996666666666,6,Gold,run_20260808_212843,2026-08-08T21:28:54.819066+00:00
C07606,36098.08,9024.52,4,Platinum,run_20260808_212843,2026-08-08T21:28:54.819066+00:00
C07607,80930.17,10116.27125,8,Platinum,run_20260808_212843,2026-08-08T21:28:54.819066+00:00
C07608,15837.43,5279.143333333333,3,Silver,run_20260808_212843,2026-08-08T21:28:54.819066+00:00
C07609,27793.350000000002,6948.337500000001,4,Bronze,run_20260808_212843,2026-08-08T21:28:54.819066+00:00
C07610,27381.91,9127.303333333333,3,Silver,run_20260808_212843,2026-08-08T21:28:54.819066+00:00
C07611,36736.94,9184.235,4,Platinum,run_20260808_212843,2026-08-08T21:28:54.819066+00:00
C07612,16152.480000000001,5384.160000000001,3,Platinum,run_20260808_212843,2026-08-08T21:28:54.819066+00:00
C07613,51813.659999999996,12953.414999999999,4,Bronze,run_20260808_212843,2026-08-08T21:28:54.819066+00:00
C07614,19853.4,4963.35,4,Platinum,run_20260808_212843,2026-08-08T21:28:54.819066+00:00
C07615,59599.880000000005,5959.988,10,Silver,run_20260808_212843,2026-08-08T21:28:54.819066+00:00
C07616,32943.58,6588.716,5,Silver,run_20260808_212843,2026-08-08T21:28:54.819066+00:00
C07617,39224.08,5603.4400000000005,7,Silver,run_20260808_212843,2026-08-08T21:28:54.819066+00:00
C07618,55257.01,7893.858571428572,7,Gold,run_20260808_212843,2026-08-08T21:28:54.819066+00:00
C07619,37619.909999999996,5374.272857142857,7,Platinum,run_20260808_212843,2026-08-08T21:28:54.819066+00:00
C07620,9115.83,3038.61,3,Platinum,run_20260808_212843,2026-08-08T21:28:54.819066+00:00
C07621,14846.19,7423.095,2,Silver,run_20260808_212843,2026-08-08T21:28:54.819066+00:00
C07623,37736.200000000004,7547.240000000001,5,Silver,run_20260808_212843,2026-08-08T21:28:54.819066+00:00
C07624,4406.53,4406.53,1,Platinum,run_20260808_212843,2026-08-08T21:28:54.819066+00:00
C07625,5362.42,2681.21,2,Gold,run_20260808_212843,2026-08-08T21:28:54.819066+00:00
C07626,17928.08,4482.02,4,Silver,run_20260808_212843,2026-08-08T21:28:54.819066+00:00
C07627,17047.67,8523.835,2,Bronze,run_20260808_212843,2026-08-08T21:28:54.819066+00:00
C07628,16956.010000000002,8478.005000000001,2,Silver,run_20260808_212843,2026-08-08T21:28:54.819066+00:00
C07629,34465.65,6893.13,5,Platinum,run_20260808_212843,2026-08-08T21:28:54.819066+00:00
C07630,329.44,329.44,1,Bronze,run_20260808_212843,2026-08-08T21:28:54.819066+00:00
C07631,34461.52,4923.074285714285,7,Platinum,run_20260808_212843,2026-08-08T21:28:54.819066+00:00
C07632,17918.84,8959.42,2,Silver,run_20260808_212843,2026-08-08T21:28:54.819066+00:00
C07633,32241.96,6448.392,5,Gold,run_20260808_212843,2026-08-08T21:28:54.819066+00:00
C07634,20311.660000000003,6770.553333333334,3,Platinum,run_20260808_212843,2026-08-08T21:28:54.819066+00:00
C07635,33170.35,6634.07,5,Platinum,run_20260808_212843,2026-08-08T21:28:54.819066+00:00
C07636,45502.369999999995,4136.57909090909,11,Platinum,run_20260808_212843,2026-08-08T21:28:54.819066+00:00
C07637,18584.22,6194.740000000001,3,Bronze,run_20260808_212843,2026-08-08T21:28:54.819066+00:00
C07638,16005.369999999999,4001.3424999999997,4,Bronze,run_20260808_212843,2026-08-08T21:28:54.819066+00:00
C07639,40253.39,10063.3475,4,Gold,run_20260808_212843,2026-08-08T21:28:54.819066+00:00
C07640,15535.84,7767.92,2,Platinum,run_20260808_212843,2026-08-08T21:28:54.819066+00:00
C07641,50950.5,5661.166666666667,9,Gold,run_20260808_212843,2026-08-08T21:28:54.819066+00:00
C07642,97192.05,13884.578571428572,7,Gold,run_20260808_212843,2026-08-08T21:28:54.819066+00:00
C07643,79059.7,9882.4625,8,Platinum,run_20260808_212843,2026-08-08T21:28:54.819066+00:00
C07644,59345.399999999994,11869.079999999998,5,Silver,run_20260808_212843,2026-08-08T21:28:54.819066+00:00
C07646,8600.67,2866.89,3,Silver,run_20260808_212843,2026-08-08T21:28:54.819066+00:00
C07647,47591.14,11897.785,4,Silver,run_20260808_212843,2026-08-08T21:28:54.819066+00:00
C07648,20373.13,5093.2825,4,Platinum,run_20260808_212843,2026-08-08T21:28:54.819066+00:00
C07649,36930.36,12310.12,3,Platinum,run_20260808_212843,2026-08-08T21:28:54.819066+00:00
C07650,10775.88,10775.88,1,Platinum,run_20260808_212843,2026-08-08T21:28:54.819066+00:00
C07651,14453.5,4817.833333333333,3,Silver,run_20260808_212843,2026-08-08T21:28:54.819066+00:00
C07652,30713.84,7678.46,4,Bronze,run_20260808_212843,2026-08-08T21:28:54.819066+00:00
C07653,18554.07,6184.69,3,Platinum,run_20260808_212843,2026-08-08T21:28:54.819066+00:00
C07654,54833.729999999996,13708.432499999999,4,Bronze,run_20260808_212843,2026-08-08T21:28:54.819066+00:00
C07655,30733.58,7683.395,4,Silver,run_20260808_212843,2026-08-08T21:28:54.819066+00:00
C07656,40422.87,10105.7175,4,Silver,run_20260808_212843,2026-08-08T21:28:54.819066+00:00
C07657,71919.27,7991.030000000001,9,Gold,run_20260808_212843,2026-08-08T21:28:54.819066+00:00
C07658,66772.9,13354.579999999998,5,Gold,run_20260808_212843,2026-08-08T21:28:54.819066+00:00
C07659,101621.67,11291.296666666667,9,Bronze,run_20260808_212843,2026-08-08T21:28:54.819066+00:00
C07660,27387.52,6846.88,4,Silver,run_20260808_212843,2026-08-08T21:28:54.819066+00:00
C07661,57117.89,9519.648333333333,6,Platinum,run_20260808_212843,2026-08-08T21:28:54.819066+00:00
C07662,77236.26999999999,7021.47909090909,11,Platinum,run_20260808_212843,2026-08-08T21:28:54.819066+00:00
C07663,41172.66,5881.808571428572,7,Bronze,run_20260808_212843,2026-08-08T21:28:54.819066+00:00
C07664,34726.55,8681.6375,4,Gold,run_20260808_212843,2026-08-08T21:28:54.819066+00:00
C07665,57719.05,7214.88125,8,Bronze,run_20260808_212843,2026-08-08T21:28:54.819066+00:00
C07666,67887.1,7543.011111111112,9,Bronze,run_20260808_212843,2026-08-08T21:28:54.819066+00:00
C07667,828.36,828.36,1,Gold,run_20260808_212843,2026-08-08T21:28:54.819066+00:00
C07668,8916.9,4458.45,2,Platinum,run_20260808_212843,2026-08-08T21:28:54.819066+00:00
C07669,18312.34,6104.113333333334,3,Platinum,run_20260808_212843,2026-08-08T21:28:54.819066+00:00
C07670,85737.13,8573.713,10,Silver,run_20260808_212843,2026-08-08T21:28:54.819066+00:00
C07671,32029.5,6405.9,5,Gold,run_20260808_212843,2026-08-08T21:28:54.819066+00:00
C07672,44135.92,8827.184,5,Silver,run_20260808_212843,2026-08-08T21:28:54.819066+00:00
C07673,74896.47,8321.83,9,Bronze,run_20260808_212843,2026-08-08T21:28:54.819066+00:00
C07674,23960.39,4792.0779999999995,5,Platinum,run_20260808_212843,2026-08-08T21:28:54.819066+00:00
C07675,37817.06,4201.895555555555,9,Bronze,run_20260808_212843,2026-08-08T21:28:54.819066+00:00
C07676,11462.38,2865.595,4,Bronze,run_20260808_212843,2026-08-08T21:28:54.819066+00:00
C07677,31370.82,7842.705,4,Platinum,run_20260808_212843,2026-08-08T21:28:54.819066+00:00
C07678,103615.42,11512.824444444444,9,Platinum,run_20260808_212843,2026-08-08T21:28:54.819066+00:00
C07679,14762.67,2952.534,5,Gold,run_20260808_212843,2026-08-08T21:28:54.819066+00:00
C07680,69727.41,11621.235,6,Platinum,run_20260808_212843,2026-08-08T21:28:54.819066+00:00
C07681,42473.04,14157.68,3,Silver,run_20260808_212843,2026-08-08T21:28:54.819066+00:00
C07682,14645.470000000001,3661.3675000000003,4,Platinum,run_20260808_212843,2026-08-08T21:28:54.819066+00:00
C07683,24724.85,12362.425,2,Bronze,run_20260808_212843,2026-08-08T21:28:54.819066+00:00
C07684,38367.31,9591.8275,4,Bronze,run_20260808_212843,2026-08-08T21:28:54.819066+00:00
C07685,15018.29,7509.145,2,Gold,run_20260808_212843,2026-08-08T21:28:54.819066+00:00
C07686,75269.82,12544.970000000001,6,Bronze,run_20260808_212843,2026-08-08T21:28:54.819066+00:00
C07687,43209.79,8641.958,5,Silver,run_20260808_212843,2026-08-08T21:28:54.819066+00:00
C07688,33764.96,6752.992,5,Gold,run_20260808_212843,2026-08-08T21:28:54.819066+00:00
C07689,45160.86,11290.215,4,Platinum,run_20260808_212843,2026-08-08T21:28:54.819066+00:00
C07690,14868.630000000001,4956.21,3,Platinum,run_20260808_212843,2026-08-08T21:28:54.819066+00:00
C07691,16300.52,16300.52,1,Platinum,run_20260808_212843,2026-08-08T21:28:54.819066+00:00
C07692,58949.69,8421.384285714286,7,Bronze,run_20260808_212843,2026-08-08T21:28:54.819066+00:00
C07693,29989.13,4284.161428571429,7,Bronze,run_20260808_212843,2026-08-08T21:28:54.819066+00:00
C07694,4268.5599999999995,1422.8533333333332,3,Silver,run_20260808_212843,2026-08-08T21:28:54.819066+00:00
C07695,73476.5,10496.642857142857,7,Platinum,run_20260808_212843,2026-08-08T21:28:54.819066+00:00
C07696,28570.06,7142.515,4,Silver,run_20260808_212843,2026-08-08T21:28:54.819066+00:00
C07697,29938.78,5987.755999999999,5,Platinum,run_20260808_212843,2026-08-08T21:28:54.819066+00:00
C07698,17623.05,17623.05,1,Gold,run_20260808_212843,2026-08-08T21:28:54.819066+00:00
C07699,23267.58,7755.860000000001,3,Silver,run_20260808_212843,2026-08-08T21:28:54.819066+00:00
C07700,19277.78,6425.926666666666,3,Silver,run_20260808_212843,2026-08-08T21:28:54.819066+00:00
C07701,25987.16,6496.79,4,Bronze,run_20260808_212843,2026-08-08T21:28:54.819066+00:00
C07702,46631.4,15543.800000000001,3,Bronze,run_20260808_212843,2026-08-08T21:28:54.819066+00:00
C07703,38061.34,6343.556666666666,6,Silver,run_20260808_212843,2026-08-08T21:28:54.819066+00:00
C07704,41538.41,6923.068333333334,6,Gold,run_20260808_212843,2026-08-08T21:28:54.819066+00:00
C07705,74713.64,10673.377142857144,7,Bronze,run_20260808_212843,2026-08-08T21:28:54.819066+00:00
C07706,20784.84,3464.14,6,Platinum,run_20260808_212843,2026-08-08T21:28:54.819066+00:00
C07707,49937.479999999996,8322.913333333332,6,Silver,run_20260808_212843,2026-08-08T21:28:54.819066+00:00
C07708,36936.58,12312.193333333335,3,Bronze,run_20260808_212843,2026-08-08T21:28:54.819066+00:00
C07709,42169.9,14056.633333333333,3,Bronze,run_20260808_212843,2026-08-08T21:28:54.819066+00:00
C07710,24907.67,6226.9175,4,Gold,run_20260808_212843,2026-08-08T21:28:54.819066+00:00
C07711,8062.0,8062.0,1,Silver,run_20260808_212843,2026-08-08T21:28:54.819066+00:00
C07712,5180.79,1726.93,3,Platinum,run_20260808_212843,2026-08-08T21:28:54.819066+00:00
C07713,74294.15000000001,14858.830000000002,5,Gold,run_20260808_212843,2026-08-08T21:28:54.819066+00:00
C07714,25751.28,6437.82,4,Silver,run_20260808_212843,2026-08-08T21:28:54.819066+00:00
C07715,25273.04,8424.346666666666,3,Silver,run_20260808_212843,2026-08-08T21:28:54.819066+00:00
C07716,31359.18,10453.06,3,Bronze,run_20260808_212843,2026-08-08T21:28:54.819066+00:00
C07717,15018.29,3754.5725,4,Silver,run_20260808_212843,2026-08-08T21:28:54.819066+00:00
C07718,38620.51,12873.503333333334,3,Platinum,run_20260808_212843,2026-08-08T21:28:54.819066+00:00
C07719,46513.7,9302.74,5,Bronze,run_20260808_212843,2026-08-08T21:28:54.819066+00:00
C07720,10311.4,10311.4,1,Bronze,run_20260808_212843,2026-08-08T21:28:54.819066+00:00
C07721,41249.99,8249.998,5,Platinum,run_20260808_212843,2026-08-08T21:28:54.819066+00:00
C07722,20420.02,5105.005,4,Gold,run_20260808_212843,2026-08-08T21:28:54.819066+00:00
C07723,29365.6,7341.4,4,Platinum,run_20260808_212843,2026-08-08T21:28:54.819066+00:00
C07724,64852.75,10808.791666666666,6,Bronze,run_20260808_212843,2026-08-08T21:28:54.819066+00:00
C07725,11014.07,3671.3566666666666,3,Bronze,run_20260808_212843,2026-08-08T21:28:54.819066+00:00
C07726,22925.35,5731.3375,4,Bronze,run_20260808_212843,2026-08-08T21:28:54.819066+00:00
C07727,31205.71,6241.142,5,Platinum,run_20260808_212843,2026-08-08T21:28:54.819066+00:00
C07728,71782.16,11963.693333333335,6,Silver,run_20260808_212843,2026-08-08T21:28:54.819066+00:00
C07729,21706.66,7235.553333333333,3,Silver,run_20260808_212843,2026-08-08T21:28:54.819066+00:00
C07731,67603.99,8450.49875,8,Silver,run_20260808_212843,2026-08-08T21:28:54.819066+00:00
C07732,88919.62,9879.957777777778,9,Silver,run_20260808_212843,2026-08-08T21:28:54.819066+00:00
C07733,28539.85,5707.969999999999,5,Bronze,run_20260808_212843,2026-08-08T21:28:54.819066+00:00
C07734,7147.89,3573.945,2,Bronze,run_20260808_212843,2026-08-08T21:28:54.819066+00:00
C07735,18513.75,9256.875,2,Platinum,run_20260808_212843,2026-08-08T21:28:54.819066+00:00
C07736,48663.55,6951.935714285714,7,Bronze,run_20260808_212843,2026-08-08T21:28:54.819066+00:00
C07737,24865.46,6216.365,4,Bronze,run_20260808_212843,2026-08-08T21:28:54.819066+00:00
C07738,21011.59,7003.863333333334,3,Gold,run_20260808_212843,2026-08-08T21:28:54.819066+00:00
C07739,46694.02,7782.336666666666,6,Silver,run_20260808_212843,2026-08-08T21:28:54.819066+00:00
C07740,46769.659999999996,7794.943333333333,6,Bronze,run_20260808_212843,2026-08-08T21:28:54.819066+00:00
C07741,58039.76,8291.394285714287,7,Silver,run_20260808_212843,2026-08-08T21:28:54.819066+00:00
C07742,51520.45,8586.741666666667,6,Bronze,run_20260808_212843,2026-08-08T21:28:54.819066+00:00
C07743,46458.44,11614.61,4,Silver,run_20260808_212843,2026-08-08T21:28:54.819066+00:00
C07744,50141.36,10028.272,5,Silver,run_20260808_212843,2026-08-08T21:28:54.819066+00:00
C07745,8539.52,4269.76,2,Bronze,run_20260808_212843,2026-08-08T21:28:54.819066+00:00
C07746,34205.97,5700.995,6,Platinum,run_20260808_212843,2026-08-08T21:28:54.819066+00:00
C07747,25338.87,4223.1449999999995,6,Bronze,run_20260808_212843,2026-08-08T21:28:54.819066+00:00
C07748,10050.96,10050.96,1,Gold,run_20260808_212843,2026-08-08T21:28:54.819066+00:00
C07749,16118.33,4029.5825,4,Gold,run_20260808_212843,2026-08-08T21:28:54.819066+00:00
C07750,26572.1,5314.42,5,Silver,run_20260808_212843,2026-08-08T21:28:54.819066+00:00
C07751,19374.0,9687.0,2,Silver,run_20260808_212843,2026-08-08T21:28:54.819066+00:00
C07752,47089.229999999996,7848.204999999999,6,Platinum,run_20260808_212843,2026-08-08T21:28:54.819066+00:00
C07753,20819.36,5204.84,4,Platinum,run_20260808_212843,2026-08-08T21:28:54.819066+00:00
C07754,48605.6,16201.866666666667,3,Bronze,run_20260808_212843,2026-08-08T21:28:54.819066+00:00
C07755,7155.02,3577.51,2,Silver,run_20260808_212843,2026-08-08T21:28:54.819066+00:00
C07756,18161.04,9080.52,2,Silver,run_20260808_212843,2026-08-08T21:28:54.819066+00:00
C07757,49711.68,8285.28,6,Bronze,run_20260808_212843,2026-08-08T21:28:54.819066+00:00
C07758,27780.39,9260.13,3,Gold,run_20260808_212843,2026-08-08T21:28:54.819066+00:00
C07759,22658.65,5664.6625,4,Gold,run_20260808_212843,2026-08-08T21:28:54.819066+00:00
C07760,7170.4,1792.6,4,Silver,run_20260808_212843,2026-08-08T21:28:54.819066+00:00
C07761,60440.0,10073.333333333334,6,Bronze,run_20260808_212843,2026-08-08T21:28:54.819066+00:00
C07762,19907.26,6635.753333333333,3,Platinum,run_20260808_212843,2026-08-08T21:28:54.819066+00:00
C07763,19856.5,4964.125,4,Gold,run_20260808_212843,2026-08-08T21:28:54.819066+00:00
C07764,20007.510000000002,6669.170000000001,3,Bronze,run_20260808_212843,2026-08-08T21:28:54.819066+00:00
C07765,65729.74,6572.974,10,Platinum,run_20260808_212843,2026-08-08T21:28:54.819066+00:00
C07766,26458.16,13229.08,2,Silver,run_20260808_212843,2026-08-08T21:28:54.819066+00:00
C07767,75616.15,10802.307142857142,7,Platinum,run_20260808_212843,2026-08-08T21:28:54.819066+00:00
C07768,44455.57,7409.261666666666,6,Silver,run_20260808_212843,2026-08-08T21:28:54.819066+00:00
C07769,32202.82,10734.273333333333,3,Bronze,run_20260808_212843,2026-08-08T21:28:54.819066+00:00
C07770,65565.13,9366.447142857143,7,Gold,run_20260808_212843,2026-08-08T21:28:54.819066+00:00
C07771,42141.35,6020.192857142857,7,Gold,run_20260808_212843,2026-08-08T21:28:54.819066+00:00
C07772,41900.04,13966.68,3,Bronze,run_20260808_212843,2026-08-08T21:28:54.819066+00:00
C07773,55571.44,9261.906666666668,6,Bronze,run_20260808_212843,2026-08-08T21:28:54.819066+00:00
C07774,6658.4,3329.2,2,Silver,run_20260808_212843,2026-08-08T21:28:54.819066+00:00
C07775,50770.24,7252.891428571428,7,Platinum,run_20260808_212843,2026-08-08T21:28:54.819066+00:00
C07776,46010.17,7668.361666666667,6,Gold,run_20260808_212843,2026-08-08T21:28:54.819066+00:00
C07777,56801.44,9466.906666666668,6,Platinum,run_20260808_212843,2026-08-08T21:28:54.819066+00:00
C07778,28364.03,9454.676666666666,3,Bronze,run_20260808_212843,2026-08-08T21:28:54.819066+00:00
C07779,11635.810000000001,5817.905000000001,2,Silver,run_20260808_212843,2026-08-08T21:28:54.819066+00:00
C07780,35028.869999999995,8757.217499999999,4,Gold,run_20260808_212843,2026-08-08T21:28:54.819066+00:00
C07781,50627.17,6328.39625,8,Bronze,run_20260808_212843,2026-08-08T21:28:54.819066+00:00
C07782,35870.78,11956.926666666666,3,Gold,run_20260808_212843,2026-08-08T21:28:54.819066+00:00
C07783,9648.26,3216.0866666666666,3,Platinum,run_20260808_212843,2026-08-08T21:28:54.819066+00:00
C07784,42705.61,6100.801428571429,7,Silver,run_20260808_212843,2026-08-08T21:28:54.819066+00:00
C07785,30664.85,7666.2125,4,Gold,run_20260808_212843,2026-08-08T21:28:54.819066+00:00
C07786,63227.95,9032.564285714285,7,Silver,run_20260808_212843,2026-08-08T21:28:54.819066+00:00
C07787,45334.74,9066.948,5,Gold,run_20260808_212843,2026-08-08T21:28:54.819066+00:00
C07788,26765.96,8921.986666666666,3,Platinum,run_20260808_212843,2026-08-08T21:28:54.819066+00:00
C07789,71555.3,10222.185714285715,7,Bronze,run_20260808_212843,2026-08-08T21:28:54.819066+00:00
C07790,28745.43,9581.81,3,Gold,run_20260808_212843,2026-08-08T21:28:54.819066+00:00
C07791,5517.61,2758.805,2,Bronze,run_20260808_212843,2026-08-08T21:28:54.819066+00:00
C07793,34370.46,11456.82,3,Platinum,run_20260808_212843,2026-08-08T21:28:54.819066+00:00
C07795,107018.56,15288.365714285714,7,Bronze,run_20260808_212843,2026-08-08T21:28:54.819066+00:00
C07796,45507.229999999996,5688.4037499999995,8,Silver,run_20260808_212843,2026-08-08T21:28:54.819066+00:00
C07797,58106.45,9684.408333333333,6,Bronze,run_20260808_212843,2026-08-08T21:28:54.819066+00:00
C07798,33177.07,11059.023333333333,3,Bronze,run_20260808_212843,2026-08-08T21:28:54.819066+00:00
C07799,49707.740000000005,8284.623333333335,6,Gold,run_20260808_212843,2026-08-08T21:28:54.819066+00:00
C07800,5247.37,1749.1233333333332,3,Silver,run_20260808_212843,2026-08-08T21:28:54.819066+00:00
C07801,28517.47,5703.494000000001,5,Platinum,run_20260808_212843,2026-08-08T21:28:54.819066+00:00
C07802,51861.18,10372.236,5,Silver,run_20260808_212843,2026-08-08T21:28:54.819066+00:00
C07803,22636.46,7545.486666666667,3,Bronze,run_20260808_212843,2026-08-08T21:28:54.819066+00:00
C07804,32316.910000000003,10772.303333333335,3,Bronze,run_20260808_212843,2026-08-08T21:28:54.819066+00:00
C07805,52700.03,8783.338333333333,6,Silver,run_20260808_212843,2026-08-08T21:28:54.819066+00:00
C07806,45857.090000000004,5095.232222222223,9,Gold,run_20260808_212843,2026-08-08T21:28:54.819066+00:00
C07807,63963.28999999999,10660.548333333332,6,Platinum,run_20260808_212843,2026-08-08T21:28:54.819066+00:00
C07808,6559.75,3279.875,2,Gold,run_20260808_212843,2026-08-08T21:28:54.819066+00:00
C07809,53623.770000000004,8937.295,6,Silver,run_20260808_212843,2026-08-08T21:28:54.819066+00:00
C07810,55134.07,6891.75875,8,Silver,run_20260808_212843,2026-08-08T21:28:54.819066+00:00
C07811,27475.29,6868.8225,4,Platinum,run_20260808_212843,2026-08-08T21:28:54.819066+00:00
C07812,101321.9,14474.557142857142,7,Silver,run_20260808_212843,2026-08-08T21:28:54.819066+00:00
C07813,48953.990000000005,8158.998333333334,6,Bronze,run_20260808_212843,2026-08-08T21:28:54.819066+00:00
C07814,17413.04,4353.26,4,Silver,run_20260808_212843,2026-08-08T21:28:54.819066+00:00
C07815,37388.57,4154.285555555555,9,Platinum,run_20260808_212843,2026-08-08T21:28:54.819066+00:00
C07816,44828.08,11207.02,4,Gold,run_20260808_212843,2026-08-08T21:28:54.819066+00:00
C07817,25908.08,3701.154285714286,7,Silver,run_20260808_212843,2026-08-08T21:28:54.819066+00:00
C07818,32944.66,6588.932000000001,5,Gold,run_20260808_212843,2026-08-08T21:28:54.819066+00:00
C07819,27000.27,5400.054,5,Gold,run_20260808_212843,2026-08-08T21:28:54.819066+00:00
C07820,45563.96,11390.99,4,Bronze,run_20260808_212843,2026-08-08T21:28:54.819066+00:00
C07821,90307.58,9030.758,10,Platinum,run_20260808_212843,2026-08-08T21:28:54.819066+00:00
C07822,42060.91,7010.151666666668,6,Gold,run_20260808_212843,2026-08-08T21:28:54.819066+00:00
C07823,46342.26,6620.322857142857,7,Bronze,run_20260808_212843,2026-08-08T21:28:54.819066+00:00
C07824,37249.85,7449.969999999999,5,Silver,run_20260808_212843,2026-08-08T21:28:54.819066+00:00
C07825,34167.43,6833.486,5,Gold,run_20260808_212843,2026-08-08T21:28:54.819066+00:00
C07826,26120.69,5224.138,5,Gold,run_20260808_212843,2026-08-08T21:28:54.819066+00:00
C07827,73272.33,12212.055,6,Silver,run_20260808_212843,2026-08-08T21:28:54.819066+00:00
C07828,54971.72,7853.102857142857,7,Silver,run_20260808_212843,2026-08-08T21:28:54.819066+00:00
C07829,29754.96,4959.16,6,Bronze,run_20260808_212843,2026-08-08T21:28:54.819066+00:00
C07830,74484.6,8276.066666666668,9,Silver,run_20260808_212843,2026-08-08T21:28:54.819066+00:00
C07831,12703.45,3175.8625,4,Silver,run_20260808_212843,2026-08-08T21:28:54.819066+00:00
C07832,28715.41,7178.8525,4,Platinum,run_20260808_212843,2026-08-08T21:28:54.819066+00:00
C07833,64632.28,9233.182857142858,7,Gold,run_20260808_212843,2026-08-08T21:28:54.819066+00:00
C07834,10116.23,5058.115,2,Silver,run_20260808_212843,2026-08-08T21:28:54.819066+00:00
C07835,13592.6,4530.866666666667,3,Platinum,run_20260808_212843,2026-08-08T21:28:54.819066+00:00
C07836,23271.4,5817.85,4,Bronze,run_20260808_212843,2026-08-08T21:28:54.819066+00:00
C07837,47510.54,7918.423333333333,6,Bronze,run_20260808_212843,2026-08-08T21:28:54.819066+00:00
C07838,43830.29,8766.058,5,Platinum,run_20260808_212843,2026-08-08T21:28:54.819066+00:00
C07839,32663.09,6532.618,5,Bronze,run_20260808_212843,2026-08-08T21:28:54.819066+00:00
C07840,46743.91,7790.651666666668,6,Silver,run_20260808_212843,2026-08-08T21:28:54.819066+00:00
C07842,11860.45,3953.4833333333336,3,Silver,run_20260808_212843,2026-08-08T21:28:54.819066+00:00
C07843,25657.010000000002,12828.505000000001,2,Silver,run_20260808_212843,2026-08-08T21:28:54.819066+00:00
C07844,92041.05,15340.175000000001,6,Silver,run_20260808_212843,2026-08-08T21:28:54.819066+00:00
C07845,50303.810000000005,10060.762,5,Bronze,run_20260808_212843,2026-08-08T21:28:54.819066+00:00
C07846,37224.479999999996,12408.159999999998,3,Silver,run_20260808_212843,2026-08-08T21:28:54.819066+00:00
C07847,19591.14,9795.57,2,Silver,run_20260808_212843,2026-08-08T21:28:54.819066+00:00
C07848,9754.09,4877.045,2,Silver,run_20260808_212843,2026-08-08T21:28:54.819066+00:00
C07849,51002.93,7286.132857142858,7,Bronze,run_20260808_212843,2026-08-08T21:28:54.819066+00:00
C07850,11959.900000000001,3986.6333333333337,3,Platinum,run_20260808_212843,2026-08-08T21:28:54.819066+00:00
C07851,28382.12,9460.706666666667,3,Platinum,run_20260808_212843,2026-08-08T21:28:54.819066+00:00
C07852,4590.36,4590.36,1,Gold,run_20260808_212843,2026-08-08T21:28:54.819066+00:00
C07853,44412.71,5551.58875,8,Silver,run_20260808_212843,2026-08-08T21:28:54.819066+00:00
C07854,37247.380000000005,7449.476000000001,5,Silver,run_20260808_212843,2026-08-08T21:28:54.819066+00:00
C07855,18769.940000000002,6256.646666666667,3,Silver,run_20260808_212843,2026-08-08T21:28:54.819066+00:00
C07856,7419.3,3709.65,2,Platinum,run_20260808_212843,2026-08-08T21:28:54.819066+00:00
C07857,35241.86,7048.372,5,Silver,run_20260808_212843,2026-08-08T21:28:54.819066+00:00
C07858,37073.130000000005,7414.626000000001,5,Silver,run_20260808_212843,2026-08-08T21:28:54.819066+00:00
C07859,18074.42,6024.806666666666,3,Gold,run_20260808_212843,2026-08-08T21:28:54.819066+00:00
C07860,19987.0,4996.75,4,Gold,run_20260808_212843,2026-08-08T21:28:54.819066+00:00
C07861,48406.729999999996,9681.346,5,Platinum,run_20260808_212843,2026-08-08T21:28:54.819066+00:00
C07862,37018.53,7403.706,5,Silver,run_20260808_212843,2026-08-08T21:28:54.819066+00:00
C07863,35434.2,11811.4,3,Gold,run_20260808_212843,2026-08-08T21:28:54.819066+00:00
C07864,24539.32,8179.7733333333335,3,Platinum,run_20260808_212843,2026-08-08T21:28:54.819066+00:00
C07865,15706.400000000001,7853.200000000001,2,Bronze,run_20260808_212843,2026-08-08T21:28:54.819066+00:00
C07866,31444.519999999997,5240.753333333333,6,Gold,run_20260808_212843,2026-08-08T21:28:54.819066+00:00
C07867,83442.67,9271.407777777778,9,Platinum,run_20260808_212843,2026-08-08T21:28:54.819066+00:00
C07868,48250.18000000001,8041.696666666668,6,Platinum,run_20260808_212843,2026-08-08T21:28:54.819066+00:00
C07869,30701.24,7675.31,4,Silver,run_20260808_212843,2026-08-08T21:28:54.819066+00:00
C07870,30813.85,7703.4625,4,Platinum,run_20260808_212843,2026-08-08T21:28:54.819066+00:00
C07871,47324.01,5915.50125,8,Platinum,run_20260808_212843,2026-08-08T21:28:54.819066+00:00
C07872,55867.34,6983.4175,8,Platinum,run_20260808_212843,2026-08-08T21:28:54.819066+00:00
C07873,32167.740000000005,6433.548000000001,5,Platinum,run_20260808_212843,2026-08-08T21:28:54.819066+00:00
C07874,22069.010000000002,7356.336666666667,3,Silver,run_20260808_212843,2026-08-08T21:28:54.819066+00:00
C07875,41759.100000000006,6959.850000000001,6,Platinum,run_20260808_212843,2026-08-08T21:28:54.819066+00:00
C07876,25221.15,6305.2875,4,Bronze,run_20260808_212843,2026-08-08T21:28:54.819066+00:00
C07877,14292.45,3573.1125,4,Platinum,run_20260808_212843,2026-08-08T21:28:54.819066+00:00
C07878,111601.26,8584.712307692307,13,Platinum,run_20260808_212843,2026-08-08T21:28:54.819066+00:00
C07879,9542.5,4771.25,2,Bronze,run_20260808_212843,2026-08-08T21:28:54.819066+00:00
C07880,14339.330000000002,3584.8325000000004,4,Gold,run_20260808_212843,2026-08-08T21:28:54.819066+00:00
C07881,18939.93,4734.9825,4,Silver,run_20260808_212843,2026-08-08T21:28:54.819066+00:00
C07882,36500.07,7300.014,5,Silver,run_20260808_212843,2026-08-08T21:28:54.819066+00:00
C07883,57233.63,8176.232857142857,7,Gold,run_20260808_212843,2026-08-08T21:28:54.819066+00:00
C07884,44552.62,5569.0775,8,Platinum,run_20260808_212843,2026-08-08T21:28:54.819066+00:00
C07885,16888.239999999998,5629.413333333333,3,Platinum,run_20260808_212843,2026-08-08T21:28:54.819066+00:00
C07886,56343.94,11268.788,5,Gold,run_20260808_212843,2026-08-08T21:28:54.819066+00:00
C07887,27356.32,4559.386666666666,6,Platinum,run_20260808_212843,2026-08-08T21:28:54.819066+00:00
C07888,17563.09,5854.363333333334,3,Gold,run_20260808_212843,2026-08-08T21:28:54.819066+00:00
C07889,55313.63,6914.20375,8,Platinum,run_20260808_212843,2026-08-08T21:28:54.819066+00:00
C07890,10019.119999999999,2504.7799999999997,4,Platinum,run_20260808_212843,2026-08-08T21:28:54.819066+00:00
C07891,34664.93,5777.488333333334,6,Bronze,run_20260808_212843,2026-08-08T21:28:54.819066+00:00
C07892,77768.57,11109.795714285716,7,Gold,run_20260808_212843,2026-08-08T21:28:54.819066+00:00
C07893,9199.36,2299.84,4,Silver,run_20260808_212843,2026-08-08T21:28:54.819066+00:00
C07894,71576.54000000001,7952.94888888889,9,Platinum,run_20260808_212843,2026-08-08T21:28:54.819066+00:00
C07895,13744.04,13744.04,1,Silver,run_20260808_212843,2026-08-08T21:28:54.819066+00:00
C07896,4699.96,4699.96,1,Silver,run_20260808_212843,2026-08-08T21:28:54.819066+00:00
C07897,23879.23,11939.615,2,Silver,run_20260808_212843,2026-08-08T21:28:54.819066+00:00
C07898,8899.22,4449.61,2,Bronze,run_20260808_212843,2026-08-08T21:28:54.819066+00:00
C07899,48033.49,9606.698,5,Bronze,run_20260808_212843,2026-08-08T21:28:54.819066+00:00
C07900,20884.72,10442.36,2,Gold,run_20260808_212843,2026-08-08T21:28:54.819066+00:00
C07901,26850.739999999998,5370.147999999999,5,Platinum,run_20260808_212843,2026-08-08T21:28:54.819066+00:00
C07902,23049.7,4609.9400000000005,5,Platinum,run_20260808_212843,2026-08-08T21:28:54.819066+00:00
C07903,51317.42,6414.6775,8,Platinum,run_20260808_212843,2026-08-08T21:28:54.819066+00:00
C07904,37290.67,6215.111666666667,6,Platinum,run_20260808_212843,2026-08-08T21:28:54.819066+00:00
C07905,49535.56,6191.945,8,Gold,run_20260808_212843,2026-08-08T21:28:54.819066+00:00
C07906,22656.03,7552.009999999999,3,Platinum,run_20260808_212843,2026-08-08T21:28:54.819066+00:00
C07907,37928.24,7585.647999999999,5,Platinum,run_20260808_212843,2026-08-08T21:28:54.819066+00:00
C07909,31386.25,4483.75,7,Bronze,run_20260808_212843,2026-08-08T21:28:54.819066+00:00
C07910,68413.36,7601.484444444444,9,Platinum,run_20260808_212843,2026-08-08T21:28:54.819066+00:00
C07911,28578.46,4082.637142857143,7,Bronze,run_20260808_212843,2026-08-08T21:28:54.819066+00:00
C07912,33900.8,8475.2,4,Bronze,run_20260808_212843,2026-08-08T21:28:54.819066+00:00
C07913,17242.05,4310.5125,4,Platinum,run_20260808_212843,2026-08-08T21:28:54.819066+00:00
C07914,28864.14,5772.8279999999995,5,Silver,run_20260808_212843,2026-08-08T21:28:54.819066+00:00
C07915,39990.770000000004,7998.154,5,Silver,run_20260808_212843,2026-08-08T21:28:54.819066+00:00
C07916,46950.63,5868.82875,8,Platinum,run_20260808_212843,2026-08-08T21:28:54.819066+00:00
C07917,10310.16,5155.08,2,Gold,run_20260808_212843,2026-08-08T21:28:54.819066+00:00
C07918,37327.53,6221.255,6,Gold,run_20260808_212843,2026-08-08T21:28:54.819066+00:00
C07919,43821.590000000004,7303.598333333334,6,Platinum,run_20260808_212843,2026-08-08T21:28:54.819066+00:00
C07920,35101.85,11700.616666666667,3,Gold,run_20260808_212843,2026-08-08T21:28:54.819066+00:00
C07921,51494.090000000004,6436.7612500000005,8,Bronze,run_20260808_212843,2026-08-08T21:28:54.819066+00:00
C07922,31539.28,10513.093333333332,3,Platinum,run_20260808_212843,2026-08-08T21:28:54.819066+00:00
C07923,23130.61,5782.6525,4,Platinum,run_20260808_212843,2026-08-08T21:28:54.819066+00:00
C07924,31811.52,5301.92,6,Silver,run_20260808_212843,2026-08-08T21:28:54.819066+00:00
C07925,79946.1,7267.827272727273,11,Silver,run_20260808_212843,2026-08-08T21:28:54.819066+00:00
C07926,42932.65,8586.53,5,Platinum,run_20260808_212843,2026-08-08T21:28:54.819066+00:00
C07927,49417.990000000005,12354.497500000001,4,Bronze,run_20260808_212843,2026-08-08T21:28:54.819066+00:00
C07928,41822.42,8364.484,5,Gold,run_20260808_212843,2026-08-08T21:28:54.819066+00:00
C07929,14101.08,3525.27,4,Bronze,run_20260808_212843,2026-08-08T21:28:54.819066+00:00
C07930,56904.74,8129.248571428571,7,Silver,run_20260808_212843,2026-08-08T21:28:54.819066+00:00
C07931,8628.16,2876.0533333333333,3,Gold,run_20260808_212843,2026-08-08T21:28:54.819066+00:00
C07932,104303.36,9482.123636363636,11,Platinum,run_20260808_212843,2026-08-08T21:28:54.819066+00:00
C07933,51344.73,12836.1825,4,Silver,run_20260808_212843,2026-08-08T21:28:54.819066+00:00
C07934,25014.39,4169.065,6,Gold,run_20260808_212843,2026-08-08T21:28:54.819066+00:00
C07935,19235.52,4808.88,4,Silver,run_20260808_212843,2026-08-08T21:28:54.819066+00:00
C07936,52468.74,7495.534285714285,7,Silver,run_20260808_212843,2026-08-08T21:28:54.819066+00:00
C07937,50764.1,6345.5125,8,Bronze,run_20260808_212843,2026-08-08T21:28:54.819066+00:00
C07938,25695.89,6423.9725,4,Bronze,run_20260808_212843,2026-08-08T21:28:54.819066+00:00
C07940,61001.03,10166.838333333333,6,Platinum,run_20260808_212843,2026-08-08T21:28:54.819066+00:00
C07941,31608.94,6321.788,5,Platinum,run_20260808_212843,2026-08-08T21:28:54.819066+00:00
C07942,28451.100000000002,9483.7,3,Bronze,run_20260808_212843,2026-08-08T21:28:54.819066+00:00
C07943,48629.4,12157.35,4,Silver,run_20260808_212843,2026-08-08T21:28:54.819066+00:00
C07944,19340.98,6446.993333333333,3,Platinum,run_20260808_212843,2026-08-08T21:28:54.819066+00:00
C07945,71914.15000000001,8989.268750000001,8,Silver,run_20260808_212843,2026-08-08T21:28:54.819066+00:00
C07946,55052.3,11010.460000000001,5,Platinum,run_20260808_212843,2026-08-08T21:28:54.819066+00:00
C07947,62638.13,8948.304285714285,7,Gold,run_20260808_212843,2026-08-08T21:28:54.819066+00:00
C07948,25010.76,8336.92,3,Gold,run_20260808_212843,2026-08-08T21:28:54.819066+00:00
C07949,29782.329999999998,7445.5824999999995,4,Platinum,run_20260808_212843,2026-08-08T21:28:54.819066+00:00
C07950,59507.59,6611.954444444444,9,Gold,run_20260808_212843,2026-08-08T21:28:54.819066+00:00
C07951,47516.03,9503.206,5,Platinum,run_20260808_212843,2026-08-08T21:28:54.819066+00:00
C07952,51298.05,10259.61,5,Bronze,run_20260808_212843,2026-08-08T21:28:54.819066+00:00
C07953,27363.75,13681.875,2,Bronze,run_20260808_212843,2026-08-08T21:28:54.819066+00:00
C07954,34697.16,8674.29,4,Gold,run_20260808_212843,2026-08-08T21:28:54.819066+00:00
C07955,112939.24,9411.603333333334,12,Silver,run_20260808_212843,2026-08-08T21:28:54.819066+00:00
C07956,76717.89,10959.698571428571,7,Gold,run_20260808_212843,2026-08-08T21:28:54.819066+00:00
C07957,73183.22,12197.203333333333,6,Silver,run_20260808_212843,2026-08-08T21:28:54.819066+00:00
C07958,66661.23,11110.205,6,Platinum,run_20260808_212843,2026-08-08T21:28:54.819066+00:00
C07959,34216.11,5702.685,6,Gold,run_20260808_212843,2026-08-08T21:28:54.819066+00:00
C07960,19315.46,4828.865,4,Bronze,run_20260808_212843,2026-08-08T21:28:54.819066+00:00
C07961,25455.79,6363.9475,4,Silver,run_20260808_212843,2026-08-08T21:28:54.819066+00:00
C07962,22708.129999999997,7569.376666666666,3,Platinum,run_20260808_212843,2026-08-08T21:28:54.819066+00:00
C07963,36354.29,9088.5725,4,Bronze,run_20260808_212843,2026-08-08T21:28:54.819066+00:00
C07964,35410.450000000004,5058.635714285715,7,Bronze,run_20260808_212843,2026-08-08T21:28:54.819066+00:00
C07965,31815.36,10605.12,3,Bronze,run_20260808_212843,2026-08-08T21:28:54.819066+00:00
C07966,70377.89,14075.578,5,Platinum,run_20260808_212843,2026-08-08T21:28:54.819066+00:00
C07967,75665.41,8407.267777777779,9,Platinum,run_20260808_212843,2026-08-08T21:28:54.819066+00:00
C07968,40841.07,6806.845,6,Gold,run_20260808_212843,2026-08-08T21:28:54.819066+00:00
C07969,33547.880000000005,8386.970000000001,4,Platinum,run_20260808_212843,2026-08-08T21:28:54.819066+00:00
C07970,49220.53,7031.504285714285,7,Silver,run_20260808_212843,2026-08-08T21:28:54.819066+00:00
C07971,27014.47,9004.823333333334,3,Silver,run_20260808_212843,2026-08-08T21:28:54.819066+00:00
C07972,17502.92,5834.306666666666,3,Gold,run_20260808_212843,2026-08-08T21:28:54.819066+00:00
C07973,33880.39,5646.731666666667,6,Silver,run_20260808_212843,2026-08-08T21:28:54.819066+00:00
C07974,53090.18,5898.908888888889,9,Silver,run_20260808_212843,2026-08-08T21:28:54.819066+00:00
C07975,60029.869999999995,7503.733749999999,8,Silver,run_20260808_212843,2026-08-08T21:28:54.819066+00:00
C07976,46528.3,9305.66,5,Platinum,run_20260808_212843,2026-08-08T21:28:54.819066+00:00
C07977,86661.88,10832.735,8,Silver,run_20260808_212843,2026-08-08T21:28:54.819066+00:00
C07978,11863.34,2965.835,4,Bronze,run_20260808_212843,2026-08-08T21:28:54.819066+00:00
C07979,1502.05,1502.05,1,Platinum,run_20260808_212843,2026-08-08T21:28:54.819066+00:00
C07980,20671.42,6890.473333333332,3,Silver,run_20260808_212843,2026-08-08T21:28:54.819066+00:00
C07981,35582.600000000006,5930.433333333334,6,Silver,run_20260808_212843,2026-08-08T21:28:54.819066+00:00
C07982,25140.43,6285.1075,4,Silver,run_20260808_212843,2026-08-08T21:28:54.819066+00:00
C07983,6139.14,3069.57,2,Bronze,run_20260808_212843,2026-08-08T21:28:54.819066+00:00
C07984,52820.67,8803.445,6,Silver,run_20260808_212843,2026-08-08T21:28:54.819066+00:00
C07985,16551.08,8275.54,2,Silver,run_20260808_212843,2026-08-08T21:28:54.819066+00:00
C07986,31015.66,7753.915,4,Gold,run_20260808_212843,2026-08-08T21:28:54.819066+00:00
C07987,27665.69,9221.896666666666,3,Platinum,run_20260808_212843,2026-08-08T21:28:54.819066+00:00
C07988,29187.25,4864.541666666667,6,Platinum,run_20260808_212843,2026-08-08T21:28:54.819066+00:00
C07989,36520.02,6086.669999999999,6,Bronze,run_20260808_212843,2026-08-08T21:28:54.819066+00:00
C07990,45877.97,7646.328333333334,6,Silver,run_20260808_212843,2026-08-08T21:28:54.819066+00:00
C07991,33588.69,6717.738,5,Bronze,run_20260808_212843,2026-08-08T21:28:54.819066+00:00
C07992,21483.3,10741.65,2,Gold,run_20260808_212843,2026-08-08T21:28:54.819066+00:00
C07993,9596.88,9596.88,1,Bronze,run_20260808_212843,2026-08-08T21:28:54.819066+00:00
C07994,38975.13,9743.7825,4,Platinum,run_20260808_212843,2026-08-08T21:28:54.819066+00:00
C07995,73220.56999999999,9152.571249999999,8,Bronze,run_20260808_212843,2026-08-08T21:28:54.819066+00:00
C07996,75378.95,10768.421428571428,7,Gold,run_20260808_212843,2026-08-08T21:28:54.819066+00:00
C07997,50117.45,12529.3625,4,Bronze,run_20260808_212843,2026-08-08T21:28:54.819066+00:00
C07998,44903.14,5612.8925,8,Gold,run_20260808_212843,2026-08-08T21:28:54.819066+00:00
C07999,27446.64,6861.66,4,Bronze,run_20260808_212843,2026-08-08T21:28:54.819066+00:00
C08000,31109.850000000002,5184.975,6,Silver,run_20260808_212843,2026-08-08T21:28:54.819066+00:00
C08001,4015.68,4015.68,1,Platinum,run_20260808_212843,2026-08-08T21:28:54.819066+00:00
C08002,83551.67,11935.952857142856,7,Platinum,run_20260808_212843,2026-08-08T21:28:54.819066+00:00
C08003,18473.75,6157.916666666667,3,Bronze,run_20260808_212843,2026-08-08T21:28:54.819066+00:00
C08004,53734.71,5970.5233333333335,9,Bronze,run_20260808_212843,2026-08-08T21:28:54.819066+00:00
C08005,38428.47,5489.7814285714285,7,Bronze,run_20260808_212843,2026-08-08T21:28:54.819066+00:00
C08006,17766.280000000002,2961.046666666667,6,Gold,run_20260808_212843,2026-08-08T21:28:54.819066+00:00
C08007,5506.5,1835.5,3,Bronze,run_20260808_212843,2026-08-08T21:28:54.819066+00:00
C08008,60217.97,10036.328333333333,6,Bronze,run_20260808_212843,2026-08-08T21:28:54.819066+00:00
C08009,61753.03999999999,8821.862857142856,7,Bronze,run_20260808_212843,2026-08-08T21:28:54.819066+00:00
C08010,53819.54,7688.505714285714,7,Silver,run_20260808_212843,2026-08-08T21:28:54.819066+00:00
C08011,45600.82,15200.273333333333,3,Bronze,run_20260808_212843,2026-08-08T21:28:54.819066+00:00
C08012,88960.85,12708.692857142858,7,Platinum,run_20260808_212843,2026-08-08T21:28:54.819066+00:00
C08013,43392.12,7232.02,6,Gold,run_20260808_212843,2026-08-08T21:28:54.819066+00:00
C08014,41572.8,10393.2,4,Platinum,run_20260808_212843,2026-08-08T21:28:54.819066+00:00
C08015,101251.39,9204.671818181818,11,Platinum,run_20260808_212843,2026-08-08T21:28:54.819066+00:00
C08016,54787.91,6087.545555555556,9,Gold,run_20260808_212843,2026-08-08T21:28:54.819066+00:00
C08017,43064.93,7177.488333333334,6,Platinum,run_20260808_212843,2026-08-08T21:28:54.819066+00:00
C08018,18912.6,4728.15,4,Gold,run_20260808_212843,2026-08-08T21:28:54.819066+00:00
C08019,99348.03,11038.67,9,Gold,run_20260808_212843,2026-08-08T21:28:54.819066+00:00
C08020,20643.31,6881.1033333333335,3,Gold,run_20260808_212843,2026-08-08T21:28:54.819066+00:00
C08021,52636.1,6579.5125,8,Gold,run_20260808_212843,2026-08-08T21:28:54.819066+00:00
C08022,52468.619999999995,6558.577499999999,8,Silver,run_20260808_212843,2026-08-08T21:28:54.819066+00:00
C08023,28218.19,9406.063333333334,3,Gold,run_20260808_212843,2026-08-08T21:28:54.819066+00:00
C08024,19908.19,4977.0475,4,Platinum,run_20260808_212843,2026-08-08T21:28:54.819066+00:00
C08025,31695.870000000003,6339.174000000001,5,Platinum,run_20260808_212843,2026-08-08T21:28:54.819066+00:00
C08026,49594.020000000004,6199.2525000000005,8,Bronze,run_20260808_212843,2026-08-08T21:28:54.819066+00:00
C08027,40272.21,5034.02625,8,Gold,run_20260808_212843,2026-08-08T21:28:54.819066+00:00
C08028,39008.7,9752.175,4,Gold,run_20260808_212843,2026-08-08T21:28:54.819066+00:00
C08029,14396.400000000001,7198.200000000001,2,Bronze,run_20260808_212843,2026-08-08T21:28:54.819066+00:00
C08030,8450.19,2816.73,3,Bronze,run_20260808_212843,2026-08-08T21:28:54.819066+00:00
C08031,34539.09,11513.029999999999,3,Platinum,run_20260808_212843,2026-08-08T21:28:54.819066+00:00
C08032,21624.63,3604.105,6,Platinum,run_20260808_212843,2026-08-08T21:28:54.819066+00:00
C08033,49937.33,12484.3325,4,Silver,run_20260808_212843,2026-08-08T21:28:54.819066+00:00
C08034,44300.65,8860.130000000001,5,Bronze,run_20260808_212843,2026-08-08T21:28:54.819066+00:00
C08035,2218.67,2218.67,1,Bronze,run_20260808_212843,2026-08-08T21:28:54.819066+00:00
C08036,38274.17,9568.5425,4,Gold,run_20260808_212843,2026-08-08T21:28:54.819066+00:00
C08037,73010.77,8112.307777777778,9,Silver,run_20260808_212843,2026-08-08T21:28:54.819066+00:00
C08038,28018.280000000002,4002.611428571429,7,Gold,run_20260808_212843,2026-08-08T21:28:54.819066+00:00
C08039,42608.12,10652.03,4,Platinum,run_20260808_212843,2026-08-08T21:28:54.819066+00:00
C08040,37138.64,12379.546666666667,3,Platinum,run_20260808_212843,2026-08-08T21:28:54.819066+00:00
C08041,33107.72,11035.906666666668,3,Platinum,run_20260808_212843,2026-08-08T21:28:54.819066+00:00
C08042,17599.73,8799.865,2,Silver,run_20260808_212843,2026-08-08T21:28:54.819066+00:00
C08043,46086.46,6583.78,7,Bronze,run_20260808_212843,2026-08-08T21:28:54.819066+00:00
C08044,32055.63,4579.375714285715,7,Gold,run_20260808_212843,2026-08-08T21:28:54.819066+00:00
C08045,62201.619999999995,8885.945714285714,7,Bronze,run_20260808_212843,2026-08-08T21:28:54.819066+00:00
C08046,16693.41,5564.47,3,Gold,run_20260808_212843,2026-08-08T21:28:54.819066+00:00
C08047,19726.8,3945.3599999999997,5,Bronze,run_20260808_212843,2026-08-08T21:28:54.819066+00:00
C08048,35168.52,5024.074285714285,7,Gold,run_20260808_212843,2026-08-08T21:28:54.819066+00:00
C08049,4059.83,2029.915,2,Platinum,run_20260808_212843,2026-08-08T21:28:54.819066+00:00
C08050,16945.27,8472.635,2,Silver,run_20260808_212843,2026-08-08T21:28:54.819066+00:00
C08051,61172.869999999995,10195.478333333333,6,Platinum,run_20260808_212843,2026-08-08T21:28:54.819066+00:00
C08052,88357.05,12622.435714285715,7,Platinum,run_20260808_212843,2026-08-08T21:28:54.819066+00:00
C08053,30589.800000000003,5098.3,6,Bronze,run_20260808_212843,2026-08-08T21:28:54.819066+00:00
C08054,14303.289999999999,3575.8224999999998,4,Gold,run_20260808_212843,2026-08-08T21:28:54.819066+00:00
C08055,53044.48,7577.782857142857,7,Platinum,run_20260808_212843,2026-08-08T21:28:54.819066+00:00
C08056,15517.619999999999,5172.54,3,Platinum,run_20260808_212843,2026-08-08T21:28:54.819066+00:00
C08057,18649.3,3729.8599999999997,5,Bronze,run_20260808_212843,2026-08-08T21:28:54.819066+00:00
C08058,43567.740000000005,5445.967500000001,8,Platinum,run_20260808_212843,2026-08-08T21:28:54.819066+00:00
C08059,88480.77,11060.09625,8,Gold,run_20260808_212843,2026-08-08T21:28:54.819066+00:00
C08060,89397.16,8939.716,10,Silver,run_20260808_212843,2026-08-08T21:28:54.819066+00:00
C08061,53452.24,10690.448,5,Silver,run_20260808_212843,2026-08-08T21:28:54.819066+00:00
C08062,29281.38,3660.1725,8,Bronze,run_20260808_212843,2026-08-08T21:28:54.819066+00:00
C08063,13473.599999999999,6736.799999999999,2,Silver,run_20260808_212843,2026-08-08T21:28:54.819066+00:00
C08064,55439.11,9239.851666666667,6,Platinum,run_20260808_212843,2026-08-08T21:28:54.819066+00:00
C08065,25242.170000000002,12621.085000000001,2,Bronze,run_20260808_212843,2026-08-08T21:28:54.819066+00:00
C08066,9815.68,9815.68,1,Gold,run_20260808_212843,2026-08-08T21:28:54.819066+00:00
C08067,17045.67,4261.4175,4,Platinum,run_20260808_212843,2026-08-08T21:28:54.819066+00:00
C08068,22831.46,5707.865,4,Silver,run_20260808_212843,2026-08-08T21:28:54.819066+00:00
C08069,56505.66,6278.406666666667,9,Platinum,run_20260808_212843,2026-08-08T21:28:54.819066+00:00
C08070,22263.43,11131.715,2,Bronze,run_20260808_212843,2026-08-08T21:28:54.819066+00:00
C08071,25219.87,6304.9675,4,Platinum,run_20260808_212843,2026-08-08T21:28:54.819066+00:00
C08072,15746.07,5248.69,3,Silver,run_20260808_212843,2026-08-08T21:28:54.819066+00:00
C08073,41019.6,13673.199999999999,3,Silver,run_20260808_212843,2026-08-08T21:28:54.819066+00:00
C08074,28752.6,9584.199999999999,3,Silver,run_20260808_212843,2026-08-08T21:28:54.819066+00:00
C08075,42126.369999999995,10531.592499999999,4,Silver,run_20260808_212843,2026-08-08T21:28:54.819066+00:00
C08076,4095.86,2047.93,2,Bronze,run_20260808_212843,2026-08-08T21:28:54.819066+00:00
C08077,9456.369999999999,2364.0924999999997,4,Bronze,run_20260808_212843,2026-08-08T21:28:54.819066+00:00
C08078,41144.95,5877.849999999999,7,Platinum,run_20260808_212843,2026-08-08T21:28:54.819066+00:00
C08079,33337.06,11112.353333333333,3,Bronze,run_20260808_212843,2026-08-08T21:28:54.819066+00:00
C08080,35201.6,5866.933333333333,6,Silver,run_20260808_212843,2026-08-08T21:28:54.819066+00:00
C08081,25070.64,5014.128,5,Gold,run_20260808_212843,2026-08-08T21:28:54.819066+00:00
C08082,42118.04,7019.673333333333,6,Platinum,run_20260808_212843,2026-08-08T21:28:54.819066+00:00
C08083,26741.13,4456.8550000000005,6,Gold,run_20260808_212843,2026-08-08T21:28:54.819066+00:00
C08084,42299.67,6042.8099999999995,7,Silver,run_20260808_212843,2026-08-08T21:28:54.819066+00:00
C08085,28313.12,4718.8533333333335,6,Gold,run_20260808_212843,2026-08-08T21:28:54.819066+00:00
C08086,80406.61,10050.82625,8,Platinum,run_20260808_212843,2026-08-08T21:28:54.819066+00:00
C08087,56009.74,9334.956666666667,6,Bronze,run_20260808_212843,2026-08-08T21:28:54.819066+00:00
C08088,76527.77,7652.777,10,Silver,run_20260808_212843,2026-08-08T21:28:54.819066+00:00
C08089,56415.340000000004,8059.334285714286,7,Platinum,run_20260808_212843,2026-08-08T21:28:54.819066+00:00
C08090,4999.83,2499.915,2,Bronze,run_20260808_212843,2026-08-08T21:28:54.819066+00:00
C08091,64122.439999999995,10687.073333333332,6,Gold,run_20260808_212843,2026-08-08T21:28:54.819066+00:00
C08092,20283.33,5070.8325,4,Silver,run_20260808_212843,2026-08-08T21:28:54.819066+00:00
C08093,16390.22,4097.555,4,Bronze,run_20260808_212843,2026-08-08T21:28:54.819066+00:00
C08094,74229.08,8247.675555555556,9,Gold,run_20260808_212843,2026-08-08T21:28:54.819066+00:00
C08095,50724.439999999995,7246.348571428571,7,Platinum,run_20260808_212843,2026-08-08T21:28:54.819066+00:00
C08096,32310.809999999998,4038.8512499999997,8,Platinum,run_20260808_212843,2026-08-08T21:28:54.819066+00:00
C08097,8996.83,2998.943333333333,3,Platinum,run_20260808_212843,2026-08-08T21:28:54.819066+00:00
C08098,36377.880000000005,6062.9800000000005,6,Silver,run_20260808_212843,2026-08-08T21:28:54.819066+00:00
C08099,57252.33,9542.055,6,Silver,run_20260808_212843,2026-08-08T21:28:54.819066+00:00
C08100,16089.25,8044.625,2,Gold,run_20260808_212843,2026-08-08T21:28:54.819066+00:00
C08101,24577.170000000002,4915.434,5,Bronze,run_20260808_212843,2026-08-08T21:28:54.819066+00:00
C08102,8400.84,8400.84,1,Gold,run_20260808_212843,2026-08-08T21:28:54.819066+00:00
C08103,39595.96000000001,19797.980000000003,2,Bronze,run_20260808_212843,2026-08-08T21:28:54.819066+00:00
C08104,27388.019999999997,6847.004999999999,4,Bronze,run_20260808_212843,2026-08-08T21:28:54.819066+00:00
C08105,72242.76999999999,10320.395714285713,7,Bronze,run_20260808_212843,2026-08-08T21:28:54.819066+00:00
C08106,58392.01,7299.00125,8,Gold,run_20260808_212843,2026-08-08T21:28:54.819066+00:00
C08107,75847.04,10835.291428571427,7,Silver,run_20260808_212843,2026-08-08T21:28:54.819066+00:00
C08108,15882.58,3176.516,5,Bronze,run_20260808_212843,2026-08-08T21:28:54.819066+00:00
C08109,69342.3,13868.460000000001,5,Gold,run_20260808_212843,2026-08-08T21:28:54.819066+00:00
C08110,20576.739999999998,6858.913333333333,3,Silver,run_20260808_212843,2026-08-08T21:28:54.819066+00:00
C08111,5667.11,2833.555,2,Gold,run_20260808_212843,2026-08-08T21:28:54.819066+00:00
C08112,62217.81,8888.25857142857,7,Platinum,run_20260808_212843,2026-08-08T21:28:54.819066+00:00
C08113,51555.74,8592.623333333333,6,Bronze,run_20260808_212843,2026-08-08T21:28:54.819066+00:00
C08114,47920.08,6845.725714285714,7,Gold,run_20260808_212843,2026-08-08T21:28:54.819066+00:00
C08115,51819.97,12954.9925,4,Bronze,run_20260808_212843,2026-08-08T21:28:54.819066+00:00
C08116,38182.3,6363.716666666667,6,Silver,run_20260808_212843,2026-08-08T21:28:54.819066+00:00
C08117,11011.86,5505.93,2,Platinum,run_20260808_212843,2026-08-08T21:28:54.819066+00:00
C08118,45371.340000000004,7561.89,6,Platinum,run_20260808_212843,2026-08-08T21:28:54.819066+00:00
C08119,24956.84,6239.21,4,Gold,run_20260808_212843,2026-08-08T21:28:54.819066+00:00
C08120,70600.51,10085.787142857142,7,Gold,run_20260808_212843,2026-08-08T21:28:54.819066+00:00
C08121,54398.52,10879.704,5,Silver,run_20260808_212843,2026-08-08T21:28:54.819066+00:00
C08122,38396.22,5485.174285714286,7,Silver,run_20260808_212843,2026-08-08T21:28:54.819066+00:00
C08123,72587.63,14517.526000000002,5,Bronze,run_20260808_212843,2026-08-08T21:28:54.819066+00:00
C08124,66483.45,11080.574999999999,6,Platinum,run_20260808_212843,2026-08-08T21:28:54.819066+00:00
C08125,44779.61,6397.087142857143,7,Bronze,run_20260808_212843,2026-08-08T21:28:54.819066+00:00
C08126,53969.33,7709.904285714286,7,Platinum,run_20260808_212843,2026-08-08T21:28:54.819066+00:00
C08127,55910.47,11182.094000000001,5,Gold,run_20260808_212843,2026-08-08T21:28:54.819066+00:00
C08128,42737.83,8547.566,5,Silver,run_20260808_212843,2026-08-08T21:28:54.819066+00:00
C08129,28016.32,5603.264,5,Gold,run_20260808_212843,2026-08-08T21:28:54.819066+00:00
C08130,102781.98,10278.198,10,Silver,run_20260808_212843,2026-08-08T21:28:54.819066+00:00
C08131,56992.25,5699.225,10,Platinum,run_20260808_212843,2026-08-08T21:28:54.819066+00:00
C08132,31087.14,5181.19,6,Platinum,run_20260808_212843,2026-08-08T21:28:54.819066+00:00
C08133,52043.049999999996,8673.841666666665,6,Silver,run_20260808_212843,2026-08-08T21:28:54.819066+00:00
C08134,51921.5,6490.1875,8,Gold,run_20260808_212843,2026-08-08T21:28:54.819066+00:00
C08135,21825.2,5456.3,4,Silver,run_20260808_212843,2026-08-08T21:28:54.819066+00:00
C08136,29542.160000000003,5908.432000000001,5,Bronze,run_20260808_212843,2026-08-08T21:28:54.819066+00:00
C08137,41217.87,8243.574,5,Gold,run_20260808_212843,2026-08-08T21:28:54.819066+00:00
C08138,39749.25,5678.464285714285,7,Gold,run_20260808_212843,2026-08-08T21:28:54.819066+00:00
C08139,1010.88,1010.88,1,Bronze,run_20260808_212843,2026-08-08T21:28:54.819066+00:00
C08140,17187.68,8593.84,2,Gold,run_20260808_212843,2026-08-08T21:28:54.819066+00:00
C08141,30906.260000000002,7726.5650000000005,4,Platinum,run_20260808_212843,2026-08-08T21:28:54.819066+00:00
C08142,24922.67,4984.534,5,Silver,run_20260808_212843,2026-08-08T21:28:54.819066+00:00
C08143,1481.42,1481.42,1,Platinum,run_20260808_212843,2026-08-08T21:28:54.819066+00:00
C08144,32471.589999999997,5411.931666666666,6,Gold,run_20260808_212843,2026-08-08T21:28:54.819066+00:00
C08145,12780.18,3195.045,4,Platinum,run_20260808_212843,2026-08-08T21:28:54.819066+00:00
C08146,71963.97,8995.49625,8,Bronze,run_20260808_212843,2026-08-08T21:28:54.819066+00:00
C08147,61549.100000000006,10258.183333333334,6,Gold,run_20260808_212843,2026-08-08T21:28:54.819066+00:00
C08148,39802.479999999996,9950.619999999999,4,Silver,run_20260808_212843,2026-08-08T21:28:54.819066+00:00
C08149,7641.74,1910.435,4,Silver,run_20260808_212843,2026-08-08T21:28:54.819066+00:00
C08150,19443.95,19443.95,1,Silver,run_20260808_212843,2026-08-08T21:28:54.819066+00:00
C08151,35309.06,4413.6325,8,Bronze,run_20260808_212843,2026-08-08T21:28:54.819066+00:00
C08152,30270.690000000002,6054.138000000001,5,Silver,run_20260808_212843,2026-08-08T21:28:54.819066+00:00
C08153,33654.41,6730.8820000000005,5,Platinum,run_20260808_212843,2026-08-08T21:28:54.819066+00:00
C08154,62666.98,12533.396,5,Platinum,run_20260808_212843,2026-08-08T21:28:54.819066+00:00
C08155,76337.18,12722.863333333333,6,Gold,run_20260808_212843,2026-08-08T21:28:54.819066+00:00
C08156,48596.19,6942.312857142858,7,Silver,run_20260808_212843,2026-08-08T21:28:54.819066+00:00
C08157,23630.22,11815.11,2,Bronze,run_20260808_212843,2026-08-08T21:28:54.819066+00:00
C08158,63959.51,10659.918333333333,6,Platinum,run_20260808_212843,2026-08-08T21:28:54.819066+00:00
C08159,1983.06,1983.06,1,Gold,run_20260808_212843,2026-08-08T21:28:54.819066+00:00
C08160,22358.96,5589.74,4,Platinum,run_20260808_212843,2026-08-08T21:28:54.819066+00:00
C08161,73509.92,9188.74,8,Platinum,run_20260808_212843,2026-08-08T21:28:54.819066+00:00
C08162,41130.89,6855.1483333333335,6,Gold,run_20260808_212843,2026-08-08T21:28:54.819066+00:00
C08163,60009.9,8572.842857142858,7,Platinum,run_20260808_212843,2026-08-08T21:28:54.819066+00:00
C08164,62067.39,10344.565,6,Platinum,run_20260808_212843,2026-08-08T21:28:54.819066+00:00
C08165,12428.52,3107.13,4,Bronze,run_20260808_212843,2026-08-08T21:28:54.819066+00:00
C08166,21525.25,21525.25,1,Gold,run_20260808_212843,2026-08-08T21:28:54.819066+00:00
C08167,28936.2,9645.4,3,Gold,run_20260808_212843,2026-08-08T21:28:54.819066+00:00
C08168,54244.759999999995,7749.251428571428,7,Silver,run_20260808_212843,2026-08-08T21:28:54.819066+00:00
C08169,18077.239999999998,6025.746666666666,3,Platinum,run_20260808_212843,2026-08-08T21:28:54.819066+00:00
C08170,27681.11,3954.444285714286,7,Bronze,run_20260808_212843,2026-08-08T21:28:54.819066+00:00
C08171,59494.31,8499.187142857143,7,Silver,run_20260808_212843,2026-08-08T21:28:54.819066+00:00
C08172,46910.8,6701.542857142857,7,Gold,run_20260808_212843,2026-08-08T21:28:54.819066+00:00
C08173,46990.1,9398.02,5,Bronze,run_20260808_212843,2026-08-08T21:28:54.819066+00:00
C08174,33026.22,6605.244000000001,5,Gold,run_20260808_212843,2026-08-08T21:28:54.819066+00:00
C08175,46100.42,11525.105,4,Platinum,run_20260808_212843,2026-08-08T21:28:54.819066+00:00
C08176,27349.82,6837.455,4,Silver,run_20260808_212843,2026-08-08T21:28:54.819066+00:00
C08177,63835.52,7979.44,8,Silver,run_20260808_212843,2026-08-08T21:28:54.819066+00:00
C08178,19137.18,4784.295,4,Platinum,run_20260808_212843,2026-08-08T21:28:54.819066+00:00
C08179,47839.95,9567.99,5,Platinum,run_20260808_212843,2026-08-08T21:28:54.819066+00:00
C08180,61645.87,8806.552857142857,7,Gold,run_20260808_212843,2026-08-08T21:28:54.819066+00:00
C08181,24876.53,6219.1325,4,Silver,run_20260808_212843,2026-08-08T21:28:54.819066+00:00
C08182,47653.8,6807.685714285714,7,Silver,run_20260808_212843,2026-08-08T21:28:54.819066+00:00
C08183,39626.71,6604.451666666667,6,Silver,run_20260808_212843,2026-08-08T21:28:54.819066+00:00
C08184,44212.47,8842.494,5,Silver,run_20260808_212843,2026-08-08T21:28:54.819066+00:00
C08185,24933.3,12466.65,2,Bronze,run_20260808_212843,2026-08-08T21:28:54.819066+00:00
C08186,30538.47,10179.49,3,Gold,run_20260808_212843,2026-08-08T21:28:54.819066+00:00
C08187,51198.55,8533.091666666667,6,Bronze,run_20260808_212843,2026-08-08T21:28:54.819066+00:00
C08188,47899.490000000005,5322.165555555556,9,Silver,run_20260808_212843,2026-08-08T21:28:54.819066+00:00
C08189,23961.88,5990.47,4,Platinum,run_20260808_212843,2026-08-08T21:28:54.819066+00:00
C08190,24388.6,8129.533333333333,3,Platinum,run_20260808_212843,2026-08-08T21:28:54.819066+00:00
C08191,23553.54,7851.18,3,Silver,run_20260808_212843,2026-08-08T21:28:54.819066+00:00
C08192,42891.56,5361.445,8,Bronze,run_20260808_212843,2026-08-08T21:28:54.819066+00:00
C08193,19858.56,19858.56,1,Bronze,run_20260808_212843,2026-08-08T21:28:54.819066+00:00
C08194,22760.22,7586.740000000001,3,Gold,run_20260808_212843,2026-08-08T21:28:54.819066+00:00
C08195,46027.119999999995,11506.779999999999,4,Platinum,run_20260808_212843,2026-08-08T21:28:54.819066+00:00
C08196,69486.39,8685.79875,8,Silver,run_20260808_212843,2026-08-08T21:28:54.819066+00:00
C08197,46729.35,11682.3375,4,Bronze,run_20260808_212843,2026-08-08T21:28:54.819066+00:00
C08198,12075.0,6037.5,2,Bronze,run_20260808_212843,2026-08-08T21:28:54.819066+00:00
C08199,58538.29,9756.381666666666,6,Gold,run_20260808_212843,2026-08-08T21:28:54.819066+00:00
C08200,45349.44,7558.240000000001,6,Platinum,run_20260808_212843,2026-08-08T21:28:54.819066+00:00
C08201,14812.95,4937.650000000001,3,Silver,run_20260808_212843,2026-08-08T21:28:54.819066+00:00
C08202,43648.18,6235.454285714286,7,Platinum,run_20260808_212843,2026-08-08T21:28:54.819066+00:00
C08203,52127.82,7446.831428571429,7,Silver,run_20260808_212843,2026-08-08T21:28:54.819066+00:00
C08204,12859.43,6429.715,2,Bronze,run_20260808_212843,2026-08-08T21:28:54.819066+00:00
C08205,71561.7,8945.2125,8,Bronze,run_20260808_212843,2026-08-08T21:28:54.819066+00:00
C08206,15081.05,5027.016666666666,3,Silver,run_20260808_212843,2026-08-08T21:28:54.819066+00:00
C08207,20537.61,6845.87,3,Platinum,run_20260808_212843,2026-08-08T21:28:54.819066+00:00
C08208,14087.94,4695.9800000000005,3,Platinum,run_20260808_212843,2026-08-08T21:28:54.819066+00:00
C08209,97306.56,9730.655999999999,10,Gold,run_20260808_212843,2026-08-08T21:28:54.819066+00:00
C08210,51284.29,7326.327142857143,7,Silver,run_20260808_212843,2026-08-08T21:28:54.819066+00:00
C08211,7919.72,3959.86,2,Platinum,run_20260808_212843,2026-08-08T21:28:54.819066+00:00
C08212,79033.70999999999,11290.529999999999,7,Bronze,run_20260808_212843,2026-08-08T21:28:54.819066+00:00
C08213,57627.24,11525.448,5,Platinum,run_20260808_212843,2026-08-08T21:28:54.819066+00:00
C08214,32809.29,4687.041428571429,7,Platinum,run_20260808_212843,2026-08-08T21:28:54.819066+00:00
C08215,9180.880000000001,4590.4400000000005,2,Gold,run_20260808_212843,2026-08-08T21:28:54.819066+00:00
C08216,718.7,718.7,1,Platinum,run_20260808_212843,2026-08-08T21:28:54.819066+00:00
C08217,91332.61,8302.964545454546,11,Gold,run_20260808_212843,2026-08-08T21:28:54.819066+00:00
C08218,41845.11,8369.022,5,Bronze,run_20260808_212843,2026-08-08T21:28:54.819066+00:00
C08219,21554.739999999998,4310.947999999999,5,Bronze,run_20260808_212843,2026-08-08T21:28:54.819066+00:00
C08220,32278.61,8069.6525,4,Bronze,run_20260808_212843,2026-08-08T21:28:54.819066+00:00
C08221,36196.670000000006,9049.167500000001,4,Bronze,run_20260808_212843,2026-08-08T21:28:54.819066+00:00
C08222,41177.5,6862.916666666667,6,Bronze,run_20260808_212843,2026-08-08T21:28:54.819066+00:00
C08223,58662.92,8380.417142857143,7,Platinum,run_20260808_212843,2026-08-08T21:28:54.819066+00:00
C08224,42555.56999999999,8511.113999999998,5,Silver,run_20260808_212843,2026-08-08T21:28:54.819066+00:00
C08225,62401.67,6933.518888888889,9,Bronze,run_20260808_212843,2026-08-08T21:28:54.819066+00:00
C08226,45053.67,7508.945,6,Platinum,run_20260808_212843,2026-08-08T21:28:54.819066+00:00
C08227,70773.25,10110.464285714286,7,Gold,run_20260808_212843,2026-08-08T21:28:54.819066+00:00
C08228,21117.58,7039.193333333334,3,Bronze,run_20260808_212843,2026-08-08T21:28:54.819066+00:00
C08229,28573.45,5714.6900000000005,5,Silver,run_20260808_212843,2026-08-08T21:28:54.819066+00:00
C08230,14866.75,7433.375,2,Platinum,run_20260808_212843,2026-08-08T21:28:54.819066+00:00
C08231,33026.57,6605.314,5,Platinum,run_20260808_212843,2026-08-08T21:28:54.819066+00:00
C08232,5167.26,2583.63,2,Platinum,run_20260808_212843,2026-08-08T21:28:54.819066+00:00
C08233,41178.74,8235.748,5,Gold,run_20260808_212843,2026-08-08T21:28:54.819066+00:00
C08234,17680.300000000003,8840.150000000001,2,Silver,run_20260808_212843,2026-08-08T21:28:54.819066+00:00
C08235,28993.68,5798.736,5,Bronze,run_20260808_212843,2026-08-08T21:28:54.819066+00:00
C08236,48507.54,8084.59,6,Gold,run_20260808_212843,2026-08-08T21:28:54.819066+00:00
C08237,25165.59,8388.53,3,Bronze,run_20260808_212843,2026-08-08T21:28:54.819066+00:00
C08238,27623.699999999997,6905.924999999999,4,Silver,run_20260808_212843,2026-08-08T21:28:54.819066+00:00
C08239,59386.22,8483.745714285715,7,Platinum,run_20260808_212843,2026-08-08T21:28:54.819066+00:00
C08240,38251.99,7650.397999999999,5,Bronze,run_20260808_212843,2026-08-08T21:28:54.819066+00:00
C08241,37258.5,9314.625,4,Platinum,run_20260808_212843,2026-08-08T21:28:54.819066+00:00
C08242,30234.85,7558.7125,4,Platinum,run_20260808_212843,2026-08-08T21:28:54.819066+00:00
C08243,32298.12,8074.53,4,Bronze,run_20260808_212843,2026-08-08T21:28:54.819066+00:00
C08244,9158.01,2289.5025,4,Bronze,run_20260808_212843,2026-08-08T21:28:54.819066+00:00
C08245,89337.17,12762.452857142856,7,Silver,run_20260808_212843,2026-08-08T21:28:54.819066+00:00
C08246,44402.59,8880.518,5,Bronze,run_20260808_212843,2026-08-08T21:28:54.819066+00:00
C08247,30919.25,6183.85,5,Silver,run_20260808_212843,2026-08-08T21:28:54.819066+00:00
C08248,20627.46,5156.865,4,Silver,run_20260808_212843,2026-08-08T21:28:54.819066+00:00
C08249,21557.87,4311.574,5,Bronze,run_20260808_212843,2026-08-08T21:28:54.819066+00:00
C08250,85327.32,6563.64,13,Platinum,run_20260808_212843,2026-08-08T21:28:54.819066+00:00
C08251,2765.15,1382.575,2,Gold,run_20260808_212843,2026-08-08T21:28:54.819066+00:00
C08252,44108.21,8821.642,5,Bronze,run_20260808_212843,2026-08-08T21:28:54.819066+00:00
C08253,36681.729999999996,9170.432499999999,4,Bronze,run_20260808_212843,2026-08-08T21:28:54.819066+00:00
C08254,2691.57,2691.57,1,Silver,run_20260808_212843,2026-08-08T21:28:54.819066+00:00
C08255,25243.04,6310.76,4,Silver,run_20260808_212843,2026-08-08T21:28:54.819066+00:00
C08256,25207.46,6301.865,4,Silver,run_20260808_212843,2026-08-08T21:28:54.819066+00:00
C08257,39534.08,9883.52,4,Bronze,run_20260808_212843,2026-08-08T21:28:54.819066+00:00
C08258,39013.18,9753.295,4,Gold,run_20260808_212843,2026-08-08T21:28:54.819066+00:00
C08259,57483.53,11496.706,5,Bronze,run_20260808_212843,2026-08-08T21:28:54.819066+00:00
C08260,10608.66,5304.33,2,Bronze,run_20260808_212843,2026-08-08T21:28:54.819066+00:00
C08261,44650.369999999995,14883.456666666665,3,Bronze,run_20260808_212843,2026-08-08T21:28:54.819066+00:00
C08262,31769.97,6353.994000000001,5,Gold,run_20260808_212843,2026-08-08T21:28:54.819066+00:00
C08263,31251.46,6250.2919999999995,5,Gold,run_20260808_212843,2026-08-08T21:28:54.819066+00:00
C08264,62914.26,8987.75142857143,7,Silver,run_20260808_212843,2026-08-08T21:28:54.819066+00:00
C08265,42493.75,8498.75,5,Platinum,run_20260808_212843,2026-08-08T21:28:54.819066+00:00
C08266,53860.98,5386.098,10,Bronze,run_20260808_212843,2026-08-08T21:28:54.819066+00:00
C08267,67259.20999999999,9608.45857142857,7,Silver,run_20260808_212843,2026-08-08T21:28:54.819066+00:00
C08268,27307.89,5461.5779999999995,5,Gold,run_20260808_212843,2026-08-08T21:28:54.819066+00:00
C08269,45970.369999999995,9194.073999999999,5,Bronze,run_20260808_212843,2026-08-08T21:28:54.819066+00:00
C08270,14934.61,3733.6525,4,Gold,run_20260808_212843,2026-08-08T21:28:54.819066+00:00
C08271,28744.44,2874.444,10,Platinum,run_20260808_212843,2026-08-08T21:28:54.819066+00:00
C08272,22168.46,5542.115,4,Silver,run_20260808_212843,2026-08-08T21:28:54.819066+00:00
C08273,20923.9,6974.633333333334,3,Platinum,run_20260808_212843,2026-08-08T21:28:54.819066+00:00
C08274,20303.899999999998,4060.7799999999997,5,Gold,run_20260808_212843,2026-08-08T21:28:54.819066+00:00
C08275,50079.41,10015.882000000001,5,Gold,run_20260808_212843,2026-08-08T21:28:54.819066+00:00
C08276,25534.420000000002,4255.736666666667,6,Silver,run_20260808_212843,2026-08-08T21:28:54.819066+00:00
C08277,10871.65,5435.825,2,Bronze,run_20260808_212843,2026-08-08T21:28:54.819066+00:00
C08278,28709.13,5741.826,5,Bronze,run_20260808_212843,2026-08-08T21:28:54.819066+00:00
C08279,66766.36,9538.051428571429,7,Silver,run_20260808_212843,2026-08-08T21:28:54.819066+00:00
C08280,80423.48,8935.942222222222,9,Bronze,run_20260808_212843,2026-08-08T21:28:54.819066+00:00
C08281,27729.58,13864.79,2,Silver,run_20260808_212843,2026-08-08T21:28:54.819066+00:00
C08282,68621.9,6862.19,10,Silver,run_20260808_212843,2026-08-08T21:28:54.819066+00:00
C08283,43623.62,10905.905,4,Gold,run_20260808_212843,2026-08-08T21:28:54.819066+00:00
C08284,52526.770000000004,5836.307777777778,9,Silver,run_20260808_212843,2026-08-08T21:28:54.819066+00:00
C08285,38747.28,4843.41,8,Silver,run_20260808_212843,2026-08-08T21:28:54.819066+00:00
C08286,72468.78,10352.682857142858,7,Silver,run_20260808_212843,2026-08-08T21:28:54.819066+00:00
C08287,7355.98,3677.99,2,Gold,run_20260808_212843,2026-08-08T21:28:54.819066+00:00
C08288,82393.1,9154.78888888889,9,Gold,run_20260808_212843,2026-08-08T21:28:54.819066+00:00
C08289,46503.5,7750.583333333333,6,Silver,run_20260808_212843,2026-08-08T21:28:54.819066+00:00
C08290,41523.55,10380.8875,4,Platinum,run_20260808_212843,2026-08-08T21:28:54.819066+00:00
C08291,71199.08,14239.816,5,Bronze,run_20260808_212843,2026-08-08T21:28:54.819066+00:00
C08292,47861.72,6837.388571428572,7,Gold,run_20260808_212843,2026-08-08T21:28:54.819066+00:00
C08293,19309.54,6436.513333333333,3,Gold,run_20260808_212843,2026-08-08T21:28:54.819066+00:00
C08294,50298.76,8383.126666666667,6,Platinum,run_20260808_212843,2026-08-08T21:28:54.819066+00:00
C08295,56282.35,6253.594444444444,9,Silver,run_20260808_212843,2026-08-08T21:28:54.819066+00:00
C08296,10362.12,3454.0400000000004,3,Platinum,run_20260808_212843,2026-08-08T21:28:54.819066+00:00
C08297,44329.53,8865.905999999999,5,Platinum,run_20260808_212843,2026-08-08T21:28:54.819066+00:00
C08298,54463.42,7780.488571428571,7,Bronze,run_20260808_212843,2026-08-08T21:28:54.819066+00:00
C08299,38971.74,6495.29,6,Gold,run_20260808_212843,2026-08-08T21:28:54.819066+00:00
C08300,69818.91,9974.130000000001,7,Platinum,run_20260808_212843,2026-08-08T21:28:54.819066+00:00
C08301,8075.21,2691.7366666666667,3,Silver,run_20260808_212843,2026-08-08T21:28:54.819066+00:00
C08302,33107.85,6621.57,5,Silver,run_20260808_212843,2026-08-08T21:28:54.819066+00:00
C08303,21661.22,5415.305,4,Bronze,run_20260808_212843,2026-08-08T21:28:54.819066+00:00
C08304,25245.89,4207.6483333333335,6,Gold,run_20260808_212843,2026-08-08T21:28:54.819066+00:00
C08305,9420.56,9420.56,1,Silver,run_20260808_212843,2026-08-08T21:28:54.819066+00:00
C08306,72368.13,9046.01625,8,Gold,run_20260808_212843,2026-08-08T21:28:54.819066+00:00
C08307,23055.85,3842.6416666666664,6,Silver,run_20260808_212843,2026-08-08T21:28:54.819066+00:00
C08308,37580.619999999995,9395.154999999999,4,Platinum,run_20260808_212843,2026-08-08T21:28:54.819066+00:00
C08309,14085.57,4695.19,3,Silver,run_20260808_212843,2026-08-08T21:28:54.819066+00:00
C08310,45349.67,9069.934,5,Gold,run_20260808_212843,2026-08-08T21:28:54.819066+00:00
C08311,28774.64,7193.66,4,Platinum,run_20260808_212843,2026-08-08T21:28:54.819066+00:00
C08313,61685.020000000004,8812.145714285714,7,Bronze,run_20260808_212843,2026-08-08T21:28:54.819066+00:00
C08314,39149.07,9787.2675,4,Silver,run_20260808_212843,2026-08-08T21:28:54.819066+00:00
C08315,63020.17,6302.017,10,Bronze,run_20260808_212843,2026-08-08T21:28:54.819066+00:00
C08316,45490.92,9098.184,5,Gold,run_20260808_212843,2026-08-08T21:28:54.819066+00:00
C08317,52905.11,7557.872857142857,7,Bronze,run_20260808_212843,2026-08-08T21:28:54.819066+00:00
C08318,51762.01,10352.402,5,Bronze,run_20260808_212843,2026-08-08T21:28:54.819066+00:00
C08319,61229.6,6803.288888888888,9,Platinum,run_20260808_212843,2026-08-08T21:28:54.819066+00:00
C08320,31256.61,10418.87,3,Bronze,run_20260808_212843,2026-08-08T21:28:54.819066+00:00
C08321,63802.67,12760.534,5,Gold,run_20260808_212843,2026-08-08T21:28:54.819066+00:00
C08322,15023.9,5007.966666666666,3,Bronze,run_20260808_212843,2026-08-08T21:28:54.819066+00:00
C08323,46590.0,5823.75,8,Gold,run_20260808_212843,2026-08-08T21:28:54.819066+00:00
C08324,69102.53,7678.058888888889,9,Gold,run_20260808_212843,2026-08-08T21:28:54.819066+00:00
C08325,29319.739999999998,9773.246666666666,3,Gold,run_20260808_212843,2026-08-08T21:28:54.819066+00:00
C08326,42020.39,7003.3983333333335,6,Silver,run_20260808_212843,2026-08-08T21:28:54.819066+00:00
C08327,30417.64,5069.606666666667,6,Silver,run_20260808_212843,2026-08-08T21:28:54.819066+00:00
C08328,8293.539999999999,4146.7699999999995,2,Gold,run_20260808_212843,2026-08-08T21:28:54.819066+00:00
C08329,83171.22,11881.602857142858,7,Bronze,run_20260808_212843,2026-08-08T21:28:54.819066+00:00
C08330,29864.55,4977.425,6,Bronze,run_20260808_212843,2026-08-08T21:28:54.819066+00:00
C08331,1195.64,1195.64,1,Platinum,run_20260808_212843,2026-08-08T21:28:54.819066+00:00
C08332,37789.95,5398.564285714286,7,Silver,run_20260808_212843,2026-08-08T21:28:54.819066+00:00
C08333,45473.27,11368.3175,4,Platinum,run_20260808_212843,2026-08-08T21:28:54.819066+00:00
C08334,70250.91,11708.485,6,Bronze,run_20260808_212843,2026-08-08T21:28:54.819066+00:00
C08335,42515.72,5314.465,8,Bronze,run_20260808_212843,2026-08-08T21:28:54.819066+00:00
C08336,37263.78,6210.63,6,Silver,run_20260808_212843,2026-08-08T21:28:54.819066+00:00
C08337,16931.66,5643.886666666666,3,Gold,run_20260808_212843,2026-08-08T21:28:54.819066+00:00
C08338,49349.17,9869.833999999999,5,Platinum,run_20260808_212843,2026-08-08T21:28:54.819066+00:00
C08339,16170.58,5390.193333333334,3,Bronze,run_20260808_212843,2026-08-08T21:28:54.819066+00:00
C08340,24850.579999999998,4970.116,5,Gold,run_20260808_212843,2026-08-08T21:28:54.819066+00:00
C08341,28260.340000000004,5652.068000000001,5,Gold,run_20260808_212843,2026-08-08T21:28:54.819066+00:00
C08342,37077.45,7415.49,5,Gold,run_20260808_212843,2026-08-08T21:28:54.819066+00:00
C08343,43421.520000000004,8684.304,5,Bronze,run_20260808_212843,2026-08-08T21:28:54.819066+00:00
C08344,15462.869999999999,3092.5739999999996,5,Bronze,run_20260808_212843,2026-08-08T21:28:54.819066+00:00
C08345,33285.46,6657.092,5,Silver,run_20260808_212843,2026-08-08T21:28:54.819066+00:00
C08346,37310.92,7462.183999999999,5,Gold,run_20260808_212843,2026-08-08T21:28:54.819066+00:00
C08347,52218.159999999996,13054.539999999999,4,Platinum,run_20260808_212843,2026-08-08T21:28:54.819066+00:00
C08348,31052.89,6210.5779999999995,5,Silver,run_20260808_212843,2026-08-08T21:28:54.819066+00:00
C08349,57600.03,6400.003333333333,9,Gold,run_20260808_212843,2026-08-08T21:28:54.819066+00:00
C08350,42851.73,7141.955000000001,6,Platinum,run_20260808_212843,2026-08-08T21:28:54.819066+00:00
C08351,34379.01,11459.67,3,Platinum,run_20260808_212843,2026-08-08T21:28:54.819066+00:00
C08352,54866.850000000006,10973.37,5,Silver,run_20260808_212843,2026-08-08T21:28:54.819066+00:00
C08353,18760.49,9380.245,2,Gold,run_20260808_212843,2026-08-08T21:28:54.819066+00:00
C08354,28272.46,14136.23,2,Bronze,run_20260808_212843,2026-08-08T21:28:54.819066+00:00
C08355,44967.98,7494.663333333334,6,Silver,run_20260808_212843,2026-08-08T21:28:54.819066+00:00
C08356,56845.12,8120.731428571429,7,Silver,run_20260808_212843,2026-08-08T21:28:54.819066+00:00
C08357,4463.4,1487.8,3,Silver,run_20260808_212843,2026-08-08T21:28:54.819066+00:00
C08358,37187.57,7437.514,5,Platinum,run_20260808_212843,2026-08-08T21:28:54.819066+00:00
C08359,30575.78,7643.945,4,Gold,run_20260808_212843,2026-08-08T21:28:54.819066+00:00
C08360,42026.57,7004.428333333333,6,Bronze,run_20260808_212843,2026-08-08T21:28:54.819066+00:00
C08361,46727.380000000005,7787.896666666667,6,Gold,run_20260808_212843,2026-08-08T21:28:54.819066+00:00
C08362,43007.53,10751.8825,4,Silver,run_20260808_212843,2026-08-08T21:28:54.819066+00:00
C08363,36525.46,5217.922857142857,7,Platinum,run_20260808_212843,2026-08-08T21:28:54.819066+00:00
C08364,43770.76,6252.965714285715,7,Platinum,run_20260808_212843,2026-08-08T21:28:54.819066+00:00
C08365,39098.58,7819.716,5,Silver,run_20260808_212843,2026-08-08T21:28:54.819066+00:00
C08366,52221.82,10444.364,5,Platinum,run_20260808_212843,2026-08-08T21:28:54.819066+00:00
C08367,11697.98,3899.3266666666664,3,Gold,run_20260808_212843,2026-08-08T21:28:54.819066+00:00
C08368,24355.52,8118.506666666667,3,Platinum,run_20260808_212843,2026-08-08T21:28:54.819066+00:00
C08369,77460.71,8606.745555555557,9,Gold,run_20260808_212843,2026-08-08T21:28:54.819066+00:00
C08370,55661.6,9276.933333333332,6,Gold,run_20260808_212843,2026-08-08T21:28:54.819066+00:00
C08371,57178.18,9529.696666666667,6,Platinum,run_20260808_212843,2026-08-08T21:28:54.819066+00:00
C08372,19297.27,3859.454,5,Silver,run_20260808_212843,2026-08-08T21:28:54.819066+00:00
C08373,28692.07,4098.867142857142,7,Gold,run_20260808_212843,2026-08-08T21:28:54.819066+00:00
C08374,30772.44,6154.487999999999,5,Bronze,run_20260808_212843,2026-08-08T21:28:54.819066+00:00
C08375,73753.34,6704.849090909091,11,Gold,run_20260808_212843,2026-08-08T21:28:54.819066+00:00
C08376,19524.66,6508.22,3,Platinum,run_20260808_212843,2026-08-08T21:28:54.819066+00:00
C08377,30802.899999999998,10267.633333333333,3,Gold,run_20260808_212843,2026-08-08T21:28:54.819066+00:00
C08378,15061.539999999999,5020.513333333333,3,Bronze,run_20260808_212843,2026-08-08T21:28:54.819066+00:00
C08379,50805.99,10161.198,5,Bronze,run_20260808_212843,2026-08-08T21:28:54.819066+00:00
C08380,15322.6,15322.6,1,Bronze,run_20260808_212843,2026-08-08T21:28:54.819066+00:00
C08381,35396.18,7079.236,5,Silver,run_20260808_212843,2026-08-08T21:28:54.819066+00:00
C08382,67833.01,11305.501666666665,6,Bronze,run_20260808_212843,2026-08-08T21:28:54.819066+00:00
C08383,56310.22,9385.036666666667,6,Silver,run_20260808_212843,2026-08-08T21:28:54.819066+00:00
C08384,67728.6,8466.075,8,Bronze,run_20260808_212843,2026-08-08T21:28:54.819066+00:00
C08385,26521.67,4420.278333333333,6,Bronze,run_20260808_212843,2026-08-08T21:28:54.819066+00:00
C08386,20555.719999999998,6851.906666666666,3,Gold,run_20260808_212843,2026-08-08T21:28:54.819066+00:00
C08387,7268.05,3634.025,2,Platinum,run_20260808_212843,2026-08-08T21:28:54.819066+00:00
C08388,47603.97,7933.995,6,Bronze,run_20260808_212843,2026-08-08T21:28:54.819066+00:00
C08389,17500.72,5833.573333333334,3,Platinum,run_20260808_212843,2026-08-08T21:28:54.819066+00:00
C08390,69736.45,8717.05625,8,Silver,run_20260808_212843,2026-08-08T21:28:54.819066+00:00
C08391,20394.36,10197.18,2,Platinum,run_20260808_212843,2026-08-08T21:28:54.819066+00:00
C08393,74498.71,7449.871000000001,10,Bronze,run_20260808_212843,2026-08-08T21:28:54.819066+00:00
C08394,41380.26,8276.052,5,Platinum,run_20260808_212843,2026-08-08T21:28:54.819066+00:00
C08395,3750.2,3750.2,1,Bronze,run_20260808_212843,2026-08-08T21:28:54.819066+00:00
C08396,18537.38,4634.345,4,Silver,run_20260808_212843,2026-08-08T21:28:54.819066+00:00
C08397,46434.840000000004,11608.710000000001,4,Bronze,run_20260808_212843,2026-08-08T21:28:54.819066+00:00
C08398,60337.59,12067.518,5,Platinum,run_20260808_212843,2026-08-08T21:28:54.819066+00:00
C08399,60727.41,8675.344285714285,7,Gold,run_20260808_212843,2026-08-08T21:28:54.819066+00:00
C08400,56164.15,7020.51875,8,Silver,run_20260808_212843,2026-08-08T21:28:54.819066+00:00
C08401,13328.34,6664.17,2,Bronze,run_20260808_212843,2026-08-08T21:28:54.819066+00:00
C08402,59586.880000000005,9931.146666666667,6,Platinum,run_20260808_212843,2026-08-08T21:28:54.819066+00:00
C08403,73811.58,8201.286666666667,9,Silver,run_20260808_212843,2026-08-08T21:28:54.819066+00:00
C08404,19289.83,3857.9660000000003,5,Silver,run_20260808_212843,2026-08-08T21:28:54.819066+00:00
C08405,41920.509999999995,6986.751666666666,6,Silver,run_20260808_212843,2026-08-08T21:28:54.819066+00:00
C08406,102197.8,9290.709090909091,11,Bronze,run_20260808_212843,2026-08-08T21:28:54.819066+00:00
C08407,31337.7,7834.425,4,Gold,run_20260808_212843,2026-08-08T21:28:54.819066+00:00
C08408,45680.08,9136.016,5,Silver,run_20260808_212843,2026-08-08T21:28:54.819066+00:00
C08409,77604.36,9700.545,8,Gold,run_20260808_212843,2026-08-08T21:28:54.819066+00:00
C08410,29410.769999999997,9803.589999999998,3,Bronze,run_20260808_212843,2026-08-08T21:28:54.819066+00:00
C08411,24192.02,8064.006666666667,3,Platinum,run_20260808_212843,2026-08-08T21:28:54.819066+00:00
C08412,55231.479999999996,11046.295999999998,5,Platinum,run_20260808_212843,2026-08-08T21:28:54.819066+00:00
C08413,31451.129999999997,15725.564999999999,2,Platinum,run_20260808_212843,2026-08-08T21:28:54.819066+00:00
C08414,95698.86,7974.905,12,Silver,run_20260808_212843,2026-08-08T21:28:54.819066+00:00
C08415,8912.03,4456.015,2,Gold,run_20260808_212843,2026-08-08T21:28:54.819066+00:00
C08416,93281.78,8480.161818181818,11,Bronze,run_20260808_212843,2026-08-08T21:28:54.819066+00:00
C08417,62771.659999999996,12554.331999999999,5,Gold,run_20260808_212843,2026-08-08T21:28:54.819066+00:00
C08418,35884.9,8971.225,4,Silver,run_20260808_212843,2026-08-08T21:28:54.819066+00:00
C08419,23487.69,7829.23,3,Bronze,run_20260808_212843,2026-08-08T21:28:54.819066+00:00
C08420,17366.39,8683.195,2,Gold,run_20260808_212843,2026-08-08T21:28:54.819066+00:00
C08421,23897.6,7965.866666666666,3,Gold,run_20260808_212843,2026-08-08T21:28:54.819066+00:00
C08422,44024.45,6289.207142857143,7,Platinum,run_20260808_212843,2026-08-08T21:28:54.819066+00:00
C08423,45890.73,15296.910000000002,3,Gold,run_20260808_212843,2026-08-08T21:28:54.819066+00:00
C08424,42770.7,14256.9,3,Gold,run_20260808_212843,2026-08-08T21:28:54.819066+00:00
C08425,27307.260000000002,9102.42,3,Silver,run_20260808_212843,2026-08-08T21:28:54.819066+00:00
C08426,33897.79,6779.558,5,Bronze,run_20260808_212843,2026-08-08T21:28:54.819066+00:00
C08427,25961.22,8653.74,3,Platinum,run_20260808_212843,2026-08-08T21:28:54.819066+00:00
C08428,19036.2,3807.2400000000002,5,Silver,run_20260808_212843,2026-08-08T21:28:54.819066+00:00
C08429,29002.32,9667.44,3,Gold,run_20260808_212843,2026-08-08T21:28:54.819066+00:00
C08430,3641.48,1820.74,2,Bronze,run_20260808_212843,2026-08-08T21:28:54.819066+00:00
C08431,75155.89,6832.353636363637,11,Platinum,run_20260808_212843,2026-08-08T21:28:54.819066+00:00
C08432,75646.42,10806.631428571429,7,Platinum,run_20260808_212843,2026-08-08T21:28:54.819066+00:00
C08433,8604.720000000001,4302.360000000001,2,Bronze,run_20260808_212843,2026-08-08T21:28:54.819066+00:00
C08434,21455.54,7151.846666666667,3,Gold,run_20260808_212843,2026-08-08T21:28:54.819066+00:00
C08435,45611.560000000005,5701.445000000001,8,Bronze,run_20260808_212843,2026-08-08T21:28:54.819066+00:00
C08436,14121.64,7060.82,2,Platinum,run_20260808_212843,2026-08-08T21:28:54.819066+00:00
C08437,17081.649999999998,4270.412499999999,4,Gold,run_20260808_212843,2026-08-08T21:28:54.819066+00:00
C08438,19022.77,6340.923333333333,3,Gold,run_20260808_212843,2026-08-08T21:28:54.819066+00:00
C08439,30402.37,10134.123333333333,3,Gold,run_20260808_212843,2026-08-08T21:28:54.819066+00:00
C08440,36582.149999999994,12194.049999999997,3,Bronze,run_20260808_212843,2026-08-08T21:28:54.819066+00:00
C08441,27257.98,6814.495,4,Bronze,run_20260808_212843,2026-08-08T21:28:54.819066+00:00
C08442,15479.699999999999,7739.849999999999,2,Gold,run_20260808_212843,2026-08-08T21:28:54.819066+00:00
C08443,25330.41,3166.30125,8,Silver,run_20260808_212843,2026-08-08T21:28:54.819066+00:00
C08444,15564.16,2594.0266666666666,6,Platinum,run_20260808_212843,2026-08-08T21:28:54.819066+00:00
C08445,35384.520000000004,7076.904,5,Gold,run_20260808_212843,2026-08-08T21:28:54.819066+00:00
C08446,37446.229999999996,7489.245999999999,5,Bronze,run_20260808_212843,2026-08-08T21:28:54.819066+00:00
C08447,57142.47,11428.494,5,Bronze,run_20260808_212843,2026-08-08T21:28:54.819066+00:00
C08448,46117.09,7686.181666666666,6,Platinum,run_20260808_212843,2026-08-08T21:28:54.819066+00:00
C08449,87738.97,10967.37125,8,Platinum,run_20260808_212843,2026-08-08T21:28:54.819066+00:00
C08450,39493.95,7898.789999999999,5,Silver,run_20260808_212843,2026-08-08T21:28:54.819066+00:00
C08451,44721.42,8944.284,5,Bronze,run_20260808_212843,2026-08-08T21:28:54.819066+00:00
C08452,32750.72,8187.68,4,Silver,run_20260808_212843,2026-08-08T21:28:54.819066+00:00
C08453,43825.17,14608.39,3,Platinum,run_20260808_212843,2026-08-08T21:28:54.819066+00:00
C08454,21249.68,7083.2266666666665,3,Bronze,run_20260808_212843,2026-08-08T21:28:54.819066+00:00
C08455,43620.68,7270.113333333334,6,Platinum,run_20260808_212843,2026-08-08T21:28:54.819066+00:00
C08456,45016.6,7502.766666666666,6,Bronze,run_20260808_212843,2026-08-08T21:28:54.819066+00:00
C08457,90026.65,12860.949999999999,7,Silver,run_20260808_212843,2026-08-08T21:28:54.819066+00:00
C08458,64095.77,8011.97125,8,Gold,run_20260808_212843,2026-08-08T21:28:54.819066+00:00
C08459,26636.26,8878.753333333332,3,Silver,run_20260808_212843,2026-08-08T21:28:54.819066+00:00
C08460,19393.77,6464.59,3,Platinum,run_20260808_212843,2026-08-08T21:28:54.819066+00:00
C08461,40053.43,6675.571666666667,6,Platinum,run_20260808_212843,2026-08-08T21:28:54.819066+00:00
C08462,31018.32,15509.16,2,Gold,run_20260808_212843,2026-08-08T21:28:54.819066+00:00
C08463,48650.72,8108.453333333334,6,Gold,run_20260808_212843,2026-08-08T21:28:54.819066+00:00
C08464,19222.04,6407.346666666667,3,Gold,run_20260808_212843,2026-08-08T21:28:54.819066+00:00
C08465,92911.84,11613.98,8,Platinum,run_20260808_212843,2026-08-08T21:28:54.819066+00:00
C08466,60309.17,7538.64625,8,Silver,run_20260808_212843,2026-08-08T21:28:54.819066+00:00
C08467,62463.68,8923.382857142857,7,Gold,run_20260808_212843,2026-08-08T21:28:54.819066+00:00
C08468,40659.58,6776.596666666667,6,Bronze,run_20260808_212843,2026-08-08T21:28:54.819066+00:00
C08469,72159.18,9019.8975,8,Platinum,run_20260808_212843,2026-08-08T21:28:54.819066+00:00
C08470,33670.71,5611.785,6,Platinum,run_20260808_212843,2026-08-08T21:28:54.819066+00:00
C08471,16674.4,3334.88,5,Silver,run_20260808_212843,2026-08-08T21:28:54.819066+00:00
C08473,48021.560000000005,6860.222857142858,7,Gold,run_20260808_212843,2026-08-08T21:28:54.819066+00:00
C08474,43326.21,8665.242,5,Platinum,run_20260808_212843,2026-08-08T21:28:54.819066+00:00
C08475,52254.0,8709.0,6,Bronze,run_20260808_212843,2026-08-08T21:28:54.819066+00:00
C08476,20361.379999999997,6787.126666666666,3,Gold,run_20260808_212843,2026-08-08T21:28:54.819066+00:00
C08477,21542.93,3590.4883333333332,6,Silver,run_20260808_212843,2026-08-08T21:28:54.819066+00:00
C08478,13463.849999999999,3365.9624999999996,4,Bronze,run_20260808_212843,2026-08-08T21:28:54.819066+00:00
C08479,32478.640000000003,8119.660000000001,4,Silver,run_20260808_212843,2026-08-08T21:28:54.819066+00:00
C08480,35281.87,8820.4675,4,Gold,run_20260808_212843,2026-08-08T21:28:54.819066+00:00
C08481,12346.2,6173.1,2,Bronze,run_20260808_212843,2026-08-08T21:28:54.819066+00:00
C08482,23450.18,5862.545,4,Silver,run_20260808_212843,2026-08-08T21:28:54.819066+00:00
C08483,2648.08,1324.04,2,Platinum,run_20260808_212843,2026-08-08T21:28:54.819066+00:00
C08484,59692.97,9948.828333333333,6,Platinum,run_20260808_212843,2026-08-08T21:28:54.819066+00:00
C08485,40732.72,10183.18,4,Gold,run_20260808_212843,2026-08-08T21:28:54.819066+00:00
C08486,35491.94,11830.646666666667,3,Bronze,run_20260808_212843,2026-08-08T21:28:54.819066+00:00
C08487,86240.45,9582.272222222222,9,Silver,run_20260808_212843,2026-08-08T21:28:54.819066+00:00
C08488,34812.35,8703.0875,4,Silver,run_20260808_212843,2026-08-08T21:28:54.819066+00:00
C08489,27353.66,6838.415,4,Platinum,run_20260808_212843,2026-08-08T21:28:54.819066+00:00
C08490,39652.13,7930.4259999999995,5,Gold,run_20260808_212843,2026-08-08T21:28:54.819066+00:00
C08491,42012.95,8402.59,5,Bronze,run_20260808_212843,2026-08-08T21:28:54.819066+00:00
C08492,58269.13,8324.161428571428,7,Platinum,run_20260808_212843,2026-08-08T21:28:54.819066+00:00
C08493,86887.68,8688.768,10,Platinum,run_20260808_212843,2026-08-08T21:28:54.819066+00:00
C08494,15242.55,2540.4249999999997,6,Platinum,run_20260808_212843,2026-08-08T21:28:54.819066+00:00
C08495,33969.06,5661.509999999999,6,Silver,run_20260808_212843,2026-08-08T21:28:54.819066+00:00
C08496,123462.54999999999,11223.868181818181,11,Gold,run_20260808_212843,2026-08-08T21:28:54.819066+00:00
C08497,25124.739999999998,3589.2485714285713,7,Platinum,run_20260808_212843,2026-08-08T21:28:54.819066+00:00
C08498,33383.840000000004,6676.768000000001,5,Platinum,run_20260808_212843,2026-08-08T21:28:54.819066+00:00
C08499,58423.41,7302.92625,8,Silver,run_20260808_212843,2026-08-08T21:28:54.819066+00:00
C08500,53103.409999999996,7586.201428571428,7,Bronze,run_20260808_212843,2026-08-08T21:28:54.819066+00:00
C08501,32533.42,10844.473333333333,3,Bronze,run_20260808_212843,2026-08-08T21:28:54.819066+00:00
C08502,96448.27,13778.324285714287,7,Bronze,run_20260808_212843,2026-08-08T21:28:54.819066+00:00
C08503,74820.03,7482.003,10,Silver,run_20260808_212843,2026-08-08T21:28:54.819066+00:00
C08504,46805.14,9361.028,5,Silver,run_20260808_212843,2026-08-08T21:28:54.819066+00:00
C08505,18935.399999999998,6311.799999999999,3,Gold,run_20260808_212843,2026-08-08T21:28:54.819066+00:00
C08506,84419.38,14069.896666666667,6,Bronze,run_20260808_212843,2026-08-08T21:28:54.819066+00:00
C08507,44846.170000000006,7474.361666666668,6,Silver,run_20260808_212843,2026-08-08T21:28:54.819066+00:00
C08508,11312.88,3770.9599999999996,3,Bronze,run_20260808_212843,2026-08-08T21:28:54.819066+00:00
C08509,14734.34,3683.585,4,Gold,run_20260808_212843,2026-08-08T21:28:54.819066+00:00
C08510,50283.22,8380.536666666667,6,Platinum,run_20260808_212843,2026-08-08T21:28:54.819066+00:00
C08511,47755.240000000005,7959.206666666668,6,Bronze,run_20260808_212843,2026-08-08T21:28:54.819066+00:00
C08512,19451.64,4862.91,4,Platinum,run_20260808_212843,2026-08-08T21:28:54.819066+00:00
C08513,18790.120000000003,3758.0240000000003,5,Platinum,run_20260808_212843,2026-08-08T21:28:54.819066+00:00
C08514,22434.97,4486.994000000001,5,Gold,run_20260808_212843,2026-08-08T21:28:54.819066+00:00
C08515,53340.06,7620.0085714285715,7,Gold,run_20260808_212843,2026-08-08T21:28:54.819066+00:00
C08516,26692.27,8897.423333333334,3,Platinum,run_20260808_212843,2026-08-08T21:28:54.819066+00:00
C08517,13839.69,4613.2300000000005,3,Bronze,run_20260808_212843,2026-08-08T21:28:54.819066+00:00
C08518,23578.839999999997,4715.767999999999,5,Platinum,run_20260808_212843,2026-08-08T21:28:54.819066+00:00
C08519,34554.36,6910.872,5,Silver,run_20260808_212843,2026-08-08T21:28:54.819066+00:00
C08520,39421.86,6570.31,6,Silver,run_20260808_212843,2026-08-08T21:28:54.819066+00:00
C08521,43065.18,8613.036,5,Silver,run_20260808_212843,2026-08-08T21:28:54.819066+00:00
C08522,9765.15,2441.2875,4,Silver,run_20260808_212843,2026-08-08T21:28:54.819066+00:00
C08523,20977.66,5244.415,4,Gold,run_20260808_212843,2026-08-08T21:28:54.819066+00:00
C08524,23604.47,3372.067142857143,7,Bronze,run_20260808_212843,2026-08-08T21:28:54.819066+00:00
C08525,37185.99,6197.665,6,Gold,run_20260808_212843,2026-08-08T21:28:54.819066+00:00
C08526,18943.45,4735.8625,4,Silver,run_20260808_212843,2026-08-08T21:28:54.819066+00:00
C08527,29185.85,5837.17,5,Platinum,run_20260808_212843,2026-08-08T21:28:54.819066+00:00
C08528,22627.1,3771.183333333333,6,Silver,run_20260808_212843,2026-08-08T21:28:54.819066+00:00
C08529,71537.02,7153.702,10,Platinum,run_20260808_212843,2026-08-08T21:28:54.819066+00:00
C08530,59766.93,8538.132857142857,7,Bronze,run_20260808_212843,2026-08-08T21:28:54.819066+00:00
C08531,51480.71,12870.1775,4,Silver,run_20260808_212843,2026-08-08T21:28:54.819066+00:00
C08532,18500.04,4625.01,4,Silver,run_20260808_212843,2026-08-08T21:28:54.819066+00:00
C08533,43049.86,7174.9766666666665,6,Silver,run_20260808_212843,2026-08-08T21:28:54.819066+00:00
C08534,11692.75,2923.1875,4,Silver,run_20260808_212843,2026-08-08T21:28:54.819066+00:00
C08535,27028.13,6757.0325,4,Bronze,run_20260808_212843,2026-08-08T21:28:54.819066+00:00
C08536,9636.81,4818.405,2,Silver,run_20260808_212843,2026-08-08T21:28:54.819066+00:00
C08537,33204.549999999996,8301.137499999999,4,Platinum,run_20260808_212843,2026-08-08T21:28:54.819066+00:00
C08538,16039.16,3207.832,5,Bronze,run_20260808_212843,2026-08-08T21:28:54.819066+00:00
C08539,18405.84,6135.28,3,Gold,run_20260808_212843,2026-08-08T21:28:54.819066+00:00
C08540,14423.37,7211.685,2,Silver,run_20260808_212843,2026-08-08T21:28:54.819066+00:00
C08541,48507.020000000004,6929.574285714286,7,Silver,run_20260808_212843,2026-08-08T21:28:54.819066+00:00
C08542,25668.56,5133.712,5,Platinum,run_20260808_212843,2026-08-08T21:28:54.819066+00:00
C08543,29922.32,9974.106666666667,3,Bronze,run_20260808_212843,2026-08-08T21:28:54.819066+00:00
C08544,14245.33,4748.443333333334,3,Silver,run_20260808_212843,2026-08-08T21:28:54.819066+00:00
C08545,9237.42,9237.42,1,Bronze,run_20260808_212843,2026-08-08T21:28:54.819066+00:00
C08546,20744.22,6914.740000000001,3,Bronze,run_20260808_212843,2026-08-08T21:28:54.819066+00:00
C08547,20847.16,5211.79,4,Platinum,run_20260808_212843,2026-08-08T21:28:54.819066+00:00
C08548,8217.01,2739.0033333333336,3,Platinum,run_20260808_212843,2026-08-08T21:28:54.819066+00:00
C08549,51848.14,6481.0175,8,Gold,run_20260808_212843,2026-08-08T21:28:54.819066+00:00
C08550,51672.04,8612.006666666666,6,Silver,run_20260808_212843,2026-08-08T21:28:54.819066+00:00
C08551,11584.19,5792.095,2,Silver,run_20260808_212843,2026-08-08T21:28:54.819066+00:00
C08552,62625.409999999996,6958.3788888888885,9,Gold,run_20260808_212843,2026-08-08T21:28:54.819066+00:00
C08553,48488.06,16162.686666666666,3,Platinum,run_20260808_212843,2026-08-08T21:28:54.819066+00:00
C08554,52593.17,8765.528333333334,6,Platinum,run_20260808_212843,2026-08-08T21:28:54.819066+00:00
C08555,28380.3,5676.0599999999995,5,Bronze,run_20260808_212843,2026-08-08T21:28:54.819066+00:00
C08556,7063.530000000001,3531.7650000000003,2,Platinum,run_20260808_212843,2026-08-08T21:28:54.819066+00:00
C08557,26368.0,5273.6,5,Bronze,run_20260808_212843,2026-08-08T21:28:54.819066+00:00
C08558,76884.45,8542.716666666667,9,Gold,run_20260808_212843,2026-08-08T21:28:54.819066+00:00
C08559,40451.0,8090.2,5,Bronze,run_20260808_212843,2026-08-08T21:28:54.819066+00:00
C08560,19334.21,3866.8419999999996,5,Gold,run_20260808_212843,2026-08-08T21:28:54.819066+00:00
C08561,53830.78,7690.111428571428,7,Gold,run_20260808_212843,2026-08-08T21:28:54.819066+00:00
C08562,35927.6,5987.933333333333,6,Gold,run_20260808_212843,2026-08-08T21:28:54.819066+00:00
C08563,53900.12,10780.024000000001,5,Gold,run_20260808_212843,2026-08-08T21:28:54.819066+00:00
C08564,40580.83,13526.943333333335,3,Platinum,run_20260808_212843,2026-08-08T21:28:54.819066+00:00
C08565,28374.54,4053.5057142857145,7,Silver,run_20260808_212843,2026-08-08T21:28:54.819066+00:00
C08566,86069.72,8606.972,10,Gold,run_20260808_212843,2026-08-08T21:28:54.819066+00:00
C08567,46477.41,7746.235000000001,6,Bronze,run_20260808_212843,2026-08-08T21:28:54.819066+00:00
C08568,26105.72,6526.43,4,Silver,run_20260808_212843,2026-08-08T21:28:54.819066+00:00
C08569,94857.24,10539.693333333335,9,Bronze,run_20260808_212843,2026-08-08T21:28:54.819066+00:00
C08570,38336.24,6389.373333333333,6,Bronze,run_20260808_212843,2026-08-08T21:28:54.819066+00:00
C08571,49740.97,5526.774444444444,9,Bronze,run_20260808_212843,2026-08-08T21:28:54.819066+00:00
C08572,84776.23,10597.02875,8,Gold,run_20260808_212843,2026-08-08T21:28:54.819066+00:00
C08573,79967.23,9995.90375,8,Silver,run_20260808_212843,2026-08-08T21:28:54.819066+00:00
C08574,40693.8,10173.45,4,Gold,run_20260808_212843,2026-08-08T21:28:54.819066+00:00
C08575,44361.76,7393.626666666667,6,Platinum,run_20260808_212843,2026-08-08T21:28:54.819066+00:00
C08576,43982.63,7330.438333333333,6,Gold,run_20260808_212843,2026-08-08T21:28:54.819066+00:00
C08577,45817.96,7636.326666666667,6,Bronze,run_20260808_212843,2026-08-08T21:28:54.819066+00:00
C08578,61270.630000000005,8752.947142857143,7,Platinum,run_20260808_212843,2026-08-08T21:28:54.819066+00:00
C08579,6144.9,6144.9,1,Silver,run_20260808_212843,2026-08-08T21:28:54.819066+00:00
C08580,42796.64,6113.805714285714,7,Gold,run_20260808_212843,2026-08-08T21:28:54.819066+00:00
C08581,53335.23,5926.136666666667,9,Platinum,run_20260808_212843,2026-08-08T21:28:54.819066+00:00
C08582,52033.13,8672.188333333334,6,Gold,run_20260808_212843,2026-08-08T21:28:54.819066+00:00
C08583,46693.240000000005,11673.310000000001,4,Gold,run_20260808_212843,2026-08-08T21:28:54.819066+00:00
C08584,19264.32,9632.16,2,Gold,run_20260808_212843,2026-08-08T21:28:54.819066+00:00
C08585,63591.7,7065.7444444444445,9,Bronze,run_20260808_212843,2026-08-08T21:28:54.819066+00:00
C08586,57908.25,8272.607142857143,7,Bronze,run_20260808_212843,2026-08-08T21:28:54.819066+00:00
C08587,16069.289999999999,5356.429999999999,3,Bronze,run_20260808_212843,2026-08-08T21:28:54.819066+00:00
C08588,45872.979999999996,7645.496666666666,6,Silver,run_20260808_212843,2026-08-08T21:28:54.819066+00:00
C08589,29721.96,4245.994285714286,7,Gold,run_20260808_212843,2026-08-08T21:28:54.819066+00:00
C08590,28914.600000000002,7228.650000000001,4,Gold,run_20260808_212843,2026-08-08T21:28:54.819066+00:00
C08591,49181.96,8196.993333333334,6,Gold,run_20260808_212843,2026-08-08T21:28:54.819066+00:00
C08592,40372.01,5767.43,7,Gold,run_20260808_212843,2026-08-08T21:28:54.819066+00:00
C08593,15357.0,5119.0,3,Silver,run_20260808_212843,2026-08-08T21:28:54.819066+00:00
C08594,5619.38,1404.845,4,Gold,run_20260808_212843,2026-08-08T21:28:54.819066+00:00
C08595,46802.42,7800.403333333333,6,Silver,run_20260808_212843,2026-08-08T21:28:54.819066+00:00
C08596,26106.73,5221.346,5,Platinum,run_20260808_212843,2026-08-08T21:28:54.819066+00:00
C08597,51308.68,4664.425454545454,11,Bronze,run_20260808_212843,2026-08-08T21:28:54.819066+00:00
C08598,33960.45,5660.075,6,Bronze,run_20260808_212843,2026-08-08T21:28:54.819066+00:00
C08599,69520.51000000001,7724.501111111113,9,Silver,run_20260808_212843,2026-08-08T21:28:54.819066+00:00
C08600,38416.850000000006,9604.212500000001,4,Bronze,run_20260808_212843,2026-08-08T21:28:54.819066+00:00
C08601,16157.28,5385.76,3,Bronze,run_20260808_212843,2026-08-08T21:28:54.819066+00:00
C08602,51360.97,8560.161666666667,6,Silver,run_20260808_212843,2026-08-08T21:28:54.819066+00:00
C08603,43438.229999999996,8687.645999999999,5,Silver,run_20260808_212843,2026-08-08T21:28:54.819066+00:00
C08604,39567.95,7913.589999999999,5,Platinum,run_20260808_212843,2026-08-08T21:28:54.819066+00:00
C08605,8486.33,4243.165,2,Bronze,run_20260808_212843,2026-08-08T21:28:54.819066+00:00
C08606,39579.82,13193.273333333333,3,Bronze,run_20260808_212843,2026-08-08T21:28:54.819066+00:00
C08607,24243.420000000002,8081.14,3,Gold,run_20260808_212843,2026-08-08T21:28:54.819066+00:00
C08608,27301.92,6825.48,4,Gold,run_20260808_212843,2026-08-08T21:28:54.819066+00:00
C08609,25373.34,5074.668,5,Platinum,run_20260808_212843,2026-08-08T21:28:54.819066+00:00
C08610,10671.08,10671.08,1,Silver,run_20260808_212843,2026-08-08T21:28:54.819066+00:00
C08611,61369.78,7671.2225,8,Silver,run_20260808_212843,2026-08-08T21:28:54.819066+00:00
C08612,29885.260000000002,9961.753333333334,3,Bronze,run_20260808_212843,2026-08-08T21:28:54.819066+00:00
C08613,10951.57,3650.523333333333,3,Silver,run_20260808_212843,2026-08-08T21:28:54.819066+00:00
C08614,65390.86,10898.476666666667,6,Silver,run_20260808_212843,2026-08-08T21:28:54.819066+00:00
C08616,47012.8,6716.114285714286,7,Gold,run_20260808_212843,2026-08-08T21:28:54.819066+00:00
C08617,21227.190000000002,10613.595000000001,2,Gold,run_20260808_212843,2026-08-08T21:28:54.819066+00:00
C08618,55215.41,11043.082,5,Gold,run_20260808_212843,2026-08-08T21:28:54.819066+00:00
C08619,43263.68,8652.736,5,Platinum,run_20260808_212843,2026-08-08T21:28:54.819066+00:00
C08620,60299.740000000005,10049.956666666667,6,Bronze,run_20260808_212843,2026-08-08T21:28:54.819066+00:00
C08621,33686.01,4812.287142857143,7,Platinum,run_20260808_212843,2026-08-08T21:28:54.819066+00:00
C08622,114534.79,12726.087777777777,9,Bronze,run_20260808_212843,2026-08-08T21:28:54.819066+00:00
C08623,31916.08,5319.346666666667,6,Platinum,run_20260808_212843,2026-08-08T21:28:54.819066+00:00
C08624,3115.55,1038.5166666666667,3,Platinum,run_20260808_212843,2026-08-08T21:28:54.819066+00:00
C08625,43561.35,7260.224999999999,6,Bronze,run_20260808_212843,2026-08-08T21:28:54.819066+00:00
C08626,71726.15,6520.559090909091,11,Silver,run_20260808_212843,2026-08-08T21:28:54.819066+00:00
C08627,61353.399999999994,12270.679999999998,5,Gold,run_20260808_212843,2026-08-08T21:28:54.819066+00:00
C08628,12433.8,6216.9,2,Silver,run_20260808_212843,2026-08-08T21:28:54.819066+00:00
C08629,45932.72,9186.544,5,Gold,run_20260808_212843,2026-08-08T21:28:54.819066+00:00
C08630,14511.519999999999,7255.759999999999,2,Bronze,run_20260808_212843,2026-08-08T21:28:54.819066+00:00
C08631,37730.17,9432.5425,4,Bronze,run_20260808_212843,2026-08-08T21:28:54.819066+00:00
C08632,8528.3,8528.3,1,Silver,run_20260808_212843,2026-08-08T21:28:54.819066+00:00
C08633,58559.75,9759.958333333334,6,Platinum,run_20260808_212843,2026-08-08T21:28:54.819066+00:00
C08634,7176.81,7176.81,1,Platinum,run_20260808_212843,2026-08-08T21:28:54.819066+00:00
C08635,22315.309999999998,7438.436666666666,3,Bronze,run_20260808_212843,2026-08-08T21:28:54.819066+00:00
C08636,28169.18,9389.726666666667,3,Silver,run_20260808_212843,2026-08-08T21:28:54.819066+00:00
C08637,36019.54,6003.256666666667,6,Platinum,run_20260808_212843,2026-08-08T21:28:54.819066+00:00
C08638,25593.620000000003,4265.6033333333335,6,Platinum,run_20260808_212843,2026-08-08T21:28:54.819066+00:00
C08639,60129.28,8589.897142857142,7,Platinum,run_20260808_212843,2026-08-08T21:28:54.819066+00:00
C08640,27323.13,9107.710000000001,3,Platinum,run_20260808_212843,2026-08-08T21:28:54.819066+00:00
C08641,47048.87,9409.774000000001,5,Gold,run_20260808_212843,2026-08-08T21:28:54.819066+00:00
C08642,52779.17,8796.528333333334,6,Silver,run_20260808_212843,2026-08-08T21:28:54.819066+00:00
C08643,30841.93,6168.386,5,Silver,run_20260808_212843,2026-08-08T21:28:54.819066+00:00
C08644,59189.31,9864.885,6,Bronze,run_20260808_212843,2026-08-08T21:28:54.819066+00:00
C08645,70613.17,7845.9077777777775,9,Silver,run_20260808_212843,2026-08-08T21:28:54.819066+00:00
C08646,36098.93,7219.786,5,Silver,run_20260808_212843,2026-08-08T21:28:54.819066+00:00
C08647,31199.61,4457.087142857143,7,Bronze,run_20260808_212843,2026-08-08T21:28:54.819066+00:00
C08648,14437.29,3609.3225,4,Platinum,run_20260808_212843,2026-08-08T21:28:54.819066+00:00
C08649,34011.89,4858.841428571429,7,Gold,run_20260808_212843,2026-08-08T21:28:54.819066+00:00
C08650,34866.92,5811.153333333333,6,Gold,run_20260808_212843,2026-08-08T21:28:54.819066+00:00
C08651,38554.32,12851.44,3,Silver,run_20260808_212843,2026-08-08T21:28:54.819066+00:00
C08652,15530.64,7765.32,2,Gold,run_20260808_212843,2026-08-08T21:28:54.819066+00:00
C08653,6350.72,6350.72,1,Gold,run_20260808_212843,2026-08-08T21:28:54.819066+00:00
C08654,27263.48,9087.826666666666,3,Bronze,run_20260808_212843,2026-08-08T21:28:54.819066+00:00
C08655,36504.61,12168.203333333333,3,Silver,run_20260808_212843,2026-08-08T21:28:54.819066+00:00
C08656,23401.54,5850.385,4,Silver,run_20260808_212843,2026-08-08T21:28:54.819066+00:00
C08657,58239.799999999996,5294.527272727272,11,Bronze,run_20260808_212843,2026-08-08T21:28:54.819066+00:00
C08658,14987.52,7493.76,2,Silver,run_20260808_212843,2026-08-08T21:28:54.819066+00:00
C08659,26788.920000000002,4464.820000000001,6,Gold,run_20260808_212843,2026-08-08T21:28:54.819066+00:00
C08660,42533.24,8506.648,5,Bronze,run_20260808_212843,2026-08-08T21:28:54.819066+00:00
C08661,31140.78,6228.156,5,Silver,run_20260808_212843,2026-08-08T21:28:54.819066+00:00
C08662,45640.71,9128.142,5,Gold,run_20260808_212843,2026-08-08T21:28:54.819066+00:00
C08663,81109.76000000001,9012.195555555556,9,Silver,run_20260808_212843,2026-08-08T21:28:54.819066+00:00
C08664,87900.91,10987.61375,8,Gold,run_20260808_212843,2026-08-08T21:28:54.819066+00:00
C08665,3421.9,3421.9,1,Bronze,run_20260808_212843,2026-08-08T21:28:54.819066+00:00
C08666,17472.46,4368.115,4,Silver,run_20260808_212843,2026-08-08T21:28:54.819066+00:00
C08667,27307.14,5461.428,5,Silver,run_20260808_212843,2026-08-08T21:28:54.819066+00:00
C08668,32306.3,16153.15,2,Bronze,run_20260808_212843,2026-08-08T21:28:54.819066+00:00
C08669,26916.800000000003,6729.200000000001,4,Bronze,run_20260808_212843,2026-08-08T21:28:54.819066+00:00
C08670,45172.6,9034.52,5,Gold,run_20260808_212843,2026-08-08T21:28:54.819066+00:00
C08671,17591.55,8795.775,2,Gold,run_20260808_212843,2026-08-08T21:28:54.819066+00:00
C08672,42447.62,10611.905,4,Gold,run_20260808_212843,2026-08-08T21:28:54.819066+00:00
C08673,26556.57,8852.19,3,Bronze,run_20260808_212843,2026-08-08T21:28:54.819066+00:00
C08674,6490.02,3245.01,2,Gold,run_20260808_212843,2026-08-08T21:28:54.819066+00:00
C08675,36828.38,6138.063333333333,6,Silver,run_20260808_212843,2026-08-08T21:28:54.819066+00:00
C08676,15967.609999999999,5322.536666666666,3,Platinum,run_20260808_212843,2026-08-08T21:28:54.819066+00:00
C08677,38747.3,6457.883333333334,6,Gold,run_20260808_212843,2026-08-08T21:28:54.819066+00:00
C08678,86551.10999999999,10818.888749999998,8,Gold,run_20260808_212843,2026-08-08T21:28:54.819066+00:00
C08679,19004.84,3800.968,5,Bronze,run_20260808_212843,2026-08-08T21:28:54.819066+00:00
C08680,24938.75,6234.6875,4,Bronze,run_20260808_212843,2026-08-08T21:28:54.819066+00:00
C08681,6805.74,6805.74,1,Gold,run_20260808_212843,2026-08-08T21:28:54.819066+00:00
C08682,73777.9,10539.699999999999,7,Silver,run_20260808_212843,2026-08-08T21:28:54.819066+00:00
C08683,26418.559999999998,6604.639999999999,4,Gold,run_20260808_212843,2026-08-08T21:28:54.819066+00:00
C08684,30167.42,10055.806666666665,3,Silver,run_20260808_212843,2026-08-08T21:28:54.819066+00:00
C08685,50751.19,10150.238000000001,5,Gold,run_20260808_212843,2026-08-08T21:28:54.819066+00:00
C08686,71264.07,7126.407000000001,10,Bronze,run_20260808_212843,2026-08-08T21:28:54.819066+00:00
C08687,52277.76,13069.44,4,Bronze,run_20260808_212843,2026-08-08T21:28:54.819066+00:00
C08688,37821.71,7564.342,5,Platinum,run_20260808_212843,2026-08-08T21:28:54.819066+00:00
C08689,42899.75,4766.638888888889,9,Gold,run_20260808_212843,2026-08-08T21:28:54.819066+00:00
C08690,27841.72,6960.43,4,Silver,run_20260808_212843,2026-08-08T21:28:54.819066+00:00
C08691,44296.01,7382.668333333334,6,Platinum,run_20260808_212843,2026-08-08T21:28:54.819066+00:00
C08692,44885.57,11221.3925,4,Silver,run_20260808_212843,2026-08-08T21:28:54.819066+00:00
C08693,24071.14,4814.228,5,Gold,run_20260808_212843,2026-08-08T21:28:54.819066+00:00
C08694,58292.65,5299.331818181819,11,Gold,run_20260808_212843,2026-08-08T21:28:54.819066+00:00
C08695,41313.32,10328.33,4,Silver,run_20260808_212843,2026-08-08T21:28:54.819066+00:00
C08696,18749.69,6249.8966666666665,3,Platinum,run_20260808_212843,2026-08-08T21:28:54.819066+00:00
C08697,34545.66,6909.1320000000005,5,Silver,run_20260808_212843,2026-08-08T21:28:54.819066+00:00
C08698,14599.539999999999,7299.7699999999995,2,Platinum,run_20260808_212843,2026-08-08T21:28:54.819066+00:00
C08699,31018.26,10339.42,3,Silver,run_20260808_212843,2026-08-08T21:28:54.819066+00:00
C08700,4747.96,4747.96,1,Platinum,run_20260808_212843,2026-08-08T21:28:54.819066+00:00
C08701,30589.84,7647.46,4,Gold,run_20260808_212843,2026-08-08T21:28:54.819066+00:00
C08702,27994.6,6998.65,4,Silver,run_20260808_212843,2026-08-08T21:28:54.819066+00:00
C08703,52915.97,7559.424285714286,7,Platinum,run_20260808_212843,2026-08-08T21:28:54.819066+00:00
C08704,13189.09,6594.545,2,Bronze,run_20260808_212843,2026-08-08T21:28:54.819066+00:00
C08705,8383.36,8383.36,1,Platinum,run_20260808_212843,2026-08-08T21:28:54.819066+00:00
C08706,25703.07,8567.69,3,Silver,run_20260808_212843,2026-08-08T21:28:54.819066+00:00
C08707,67782.77,9683.252857142857,7,Platinum,run_20260808_212843,2026-08-08T21:28:54.819066+00:00
C08708,45316.39,6473.7699999999995,7,Silver,run_20260808_212843,2026-08-08T21:28:54.819066+00:00
C08709,27533.83,6883.4575,4,Silver,run_20260808_212843,2026-08-08T21:28:54.819066+00:00
C08710,14687.75,14687.75,1,Silver,run_20260808_212843,2026-08-08T21:28:54.819066+00:00
C08711,30466.66,7616.665,4,Platinum,run_20260808_212843,2026-08-08T21:28:54.819066+00:00
C08712,38460.88,12820.293333333333,3,Silver,run_20260808_212843,2026-08-08T21:28:54.819066+00:00
C08713,20788.37,5197.0925,4,Gold,run_20260808_212843,2026-08-08T21:28:54.819066+00:00
C08714,36807.4,9201.85,4,Bronze,run_20260808_212843,2026-08-08T21:28:54.819066+00:00
C08715,7538.66,3769.33,2,Gold,run_20260808_212843,2026-08-08T21:28:54.819066+00:00
C08716,22430.23,7476.743333333333,3,Silver,run_20260808_212843,2026-08-08T21:28:54.819066+00:00
C08717,22097.26,11048.63,2,Silver,run_20260808_212843,2026-08-08T21:28:54.819066+00:00
C08718,45522.53,4552.253,10,Platinum,run_20260808_212843,2026-08-08T21:28:54.819066+00:00
C08719,41565.09,5937.87,7,Silver,run_20260808_212843,2026-08-08T21:28:54.819066+00:00
C08720,22209.51,5552.3775,4,Bronze,run_20260808_212843,2026-08-08T21:28:54.819066+00:00
C08721,26872.920000000002,4478.820000000001,6,Silver,run_20260808_212843,2026-08-08T21:28:54.819066+00:00
C08722,34767.99,6953.598,5,Bronze,run_20260808_212843,2026-08-08T21:28:54.819066+00:00
C08723,53066.01,8844.335000000001,6,Platinum,run_20260808_212843,2026-08-08T21:28:54.819066+00:00
C08724,60246.520000000004,10041.086666666668,6,Silver,run_20260808_212843,2026-08-08T21:28:54.819066+00:00
C08725,45995.880000000005,7665.9800000000005,6,Platinum,run_20260808_212843,2026-08-08T21:28:54.819066+00:00
C08726,37584.520000000004,7516.904,5,Platinum,run_20260808_212843,2026-08-08T21:28:54.819066+00:00
C08727,37307.1,4663.3875,8,Bronze,run_20260808_212843,2026-08-08T21:28:54.819066+00:00
C08728,45974.71,9194.942,5,Silver,run_20260808_212843,2026-08-08T21:28:54.819066+00:00
C08729,39720.08,5674.297142857143,7,Bronze,run_20260808_212843,2026-08-08T21:28:54.819066+00:00
C08730,41541.270000000004,10385.317500000001,4,Bronze,run_20260808_212843,2026-08-08T21:28:54.819066+00:00
C08731,29485.47,14742.735,2,Platinum,run_20260808_212843,2026-08-08T21:28:54.819066+00:00
C08732,29018.98,9672.993333333334,3,Platinum,run_20260808_212843,2026-08-08T21:28:54.819066+00:00
C08733,9951.64,4975.82,2,Bronze,run_20260808_212843,2026-08-08T21:28:54.819066+00:00
C08734,29835.39,9945.13,3,Bronze,run_20260808_212843,2026-08-08T21:28:54.819066+00:00
C08735,51808.54,8634.756666666666,6,Bronze,run_20260808_212843,2026-08-08T21:28:54.819066+00:00
C08736,43900.88,8780.176,5,Bronze,run_20260808_212843,2026-08-08T21:28:54.819066+00:00
C08737,44706.98,7451.163333333334,6,Silver,run_20260808_212843,2026-08-08T21:28:54.819066+00:00
C08738,31814.55,7953.6375,4,Silver,run_20260808_212843,2026-08-08T21:28:54.819066+00:00
C08739,41577.759999999995,8315.552,5,Bronze,run_20260808_212843,2026-08-08T21:28:54.819066+00:00
C08740,48926.369999999995,6989.481428571428,7,Gold,run_20260808_212843,2026-08-08T21:28:54.819066+00:00
C08741,37632.4,7526.4800000000005,5,Silver,run_20260808_212843,2026-08-08T21:28:54.819066+00:00
C08742,36427.19,12142.396666666667,3,Bronze,run_20260808_212843,2026-08-08T21:28:54.819066+00:00
C08743,35761.82,4470.2275,8,Bronze,run_20260808_212843,2026-08-08T21:28:54.819066+00:00
C08744,21339.17,5334.7925,4,Bronze,run_20260808_212843,2026-08-08T21:28:54.819066+00:00
C08745,61899.9,8842.842857142858,7,Gold,run_20260808_212843,2026-08-08T21:28:54.819066+00:00
C08746,49723.76,8287.293333333333,6,Bronze,run_20260808_212843,2026-08-08T21:28:54.819066+00:00
C08747,20295.4,6765.133333333334,3,Silver,run_20260808_212843,2026-08-08T21:28:54.819066+00:00
C08748,15572.470000000001,5190.823333333334,3,Silver,run_20260808_212843,2026-08-08T21:28:54.819066+00:00
C08749,89860.12,11232.515,8,Platinum,run_20260808_212843,2026-08-08T21:28:54.819066+00:00
C08750,78363.0,9795.375,8,Platinum,run_20260808_212843,2026-08-08T21:28:54.819066+00:00
C08751,54687.57,6835.94625,8,Silver,run_20260808_212843,2026-08-08T21:28:54.819066+00:00
C08752,2171.63,2171.63,1,Gold,run_20260808_212843,2026-08-08T21:28:54.819066+00:00
C08753,49795.02,7113.574285714285,7,Gold,run_20260808_212843,2026-08-08T21:28:54.819066+00:00
C08754,32705.56,8176.39,4,Platinum,run_20260808_212843,2026-08-08T21:28:54.819066+00:00
C08755,30921.97,4417.424285714286,7,Silver,run_20260808_212843,2026-08-08T21:28:54.819066+00:00
C08757,26410.09,6602.5225,4,Bronze,run_20260808_212843,2026-08-08T21:28:54.819066+00:00
C08758,29934.260000000002,5986.852000000001,5,Gold,run_20260808_212843,2026-08-08T21:28:54.819066+00:00
C08759,10060.36,5030.18,2,Bronze,run_20260808_212843,2026-08-08T21:28:54.819066+00:00
C08760,19583.13,4895.7825,4,Bronze,run_20260808_212843,2026-08-08T21:28:54.819066+00:00
C08761,33469.8,6693.960000000001,5,Bronze,run_20260808_212843,2026-08-08T21:28:54.819066+00:00
C08762,27873.3,5574.66,5,Bronze,run_20260808_212843,2026-08-08T21:28:54.819066+00:00
C08763,22066.9,4413.38,5,Gold,run_20260808_212843,2026-08-08T21:28:54.819066+00:00
C08764,38020.17,4752.52125,8,Bronze,run_20260808_212843,2026-08-08T21:28:54.819066+00:00
C08765,50638.08,10127.616,5,Platinum,run_20260808_212843,2026-08-08T21:28:54.819066+00:00
C08766,69539.99,11589.998333333335,6,Silver,run_20260808_212843,2026-08-08T21:28:54.819066+00:00
C08767,62176.35,5652.395454545454,11,Bronze,run_20260808_212843,2026-08-08T21:28:54.819066+00:00
C08768,37120.95,9280.2375,4,Silver,run_20260808_212843,2026-08-08T21:28:54.819066+00:00
C08769,45390.86,9078.172,5,Bronze,run_20260808_212843,2026-08-08T21:28:54.819066+00:00
C08770,21801.42,10900.71,2,Silver,run_20260808_212843,2026-08-08T21:28:54.819066+00:00
C08771,63183.26,10530.543333333333,6,Platinum,run_20260808_212843,2026-08-08T21:28:54.819066+00:00
C08772,60046.87,12009.374,5,Platinum,run_20260808_212843,2026-08-08T21:28:54.819066+00:00
C08773,38412.46,6402.076666666667,6,Silver,run_20260808_212843,2026-08-08T21:28:54.819066+00:00
C08774,2693.97,2693.97,1,Gold,run_20260808_212843,2026-08-08T21:28:54.819066+00:00
C08775,3962.5699999999997,1320.8566666666666,3,Gold,run_20260808_212843,2026-08-08T21:28:54.819066+00:00
C08776,21126.36,7042.12,3,Silver,run_20260808_212843,2026-08-08T21:28:54.819066+00:00
C08777,62959.38,10493.23,6,Platinum,run_20260808_212843,2026-08-08T21:28:54.819066+00:00
C08778,58274.25,9712.375,6,Bronze,run_20260808_212843,2026-08-08T21:28:54.819066+00:00
C08779,45463.729999999996,7577.288333333333,6,Platinum,run_20260808_212843,2026-08-08T21:28:54.819066+00:00
C08780,47381.87,7896.9783333333335,6,Silver,run_20260808_212843,2026-08-08T21:28:54.819066+00:00
C08781,40298.46,8059.692,5,Bronze,run_20260808_212843,2026-08-08T21:28:54.819066+00:00
C08782,46318.28,5146.475555555556,9,Silver,run_20260808_212843,2026-08-08T21:28:54.819066+00:00
C08783,52619.880000000005,8769.980000000001,6,Bronze,run_20260808_212843,2026-08-08T21:28:54.819066+00:00
C08784,19408.19,6469.3966666666665,3,Gold,run_20260808_212843,2026-08-08T21:28:54.819066+00:00
C08785,61223.78,12244.756,5,Gold,run_20260808_212843,2026-08-08T21:28:54.819066+00:00
C08786,19521.86,3253.6433333333334,6,Bronze,run_20260808_212843,2026-08-08T21:28:54.819066+00:00
C08787,44454.32,8890.864,5,Gold,run_20260808_212843,2026-08-08T21:28:54.819066+00:00
C08788,66555.04,7395.004444444444,9,Bronze,run_20260808_212843,2026-08-08T21:28:54.819066+00:00
C08789,24584.690000000002,6146.172500000001,4,Gold,run_20260808_212843,2026-08-08T21:28:54.819066+00:00
C08790,24136.64,12068.32,2,Bronze,run_20260808_212843,2026-08-08T21:28:54.819066+00:00
C08791,56929.72,11385.944,5,Bronze,run_20260808_212843,2026-08-08T21:28:54.819066+00:00
C08792,22865.23,7621.743333333333,3,Silver,run_20260808_212843,2026-08-08T21:28:54.819066+00:00
C08793,21486.269999999997,4297.253999999999,5,Silver,run_20260808_212843,2026-08-08T21:28:54.819066+00:00
C08794,10779.24,3593.08,3,Platinum,run_20260808_212843,2026-08-08T21:28:54.819066+00:00
C08795,47454.04,6779.148571428572,7,Gold,run_20260808_212843,2026-08-08T21:28:54.819066+00:00
C08796,84214.08,8421.408,10,Silver,run_20260808_212843,2026-08-08T21:28:54.819066+00:00
C08797,55156.43,5515.643,10,Platinum,run_20260808_212843,2026-08-08T21:28:54.819066+00:00
C08798,53522.57,8920.428333333333,6,Silver,run_20260808_212843,2026-08-08T21:28:54.819066+00:00
C08799,1567.86,783.93,2,Gold,run_20260808_212843,2026-08-08T21:28:54.819066+00:00
C08800,102030.62,12753.8275,8,Gold,run_20260808_212843,2026-08-08T21:28:54.819066+00:00
C08801,17613.81,8806.905,2,Gold,run_20260808_212843,2026-08-08T21:28:54.819066+00:00
C08802,35202.659999999996,5867.11,6,Bronze,run_20260808_212843,2026-08-08T21:28:54.819066+00:00
C08803,33256.11,6651.222,5,Gold,run_20260808_212843,2026-08-08T21:28:54.819066+00:00
C08804,44982.86,7497.143333333333,6,Platinum,run_20260808_212843,2026-08-08T21:28:54.819066+00:00
C08805,49246.61,8207.768333333333,6,Gold,run_20260808_212843,2026-08-08T21:28:54.819066+00:00
C08806,29774.32,4253.4742857142855,7,Gold,run_20260808_212843,2026-08-08T21:28:54.819066+00:00
C08807,47425.5,5928.1875,8,Bronze,run_20260808_212843,2026-08-08T21:28:54.819066+00:00
C08808,25119.129999999997,12559.564999999999,2,Bronze,run_20260808_212843,2026-08-08T21:28:54.819066+00:00
C08809,59614.42,7451.8025,8,Silver,run_20260808_212843,2026-08-08T21:28:54.819066+00:00
C08810,73663.01,8184.778888888888,9,Silver,run_20260808_212843,2026-08-08T21:28:54.819066+00:00
C08811,24274.97,6068.7425,4,Gold,run_20260808_212843,2026-08-08T21:28:54.819066+00:00
C08812,16827.77,5609.256666666667,3,Silver,run_20260808_212843,2026-08-08T21:28:54.819066+00:00
C08813,28191.440000000002,5638.2880000000005,5,Platinum,run_20260808_212843,2026-08-08T21:28:54.819066+00:00
C08814,67166.65000000001,6106.0590909090915,11,Platinum,run_20260808_212843,2026-08-08T21:28:54.819066+00:00
C08815,45121.75,6445.964285714285,7,Platinum,run_20260808_212843,2026-08-08T21:28:54.819066+00:00
C08816,17520.44,5840.1466666666665,3,Bronze,run_20260808_212843,2026-08-08T21:28:54.819066+00:00
C08817,23349.58,5837.395,4,Bronze,run_20260808_212843,2026-08-08T21:28:54.819066+00:00
C08818,39262.99,5608.998571428571,7,Platinum,run_20260808_212843,2026-08-08T21:28:54.819066+00:00
C08819,94721.0,10524.555555555555,9,Gold,run_20260808_212843,2026-08-08T21:28:54.819066+00:00
C08820,5592.5,2796.25,2,Silver,run_20260808_212843,2026-08-08T21:28:54.819066+00:00
C08822,44700.869999999995,7450.1449999999995,6,Gold,run_20260808_212843,2026-08-08T21:28:54.819066+00:00
C08823,60542.7,12108.539999999999,5,Silver,run_20260808_212843,2026-08-08T21:28:54.819066+00:00
C08824,28715.340000000004,9571.78,3,Silver,run_20260808_212843,2026-08-08T21:28:54.819066+00:00
C08825,29692.57,7423.1425,4,Platinum,run_20260808_212843,2026-08-08T21:28:54.819066+00:00
C08826,62325.61,8903.658571428572,7,Gold,run_20260808_212843,2026-08-08T21:28:54.819066+00:00
C08827,23243.2,23243.2,1,Gold,run_20260808_212843,2026-08-08T21:28:54.819066+00:00
C08828,27338.87,6834.7175,4,Platinum,run_20260808_212843,2026-08-08T21:28:54.819066+00:00
C08829,19698.88,9849.44,2,Platinum,run_20260808_212843,2026-08-08T21:28:54.819066+00:00
C08830,87829.79,9758.865555555554,9,Platinum,run_20260808_212843,2026-08-08T21:28:54.819066+00:00
C08831,16515.02,8257.51,2,Platinum,run_20260808_212843,2026-08-08T21:28:54.819066+00:00
C08832,32918.11,6583.622,5,Gold,run_20260808_212843,2026-08-08T21:28:54.819066+00:00
C08833,17060.61,5686.87,3,Silver,run_20260808_212843,2026-08-08T21:28:54.819066+00:00
C08834,80616.79000000001,10077.098750000001,8,Silver,run_20260808_212843,2026-08-08T21:28:54.819066+00:00
C08835,8095.74,2698.58,3,Platinum,run_20260808_212843,2026-08-08T21:28:54.819066+00:00
C08836,7279.58,3639.79,2,Platinum,run_20260808_212843,2026-08-08T21:28:54.819066+00:00
C08837,84336.09,9370.676666666666,9,Platinum,run_20260808_212843,2026-08-08T21:28:54.819066+00:00
C08838,16475.45,4118.8625,4,Platinum,run_20260808_212843,2026-08-08T21:28:54.819066+00:00
C08839,58421.37,4868.4475,12,Silver,run_20260808_212843,2026-08-08T21:28:54.819066+00:00
C08840,14668.55,3667.1375,4,Platinum,run_20260808_212843,2026-08-08T21:28:54.819066+00:00
C08841,35505.5,5072.214285714285,7,Bronze,run_20260808_212843,2026-08-08T21:28:54.819066+00:00
C08842,40580.479999999996,6763.413333333333,6,Platinum,run_20260808_212843,2026-08-08T21:28:54.819066+00:00
C08843,15170.48,5056.826666666667,3,Silver,run_20260808_212843,2026-08-08T21:28:54.819066+00:00
C08844,19351.51,9675.755,2,Bronze,run_20260808_212843,2026-08-08T21:28:54.819066+00:00
C08845,16373.19,8186.595,2,Silver,run_20260808_212843,2026-08-08T21:28:54.819066+00:00
C08846,20564.329999999998,4112.866,5,Gold,run_20260808_212843,2026-08-08T21:28:54.819066+00:00
C08847,7939.02,3969.51,2,Bronze,run_20260808_212843,2026-08-08T21:28:54.819066+00:00
C08848,35407.51,7081.502,5,Silver,run_20260808_212843,2026-08-08T21:28:54.819066+00:00
C08849,65639.9,9377.128571428571,7,Bronze,run_20260808_212843,2026-08-08T21:28:54.819066+00:00
C08850,9751.83,3250.61,3,Gold,run_20260808_212843,2026-08-08T21:28:54.819066+00:00
C08851,37847.81,4730.97625,8,Platinum,run_20260808_212843,2026-08-08T21:28:54.819066+00:00
C08852,75241.93,8360.214444444444,9,Silver,run_20260808_212843,2026-08-08T21:28:54.819066+00:00
C08853,51703.24,12925.81,4,Bronze,run_20260808_212843,2026-08-08T21:28:54.819066+00:00
C08854,99907.5,14272.5,7,Bronze,run_20260808_212843,2026-08-08T21:28:54.819066+00:00
C08855,34323.2,8580.8,4,Gold,run_20260808_212843,2026-08-08T21:28:54.819066+00:00
C08856,42849.07,8569.814,5,Gold,run_20260808_212843,2026-08-08T21:28:54.819066+00:00
C08857,51832.21,12958.0525,4,Silver,run_20260808_212843,2026-08-08T21:28:54.819066+00:00
C08858,40209.19,8041.838000000001,5,Gold,run_20260808_212843,2026-08-08T21:28:54.819066+00:00
C08859,32034.659999999996,10678.22,3,Platinum,run_20260808_212843,2026-08-08T21:28:54.819066+00:00
C08860,6554.67,3277.335,2,Silver,run_20260808_212843,2026-08-08T21:28:54.819066+00:00
C08861,35418.28,8854.57,4,Platinum,run_20260808_212843,2026-08-08T21:28:54.819066+00:00
C08862,9554.07,3184.69,3,Silver,run_20260808_212843,2026-08-08T21:28:54.819066+00:00
C08863,49653.97,7093.424285714286,7,Silver,run_20260808_212843,2026-08-08T21:28:54.819066+00:00
C08864,47501.22,6785.888571428572,7,Silver,run_20260808_212843,2026-08-08T21:28:54.819066+00:00
C08865,22855.350000000002,4571.070000000001,5,Bronze,run_20260808_212843,2026-08-08T21:28:54.819066+00:00
C08866,18606.73,9303.365,2,Silver,run_20260808_212843,2026-08-08T21:28:54.819066+00:00
C08867,30228.46,6045.692,5,Bronze,run_20260808_212843,2026-08-08T21:28:54.819066+00:00
C08868,28194.3,9398.1,3,Silver,run_20260808_212843,2026-08-08T21:28:54.819066+00:00
C08869,28051.94,7012.985,4,Platinum,run_20260808_212843,2026-08-08T21:28:54.819066+00:00
C08870,50879.55,7268.507142857144,7,Bronze,run_20260808_212843,2026-08-08T21:28:54.819066+00:00
C08871,25605.98,6401.495,4,Platinum,run_20260808_212843,2026-08-08T21:28:54.819066+00:00
C08872,33671.7,11223.9,3,Gold,run_20260808_212843,2026-08-08T21:28:54.819066+00:00
C08873,22063.5,5515.875,4,Bronze,run_20260808_212843,2026-08-08T21:28:54.819066+00:00
C08874,18420.62,9210.31,2,Bronze,run_20260808_212843,2026-08-08T21:28:54.819066+00:00
C08875,54963.6,10992.72,5,Bronze,run_20260808_212843,2026-08-08T21:28:54.819066+00:00
C08876,12541.960000000001,4180.653333333334,3,Platinum,run_20260808_212843,2026-08-08T21:28:54.819066+00:00
C08877,42462.27,8492.454,5,Silver,run_20260808_212843,2026-08-08T21:28:54.819066+00:00
C08878,48622.19,6077.77375,8,Bronze,run_20260808_212843,2026-08-08T21:28:54.819066+00:00
C08879,22578.82,5644.705,4,Silver,run_20260808_212843,2026-08-08T21:28:54.819066+00:00
C08880,41214.44,5887.777142857143,7,Gold,run_20260808_212843,2026-08-08T21:28:54.819066+00:00
C08881,45751.3,5083.477777777778,9,Silver,run_20260808_212843,2026-08-08T21:28:54.819066+00:00
C08882,9658.380000000001,4829.1900000000005,2,Bronze,run_20260808_212843,2026-08-08T21:28:54.819066+00:00
C08883,64957.97,7217.552222222223,9,Silver,run_20260808_212843,2026-08-08T21:28:54.819066+00:00
C08884,32727.16,8181.79,4,Bronze,run_20260808_212843,2026-08-08T21:28:54.819066+00:00
C08885,29339.62,9779.873333333333,3,Bronze,run_20260808_212843,2026-08-08T21:28:54.819066+00:00
C08886,37338.490000000005,18669.245000000003,2,Platinum,run_20260808_212843,2026-08-08T21:28:54.819066+00:00
C08887,42919.89,8583.978,5,Silver,run_20260808_212843,2026-08-08T21:28:54.819066+00:00
C08888,29770.04,4961.673333333333,6,Silver,run_20260808_212843,2026-08-08T21:28:54.819066+00:00
C08889,29752.48,5950.496,5,Platinum,run_20260808_212843,2026-08-08T21:28:54.819066+00:00
C08890,18034.08,9017.04,2,Silver,run_20260808_212843,2026-08-08T21:28:54.819066+00:00
C08891,60426.2,6042.62,10,Gold,run_20260808_212843,2026-08-08T21:28:54.819066+00:00
C08892,28304.78,7076.195,4,Platinum,run_20260808_212843,2026-08-08T21:28:54.819066+00:00
C08893,62995.62,6999.513333333333,9,Platinum,run_20260808_212843,2026-08-08T21:28:54.819066+00:00
C08894,34830.06,6966.012,5,Gold,run_20260808_212843,2026-08-08T21:28:54.819066+00:00
C08895,30677.8,6135.5599999999995,5,Platinum,run_20260808_212843,2026-08-08T21:28:54.819066+00:00
C08896,35621.26,5088.751428571429,7,Bronze,run_20260808_212843,2026-08-08T21:28:54.819066+00:00
C08897,19740.33,4935.0825,4,Gold,run_20260808_212843,2026-08-08T21:28:54.819066+00:00
C08898,3193.14,3193.14,1,Bronze,run_20260808_212843,2026-08-08T21:28:54.819066+00:00
C08899,57061.78,9510.296666666667,6,Silver,run_20260808_212843,2026-08-08T21:28:54.819066+00:00
C08900,29716.41,5943.282,5,Bronze,run_20260808_212843,2026-08-08T21:28:54.819066+00:00
C08901,58213.11,8316.158571428572,7,Bronze,run_20260808_212843,2026-08-08T21:28:54.819066+00:00
C08902,48590.7,6073.8375,8,Silver,run_20260808_212843,2026-08-08T21:28:54.819066+00:00
C08903,66592.96,11098.826666666668,6,Silver,run_20260808_212843,2026-08-08T21:28:54.819066+00:00
C08904,13225.74,4408.58,3,Bronze,run_20260808_212843,2026-08-08T21:28:54.819066+00:00
C08905,82658.66,9184.295555555556,9,Platinum,run_20260808_212843,2026-08-08T21:28:54.819066+00:00
C08906,55396.91,9232.818333333335,6,Platinum,run_20260808_212843,2026-08-08T21:28:54.819066+00:00
C08907,44968.83,14989.61,3,Platinum,run_20260808_212843,2026-08-08T21:28:54.819066+00:00
C08908,9038.78,3012.9266666666667,3,Gold,run_20260808_212843,2026-08-08T21:28:54.819066+00:00
C08909,29259.559999999998,7314.889999999999,4,Gold,run_20260808_212843,2026-08-08T21:28:54.819066+00:00
C08910,59886.62,6654.068888888889,9,Silver,run_20260808_212843,2026-08-08T21:28:54.819066+00:00
C08911,45209.83,11302.4575,4,Platinum,run_20260808_212843,2026-08-08T21:28:54.819066+00:00
C08912,36886.14,6147.69,6,Silver,run_20260808_212843,2026-08-08T21:28:54.819066+00:00
C08913,35436.17,7087.2339999999995,5,Gold,run_20260808_212843,2026-08-08T21:28:54.819066+00:00
C08914,18116.07,3623.214,5,Bronze,run_20260808_212843,2026-08-08T21:28:54.819066+00:00
C08915,40995.9,6832.650000000001,6,Platinum,run_20260808_212843,2026-08-08T21:28:54.819066+00:00
C08916,52478.43,7496.918571428571,7,Silver,run_20260808_212843,2026-08-08T21:28:54.819066+00:00
C08917,85141.38,10642.6725,8,Silver,run_20260808_212843,2026-08-08T21:28:54.819066+00:00
C08918,27624.1,9208.033333333333,3,Platinum,run_20260808_212843,2026-08-08T21:28:54.819066+00:00
C08919,26233.34,6558.335,4,Bronze,run_20260808_212843,2026-08-08T21:28:54.819066+00:00
C08920,22571.739999999998,4514.348,5,Silver,run_20260808_212843,2026-08-08T21:28:54.819066+00:00
C08921,24510.33,4902.066000000001,5,Platinum,run_20260808_212843,2026-08-08T21:28:54.819066+00:00
C08922,19286.41,6428.803333333333,3,Silver,run_20260808_212843,2026-08-08T21:28:54.819066+00:00
C08923,10434.119999999999,5217.0599999999995,2,Bronze,run_20260808_212843,2026-08-08T21:28:54.819066+00:00
C08924,56556.1,7069.5125,8,Platinum,run_20260808_212843,2026-08-08T21:28:54.819066+00:00
C08925,2217.7000000000003,1108.8500000000001,2,Platinum,run_20260808_212843,2026-08-08T21:28:54.819066+00:00
C08926,20176.08,10088.04,2,Gold,run_20260808_212843,2026-08-08T21:28:54.819066+00:00
C08927,25198.08,8399.36,3,Platinum,run_20260808_212843,2026-08-08T21:28:54.819066+00:00
C08928,44317.81,7386.301666666666,6,Platinum,run_20260808_212843,2026-08-08T21:28:54.819066+00:00
C08929,16520.800000000003,8260.400000000001,2,Silver,run_20260808_212843,2026-08-08T21:28:54.819066+00:00
C08930,8263.09,4131.545,2,Bronze,run_20260808_212843,2026-08-08T21:28:54.819066+00:00
C08931,29576.079999999998,5915.215999999999,5,Gold,run_20260808_212843,2026-08-08T21:28:54.819066+00:00
C08932,26729.2,5345.84,5,Platinum,run_20260808_212843,2026-08-08T21:28:54.819066+00:00
C08933,17479.84,8739.92,2,Silver,run_20260808_212843,2026-08-08T21:28:54.819066+00:00
C08934,23567.16,7855.72,3,Gold,run_20260808_212843,2026-08-08T21:28:54.819066+00:00
C08935,61554.409999999996,10259.068333333333,6,Bronze,run_20260808_212843,2026-08-08T21:28:54.819066+00:00
C08936,47496.479999999996,11874.119999999999,4,Bronze,run_20260808_212843,2026-08-08T21:28:54.819066+00:00
C08937,41350.06,10337.515,4,Bronze,run_20260808_212843,2026-08-08T21:28:54.819066+00:00
C08938,10112.52,5056.26,2,Gold,run_20260808_212843,2026-08-08T21:28:54.819066+00:00
C08939,71612.86,6510.26,11,Gold,run_20260808_212843,2026-08-08T21:28:54.819066+00:00
C08940,80394.97,11484.995714285715,7,Bronze,run_20260808_212843,2026-08-08T21:28:54.819066+00:00
C08941,50633.94,6329.2425,8,Silver,run_20260808_212843,2026-08-08T21:28:54.819066+00:00
C08942,73077.13,10439.59,7,Gold,run_20260808_212843,2026-08-08T21:28:54.819066+00:00
C08943,28289.1,5657.82,5,Silver,run_20260808_212843,2026-08-08T21:28:54.819066+00:00
C08944,5368.9,5368.9,1,Bronze,run_20260808_212843,2026-08-08T21:28:54.819066+00:00
C08945,41409.009999999995,8281.802,5,Bronze,run_20260808_212843,2026-08-08T21:28:54.819066+00:00
C08946,52954.37,6619.29625,8,Silver,run_20260808_212843,2026-08-08T21:28:54.819066+00:00
C08947,6770.43,2256.81,3,Bronze,run_20260808_212843,2026-08-08T21:28:54.819066+00:00
C08948,12028.52,6014.26,2,Gold,run_20260808_212843,2026-08-08T21:28:54.819066+00:00
C08949,18299.0,9149.5,2,Silver,run_20260808_212843,2026-08-08T21:28:54.819066+00:00
C08950,21162.920000000002,5290.7300000000005,4,Silver,run_20260808_212843,2026-08-08T21:28:54.819066+00:00
C08951,6500.67,2166.89,3,Bronze,run_20260808_212843,2026-08-08T21:28:54.819066+00:00
C08952,74114.0,10587.714285714286,7,Silver,run_20260808_212843,2026-08-08T21:28:54.819066+00:00
C08953,47496.43,7916.071666666667,6,Gold,run_20260808_212843,2026-08-08T21:28:54.819066+00:00
C08954,43430.399999999994,14476.799999999997,3,Bronze,run_20260808_212843,2026-08-08T21:28:54.819066+00:00
C08955,16682.36,8341.18,2,Bronze,run_20260808_212843,2026-08-08T21:28:54.819066+00:00
C08956,49531.71,12382.9275,4,Platinum,run_20260808_212843,2026-08-08T21:28:54.819066+00:00
C08957,57827.18,8261.025714285714,7,Bronze,run_20260808_212843,2026-08-08T21:28:54.819066+00:00
C08958,44328.509999999995,11082.127499999999,4,Bronze,run_20260808_212843,2026-08-08T21:28:54.819066+00:00
C08959,23130.4,3855.066666666667,6,Gold,run_20260808_212843,2026-08-08T21:28:54.819066+00:00
C08960,15810.6,7905.3,2,Bronze,run_20260808_212843,2026-08-08T21:28:54.819066+00:00
C08961,45737.44,5717.18,8,Gold,run_20260808_212843,2026-08-08T21:28:54.819066+00:00
C08962,23902.21,4780.442,5,Bronze,run_20260808_212843,2026-08-08T21:28:54.819066+00:00
C08963,65418.89,8177.36125,8,Gold,run_20260808_212843,2026-08-08T21:28:54.819066+00:00
C08964,17583.83,5861.276666666668,3,Gold,run_20260808_212843,2026-08-08T21:28:54.819066+00:00
C08965,12302.509999999998,4100.836666666666,3,Platinum,run_20260808_212843,2026-08-08T21:28:54.819066+00:00
C08966,41908.3,20954.15,2,Silver,run_20260808_212843,2026-08-08T21:28:54.819066+00:00
C08967,11820.279999999999,2955.0699999999997,4,Gold,run_20260808_212843,2026-08-08T21:28:54.819066+00:00
C08968,75334.03,9416.75375,8,Platinum,run_20260808_212843,2026-08-08T21:28:54.819066+00:00
C08969,78779.71,11254.244285714287,7,Gold,run_20260808_212843,2026-08-08T21:28:54.819066+00:00
C08970,60248.44,10041.406666666668,6,Silver,run_20260808_212843,2026-08-08T21:28:54.819066+00:00
C08971,20577.95,10288.975,2,Bronze,run_20260808_212843,2026-08-08T21:28:54.819066+00:00
C08972,66419.99,6641.999000000001,10,Gold,run_20260808_212843,2026-08-08T21:28:54.819066+00:00
C08973,2932.95,2932.95,1,Platinum,run_20260808_212843,2026-08-08T21:28:54.819066+00:00
C08974,51988.11,6498.51375,8,Bronze,run_20260808_212843,2026-08-08T21:28:54.819066+00:00
C08975,46637.54,7772.923333333333,6,Silver,run_20260808_212843,2026-08-08T21:28:54.819066+00:00
C08976,17697.73,3539.546,5,Bronze,run_20260808_212843,2026-08-08T21:28:54.819066+00:00
C08977,40324.97,8064.994000000001,5,Platinum,run_20260808_212843,2026-08-08T21:28:54.819066+00:00
C08978,49249.2,6156.15,8,Platinum,run_20260808_212843,2026-08-08T21:28:54.819066+00:00
C08979,41223.159999999996,8244.632,5,Bronze,run_20260808_212843,2026-08-08T21:28:54.819066+00:00
C08980,45647.65,5071.961111111112,9,Gold,run_20260808_212843,2026-08-08T21:28:54.819066+00:00
C08981,25159.95,5031.99,5,Silver,run_20260808_212843,2026-08-08T21:28:54.819066+00:00
C08982,35877.39,11959.13,3,Silver,run_20260808_212843,2026-08-08T21:28:54.819066+00:00
C08983,34193.67,6838.7339999999995,5,Platinum,run_20260808_212843,2026-08-08T21:28:54.819066+00:00
C08984,37198.14,7439.628,5,Bronze,run_20260808_212843,2026-08-08T21:28:54.819066+00:00
C08985,39250.59,5607.227142857142,7,Bronze,run_20260808_212843,2026-08-08T21:28:54.819066+00:00
C08986,4164.0,4164.0,1,Silver,run_20260808_212843,2026-08-08T21:28:54.819066+00:00
C08987,30246.79,7561.6975,4,Silver,run_20260808_212843,2026-08-08T21:28:54.819066+00:00
C08988,37489.2,12496.4,3,Silver,run_20260808_212843,2026-08-08T21:28:54.819066+00:00
C08989,102425.18,9311.38,11,Silver,run_20260808_212843,2026-08-08T21:28:54.819066+00:00
C08990,8869.84,4434.92,2,Gold,run_20260808_212843,2026-08-08T21:28:54.819066+00:00
C08991,21697.510000000002,5424.3775000000005,4,Platinum,run_20260808_212843,2026-08-08T21:28:54.819066+00:00
C08992,30730.03,7682.5075,4,Silver,run_20260808_212843,2026-08-08T21:28:54.819066+00:00
C08993,60241.159999999996,10040.193333333333,6,Gold,run_20260808_212843,2026-08-08T21:28:54.819066+00:00
C08994,41893.47,10473.3675,4,Gold,run_20260808_212843,2026-08-08T21:28:54.819066+00:00
C08995,84158.63,14026.438333333334,6,Gold,run_20260808_212843,2026-08-08T21:28:54.819066+00:00
C08996,68717.7,9816.814285714285,7,Platinum,run_20260808_212843,2026-08-08T21:28:54.819066+00:00
C08997,24512.49,6128.1225,4,Bronze,run_20260808_212843,2026-08-08T21:28:54.819066+00:00
C08998,1614.62,1614.62,1,Platinum,run_20260808_212843,2026-08-08T21:28:54.819066+00:00
C08999,45604.98,6514.997142857143,7,Silver,run_20260808_212843,2026-08-08T21:28:54.819066+00:00
C09000,51427.72,10285.544,5,Silver,run_20260808_212843,2026-08-08T21:28:54.819066+00:00
C09001,23769.510000000002,3961.5850000000005,6,Bronze,run_20260808_212843,2026-08-08T21:28:54.819066+00:00
C09002,14806.119999999999,7403.0599999999995,2,Silver,run_20260808_212843,2026-08-08T21:28:54.819066+00:00
C09003,54060.32,7722.902857142857,7,Platinum,run_20260808_212843,2026-08-08T21:28:54.819066+00:00
C09004,11267.0,3755.6666666666665,3,Bronze,run_20260808_212843,2026-08-08T21:28:54.819066+00:00
C09005,30116.36,4302.337142857143,7,Bronze,run_20260808_212843,2026-08-08T21:28:54.819066+00:00
C09006,71800.38,7977.820000000001,9,Silver,run_20260808_212843,2026-08-08T21:28:54.819066+00:00
C09007,35483.77,7096.753999999999,5,Gold,run_20260808_212843,2026-08-08T21:28:54.819066+00:00
C09008,17007.489999999998,4251.8724999999995,4,Bronze,run_20260808_212843,2026-08-08T21:28:54.819066+00:00
C09009,40564.18,5794.882857142858,7,Platinum,run_20260808_212843,2026-08-08T21:28:54.819066+00:00
C09010,13861.57,3465.3925,4,Bronze,run_20260808_212843,2026-08-08T21:28:54.819066+00:00
C09011,49820.06,8303.343333333332,6,Platinum,run_20260808_212843,2026-08-08T21:28:54.819066+00:00
C09012,36736.19,6122.698333333334,6,Gold,run_20260808_212843,2026-08-08T21:28:54.819066+00:00
C09013,31981.38,4568.768571428572,7,Silver,run_20260808_212843,2026-08-08T21:28:54.819066+00:00
C09014,50104.34,10020.867999999999,5,Gold,run_20260808_212843,2026-08-08T21:28:54.819066+00:00
C09015,32205.61,6441.122,5,Silver,run_20260808_212843,2026-08-08T21:28:54.819066+00:00
C09016,10931.01,3643.67,3,Bronze,run_20260808_212843,2026-08-08T21:28:54.819066+00:00
C09017,45082.15,9016.43,5,Gold,run_20260808_212843,2026-08-08T21:28:54.819066+00:00
C09018,37052.56,9263.14,4,Gold,run_20260808_212843,2026-08-08T21:28:54.819066+00:00
C09019,56918.659999999996,9486.443333333333,6,Gold,run_20260808_212843,2026-08-08T21:28:54.819066+00:00
C09020,34107.68,6821.536,5,Bronze,run_20260808_212843,2026-08-08T21:28:54.819066+00:00
C09021,19596.44,6532.1466666666665,3,Bronze,run_20260808_212843,2026-08-08T21:28:54.819066+00:00
C09022,71430.54,7936.726666666666,9,Silver,run_20260808_212843,2026-08-08T21:28:54.819066+00:00
C09023,13593.84,6796.92,2,Platinum,run_20260808_212843,2026-08-08T21:28:54.819066+00:00
C09024,22221.37,5555.3425,4,Gold,run_20260808_212843,2026-08-08T21:28:54.819066+00:00
C09025,11741.779999999999,3913.9266666666663,3,Platinum,run_20260808_212843,2026-08-08T21:28:54.819066+00:00
C09026,61699.630000000005,10283.271666666667,6,Gold,run_20260808_212843,2026-08-08T21:28:54.819066+00:00
C09027,107975.09,9815.917272727273,11,Platinum,run_20260808_212843,2026-08-08T21:28:54.819066+00:00
C09028,26287.170000000002,5257.434,5,Silver,run_20260808_212843,2026-08-08T21:28:54.819066+00:00
C09029,9626.02,4813.01,2,Bronze,run_20260808_212843,2026-08-08T21:28:54.819066+00:00
C09030,45880.19,9176.038,5,Platinum,run_20260808_212843,2026-08-08T21:28:54.819066+00:00
C09031,78732.1,9841.5125,8,Bronze,run_20260808_212843,2026-08-08T21:28:54.819066+00:00
C09032,6519.63,3259.815,2,Gold,run_20260808_212843,2026-08-08T21:28:54.819066+00:00
C09033,83956.20999999999,9328.467777777776,9,Gold,run_20260808_212843,2026-08-08T21:28:54.819066+00:00
C09034,49613.71000000001,9922.742000000002,5,Platinum,run_20260808_212843,2026-08-08T21:28:54.819066+00:00
C09035,45532.96,15177.653333333334,3,Platinum,run_20260808_212843,2026-08-08T21:28:54.819066+00:00
C09036,52249.38,7464.197142857142,7,Silver,run_20260808_212843,2026-08-08T21:28:54.819066+00:00
C09037,15489.869999999999,3097.9739999999997,5,Platinum,run_20260808_212843,2026-08-08T21:28:54.819066+00:00
C09038,17736.21,5912.07,3,Gold,run_20260808_212843,2026-08-08T21:28:54.819066+00:00
C09039,59362.19,8480.312857142857,7,Gold,run_20260808_212843,2026-08-08T21:28:54.819066+00:00
C09040,56410.520000000004,6267.835555555556,9,Gold,run_20260808_212843,2026-08-08T21:28:54.819066+00:00
C09041,23065.81,5766.4525,4,Bronze,run_20260808_212843,2026-08-08T21:28:54.819066+00:00
C09042,28865.37,14432.685,2,Platinum,run_20260808_212843,2026-08-08T21:28:54.819066+00:00
C09043,18975.05,9487.525,2,Platinum,run_20260808_212843,2026-08-08T21:28:54.819066+00:00
C09044,50377.9,10075.58,5,Gold,run_20260808_212843,2026-08-08T21:28:54.819066+00:00
C09045,42437.89,7072.981666666667,6,Bronze,run_20260808_212843,2026-08-08T21:28:54.819066+00:00
C09046,3824.9100000000003,1912.4550000000002,2,Bronze,run_20260808_212843,2026-08-08T21:28:54.819066+00:00
C09047,39574.54,7914.908,5,Silver,run_20260808_212843,2026-08-08T21:28:54.819066+00:00
C09048,30840.440000000002,7710.110000000001,4,Bronze,run_20260808_212843,2026-08-08T21:28:54.819066+00:00
C09049,26819.260000000002,6704.8150000000005,4,Silver,run_20260808_212843,2026-08-08T21:28:54.819066+00:00
C09050,19942.56,9971.28,2,Bronze,run_20260808_212843,2026-08-08T21:28:54.819066+00:00
C09051,27825.69,5565.138,5,Gold,run_20260808_212843,2026-08-08T21:28:54.819066+00:00
C09052,21883.83,7294.610000000001,3,Platinum,run_20260808_212843,2026-08-08T21:28:54.819066+00:00
C09053,52304.82,10460.964,5,Silver,run_20260808_212843,2026-08-08T21:28:54.819066+00:00
C09054,9309.38,3103.1266666666666,3,Platinum,run_20260808_212843,2026-08-08T21:28:54.819066+00:00
C09055,70498.06,10071.151428571427,7,Bronze,run_20260808_212843,2026-08-08T21:28:54.819066+00:00
C09056,3032.44,1516.22,2,Silver,run_20260808_212843,2026-08-08T21:28:54.819066+00:00
C09057,42553.61,6079.087142857143,7,Platinum,run_20260808_212843,2026-08-08T21:28:54.819066+00:00
C09058,30829.019999999997,3853.6274999999996,8,Platinum,run_20260808_212843,2026-08-08T21:28:54.819066+00:00
C09059,42244.95,6034.992857142856,7,Bronze,run_20260808_212843,2026-08-08T21:28:54.819066+00:00
C09060,53110.49,8851.748333333333,6,Gold,run_20260808_212843,2026-08-08T21:28:54.819066+00:00
C09061,44446.6,8889.32,5,Platinum,run_20260808_212843,2026-08-08T21:28:54.819066+00:00
C09062,51331.57,12832.8925,4,Platinum,run_20260808_212843,2026-08-08T21:28:54.819066+00:00
C09063,64776.21,7197.356666666667,9,Platinum,run_20260808_212843,2026-08-08T21:28:54.819066+00:00
C09064,26269.3,4378.216666666666,6,Bronze,run_20260808_212843,2026-08-08T21:28:54.819066+00:00
C09065,68337.18000000001,11389.53,6,Bronze,run_20260808_212843,2026-08-08T21:28:54.819066+00:00
C09066,17690.71,8845.355,2,Silver,run_20260808_212843,2026-08-08T21:28:54.819066+00:00
C09067,44356.1,11089.025,4,Bronze,run_20260808_212843,2026-08-08T21:28:54.819066+00:00
C09068,43728.86,10932.215,4,Platinum,run_20260808_212843,2026-08-08T21:28:54.819066+00:00
C09069,75942.12999999999,7594.212999999999,10,Platinum,run_20260808_212843,2026-08-08T21:28:54.819066+00:00
C09070,25850.7,6462.675,4,Silver,run_20260808_212843,2026-08-08T21:28:54.819066+00:00
C09071,19055.76,9527.88,2,Platinum,run_20260808_212843,2026-08-08T21:28:54.819066+00:00
C09072,43817.78,14605.926666666666,3,Gold,run_20260808_212843,2026-08-08T21:28:54.819066+00:00
C09073,10455.93,3485.31,3,Bronze,run_20260808_212843,2026-08-08T21:28:54.819066+00:00
C09074,15731.369999999999,5243.79,3,Gold,run_20260808_212843,2026-08-08T21:28:54.819066+00:00
C09075,71565.36,5963.78,12,Gold,run_20260808_212843,2026-08-08T21:28:54.819066+00:00
C09076,73470.8,10495.828571428572,7,Platinum,run_20260808_212843,2026-08-08T21:28:54.819066+00:00
C09077,48511.06,9702.212,5,Silver,run_20260808_212843,2026-08-08T21:28:54.819066+00:00
C09078,4761.15,1587.05,3,Platinum,run_20260808_212843,2026-08-08T21:28:54.819066+00:00
C09079,29391.79,9797.263333333334,3,Bronze,run_20260808_212843,2026-08-08T21:28:54.819066+00:00
C09080,42571.33,8514.266,5,Gold,run_20260808_212843,2026-08-08T21:28:54.819066+00:00
C09081,63408.21,7926.02625,8,Platinum,run_20260808_212843,2026-08-08T21:28:54.819066+00:00
C09082,48037.36,9607.472,5,Bronze,run_20260808_212843,2026-08-08T21:28:54.819066+00:00
C09083,7849.299999999999,3924.6499999999996,2,Silver,run_20260808_212843,2026-08-08T21:28:54.819066+00:00
C09084,43441.649999999994,8688.329999999998,5,Platinum,run_20260808_212843,2026-08-08T21:28:54.819066+00:00
C09085,15939.900000000001,5313.3,3,Silver,run_20260808_212843,2026-08-08T21:28:54.819066+00:00
C09086,43996.27,5499.53375,8,Silver,run_20260808_212843,2026-08-08T21:28:54.819066+00:00
C09087,29306.199999999997,4884.366666666666,6,Gold,run_20260808_212843,2026-08-08T21:28:54.819066+00:00
C09088,37591.99,6265.331666666666,6,Bronze,run_20260808_212843,2026-08-08T21:28:54.819066+00:00
C09089,24036.129999999997,4006.021666666666,6,Platinum,run_20260808_212843,2026-08-08T21:28:54.819066+00:00
C09090,82682.05,11811.721428571429,7,Bronze,run_20260808_212843,2026-08-08T21:28:54.819066+00:00
C09091,39689.380000000005,9922.345000000001,4,Gold,run_20260808_212843,2026-08-08T21:28:54.819066+00:00
C09092,64029.75,10671.625,6,Platinum,run_20260808_212843,2026-08-08T21:28:54.819066+00:00
C09093,47113.52,5889.19,8,Platinum,run_20260808_212843,2026-08-08T21:28:54.819066+00:00
C09094,35422.159999999996,7084.431999999999,5,Silver,run_20260808_212843,2026-08-08T21:28:54.819066+00:00
C09095,58441.9,8348.842857142858,7,Bronze,run_20260808_212843,2026-08-08T21:28:54.819066+00:00
C09096,69563.95,8695.49375,8,Silver,run_20260808_212843,2026-08-08T21:28:54.819066+00:00
C09097,57245.39,5204.126363636364,11,Bronze,run_20260808_212843,2026-08-08T21:28:54.819066+00:00
C09098,23855.85,5963.9625,4,Platinum,run_20260808_212843,2026-08-08T21:28:54.819066+00:00
C09099,43262.59,10815.6475,4,Gold,run_20260808_212843,2026-08-08T21:28:54.819066+00:00
C09100,72618.47,10374.067142857142,7,Gold,run_20260808_212843,2026-08-08T21:28:54.819066+00:00
C09101,24937.4,4987.4800000000005,5,Silver,run_20260808_212843,2026-08-08T21:28:54.819066+00:00
C09102,79342.9,9917.8625,8,Bronze,run_20260808_212843,2026-08-08T21:28:54.819066+00:00
C09103,29643.63,9881.210000000001,3,Silver,run_20260808_212843,2026-08-08T21:28:54.819066+00:00
C09104,31514.17,5252.361666666667,6,Bronze,run_20260808_212843,2026-08-08T21:28:54.819066+00:00
C09105,33257.93,6651.586,5,Gold,run_20260808_212843,2026-08-08T21:28:54.819066+00:00
C09106,39103.840000000004,5586.262857142858,7,Platinum,run_20260808_212843,2026-08-08T21:28:54.819066+00:00
C09107,59996.07000000001,9999.345000000001,6,Bronze,run_20260808_212843,2026-08-08T21:28:54.819066+00:00
C09108,31406.879999999997,5234.48,6,Gold,run_20260808_212843,2026-08-08T21:28:54.819066+00:00
C09109,29880.489999999998,7470.1224999999995,4,Platinum,run_20260808_212843,2026-08-08T21:28:54.819066+00:00
C09110,35675.94,5945.990000000001,6,Platinum,run_20260808_212843,2026-08-08T21:28:54.819066+00:00
C09111,20632.989999999998,5158.2474999999995,4,Silver,run_20260808_212843,2026-08-08T21:28:54.819066+00:00
C09112,72393.73,10341.961428571429,7,Gold,run_20260808_212843,2026-08-08T21:28:54.819066+00:00
C09113,23324.629999999997,7774.876666666666,3,Silver,run_20260808_212843,2026-08-08T21:28:54.819066+00:00
C09114,15081.880000000001,5027.293333333334,3,Bronze,run_20260808_212843,2026-08-08T21:28:54.819066+00:00
C09115,3016.8599999999997,1508.4299999999998,2,Bronze,run_20260808_212843,2026-08-08T21:28:54.819066+00:00
C09116,30036.199999999997,4290.885714285714,7,Platinum,run_20260808_212843,2026-08-08T21:28:54.819066+00:00
C09117,14033.8,4677.933333333333,3,Gold,run_20260808_212843,2026-08-08T21:28:54.819066+00:00
C09118,36756.26,7351.252,5,Gold,run_20260808_212843,2026-08-08T21:28:54.819066+00:00
C09119,51837.18,10367.436,5,Silver,run_20260808_212843,2026-08-08T21:28:54.819066+00:00
C09120,31570.899999999998,6314.179999999999,5,Silver,run_20260808_212843,2026-08-08T21:28:54.819066+00:00
C09121,13668.48,4556.16,3,Gold,run_20260808_212843,2026-08-08T21:28:54.819066+00:00
C09122,4517.06,2258.53,2,Platinum,run_20260808_212843,2026-08-08T21:28:54.819066+00:00
C09123,29350.370000000003,9783.456666666667,3,Platinum,run_20260808_212843,2026-08-08T21:28:54.819066+00:00
C09124,33057.18,4722.454285714286,7,Platinum,run_20260808_212843,2026-08-08T21:28:54.819066+00:00
C09125,3975.02,3975.02,1,Silver,run_20260808_212843,2026-08-08T21:28:54.819066+00:00
C09126,34732.43,11577.476666666667,3,Platinum,run_20260808_212843,2026-08-08T21:28:54.819066+00:00
C09127,35690.21,5948.368333333333,6,Gold,run_20260808_212843,2026-08-08T21:28:54.819066+00:00
C09128,21141.06,7047.02,3,Platinum,run_20260808_212843,2026-08-08T21:28:54.819066+00:00
C09129,42679.33,6097.047142857143,7,Bronze,run_20260808_212843,2026-08-08T21:28:54.819066+00:00
C09130,65470.85,10911.808333333332,6,Silver,run_20260808_212843,2026-08-08T21:28:54.819066+00:00
C09131,64193.9,10698.983333333334,6,Bronze,run_20260808_212843,2026-08-08T21:28:54.819066+00:00
C09132,28536.36,5707.272,5,Silver,run_20260808_212843,2026-08-08T21:28:54.819066+00:00
C09133,56597.869999999995,8085.409999999999,7,Gold,run_20260808_212843,2026-08-08T21:28:54.819066+00:00
C09134,7052.18,3526.09,2,Gold,run_20260808_212843,2026-08-08T21:28:54.819066+00:00
C09135,11257.52,3752.5066666666667,3,Bronze,run_20260808_212843,2026-08-08T21:28:54.819066+00:00
C09136,11171.039999999999,3723.68,3,Silver,run_20260808_212843,2026-08-08T21:28:54.819066+00:00
C09137,40886.88,5110.86,8,Platinum,run_20260808_212843,2026-08-08T21:28:54.819066+00:00
C09138,49736.520000000004,7105.217142857144,7,Silver,run_20260808_212843,2026-08-08T21:28:54.819066+00:00
C09139,56569.81,11313.962,5,Platinum,run_20260808_212843,2026-08-08T21:28:54.819066+00:00
C09140,44676.3,7446.05,6,Gold,run_20260808_212843,2026-08-08T21:28:54.819066+00:00
C09141,29995.18,5999.036,5,Bronze,run_20260808_212843,2026-08-08T21:28:54.819066+00:00
C09142,28448.32,9482.773333333333,3,Platinum,run_20260808_212843,2026-08-08T21:28:54.819066+00:00
C09143,45898.08,11474.52,4,Gold,run_20260808_212843,2026-08-08T21:28:54.819066+00:00
C09144,28914.64,9638.213333333333,3,Bronze,run_20260808_212843,2026-08-08T21:28:54.819066+00:00
C09145,69939.81,11656.635,6,Platinum,run_20260808_212843,2026-08-08T21:28:54.819066+00:00
C09146,31080.47,7770.1175,4,Silver,run_20260808_212843,2026-08-08T21:28:54.819066+00:00
C09147,51904.94,7414.9914285714285,7,Platinum,run_20260808_212843,2026-08-08T21:28:54.819066+00:00
C09148,6595.72,3297.86,2,Bronze,run_20260808_212843,2026-08-08T21:28:54.819066+00:00
C09149,15958.57,3191.714,5,Bronze,run_20260808_212843,2026-08-08T21:28:54.819066+00:00
C09150,43683.369999999995,8736.673999999999,5,Silver,run_20260808_212843,2026-08-08T21:28:54.819066+00:00
C09151,30983.22,10327.74,3,Silver,run_20260808_212843,2026-08-08T21:28:54.819066+00:00
C09152,39191.93,9797.9825,4,Platinum,run_20260808_212843,2026-08-08T21:28:54.819066+00:00
C09153,43826.8,10956.7,4,Silver,run_20260808_212843,2026-08-08T21:28:54.819066+00:00
C09154,23127.559999999998,7709.186666666666,3,Platinum,run_20260808_212843,2026-08-08T21:28:54.819066+00:00
C09155,59729.63,8532.804285714285,7,Silver,run_20260808_212843,2026-08-08T21:28:54.819066+00:00
C09156,50118.98,7159.854285714287,7,Gold,run_20260808_212843,2026-08-08T21:28:54.819066+00:00
C09157,64756.84,10792.806666666665,6,Silver,run_20260808_212843,2026-08-08T21:28:54.819066+00:00
C09158,28677.06,7169.265,4,Silver,run_20260808_212843,2026-08-08T21:28:54.819066+00:00
C09159,48054.17,6864.881428571428,7,Bronze,run_20260808_212843,2026-08-08T21:28:54.819066+00:00
C09160,12655.5,6327.75,2,Gold,run_20260808_212843,2026-08-08T21:28:54.819066+00:00
C09161,51313.689999999995,8552.281666666666,6,Gold,run_20260808_212843,2026-08-08T21:28:54.819066+00:00
C09162,56478.09,5647.808999999999,10,Bronze,run_20260808_212843,2026-08-08T21:28:54.819066+00:00
C09163,6203.95,6203.95,1,Gold,run_20260808_212843,2026-08-08T21:28:54.819066+00:00
C09164,39651.99,13217.33,3,Gold,run_20260808_212843,2026-08-08T21:28:54.819066+00:00
C09165,21027.7,2628.4625,8,Bronze,run_20260808_212843,2026-08-08T21:28:54.819066+00:00
C09166,80490.98999999999,10061.373749999999,8,Platinum,run_20260808_212843,2026-08-08T21:28:54.819066+00:00
C09167,33720.95,11240.316666666666,3,Platinum,run_20260808_212843,2026-08-08T21:28:54.819066+00:00
C09168,47648.47,9529.694,5,Platinum,run_20260808_212843,2026-08-08T21:28:54.819066+00:00
C09169,24724.309999999998,6181.077499999999,4,Platinum,run_20260808_212843,2026-08-08T21:28:54.819066+00:00
C09170,24799.11,12399.555,2,Gold,run_20260808_212843,2026-08-08T21:28:54.819066+00:00
C09171,37515.37,9378.8425,4,Gold,run_20260808_212843,2026-08-08T21:28:54.819066+00:00
C09172,83541.19,8354.119,10,Platinum,run_20260808_212843,2026-08-08T21:28:54.819066+00:00
C09173,52970.92,8828.486666666666,6,Gold,run_20260808_212843,2026-08-08T21:28:54.819066+00:00
C09174,39277.27,13092.423333333332,3,Bronze,run_20260808_212843,2026-08-08T21:28:54.819066+00:00
C09175,17471.77,4367.9425,4,Silver,run_20260808_212843,2026-08-08T21:28:54.819066+00:00
C09176,62736.09,7842.01125,8,Platinum,run_20260808_212843,2026-08-08T21:28:54.819066+00:00
C09177,16340.29,5446.763333333333,3,Platinum,run_20260808_212843,2026-08-08T21:28:54.819066+00:00
C09178,45897.84,6556.834285714285,7,Gold,run_20260808_212843,2026-08-08T21:28:54.819066+00:00
C09179,27292.989999999998,9097.663333333332,3,Silver,run_20260808_212843,2026-08-08T21:28:54.819066+00:00
C09180,27553.39,6888.3475,4,Silver,run_20260808_212843,2026-08-08T21:28:54.819066+00:00
C09181,44164.01,6309.144285714286,7,Platinum,run_20260808_212843,2026-08-08T21:28:54.819066+00:00
C09182,39823.06,6637.176666666666,6,Platinum,run_20260808_212843,2026-08-08T21:28:54.819066+00:00
C09183,38548.87,7709.774,5,Gold,run_20260808_212843,2026-08-08T21:28:54.819066+00:00
C09184,30194.43,10064.81,3,Platinum,run_20260808_212843,2026-08-08T21:28:54.819066+00:00
C09185,23438.629999999997,3348.375714285714,7,Gold,run_20260808_212843,2026-08-08T21:28:54.819066+00:00
C09186,43569.020000000004,7261.503333333334,6,Bronze,run_20260808_212843,2026-08-08T21:28:54.819066+00:00
C09187,62478.54,12495.708,5,Bronze,run_20260808_212843,2026-08-08T21:28:54.819066+00:00
C09188,24320.05,8106.683333333333,3,Bronze,run_20260808_212843,2026-08-08T21:28:54.819066+00:00
C09189,64896.26,10816.043333333333,6,Bronze,run_20260808_212843,2026-08-08T21:28:54.819066+00:00
C09190,31983.15,6396.63,5,Bronze,run_20260808_212843,2026-08-08T21:28:54.819066+00:00
C09191,60180.79,8597.255714285715,7,Platinum,run_20260808_212843,2026-08-08T21:28:54.819066+00:00
C09192,89659.39,8150.853636363637,11,Bronze,run_20260808_212843,2026-08-08T21:28:54.819066+00:00
C09193,23982.75,5995.6875,4,Platinum,run_20260808_212843,2026-08-08T21:28:54.819066+00:00
C09194,56751.93,6305.77,9,Bronze,run_20260808_212843,2026-08-08T21:28:54.819066+00:00
C09195,45863.520000000004,6551.931428571429,7,Platinum,run_20260808_212843,2026-08-08T21:28:54.819066+00:00
C09196,72560.83,6596.439090909091,11,Bronze,run_20260808_212843,2026-08-08T21:28:54.819066+00:00
C09197,36375.96,12125.32,3,Gold,run_20260808_212843,2026-08-08T21:28:54.819066+00:00
C09198,28346.64,5669.3279999999995,5,Platinum,run_20260808_212843,2026-08-08T21:28:54.819066+00:00
C09199,97414.67,13916.381428571429,7,Silver,run_20260808_212843,2026-08-08T21:28:54.819066+00:00
C09200,68157.88,9736.84,7,Silver,run_20260808_212843,2026-08-08T21:28:54.819066+00:00
C09201,18953.14,6317.713333333333,3,Platinum,run_20260808_212843,2026-08-08T21:28:54.819066+00:00
C09202,15189.99,5063.33,3,Platinum,run_20260808_212843,2026-08-08T21:28:54.819066+00:00
C09203,19770.35,9885.175,2,Bronze,run_20260808_212843,2026-08-08T21:28:54.819066+00:00
C09204,30633.28,5105.546666666666,6,Silver,run_20260808_212843,2026-08-08T21:28:54.819066+00:00
C09205,59856.16,8550.880000000001,7,Platinum,run_20260808_212843,2026-08-08T21:28:54.819066+00:00
C09206,16123.699999999999,3224.74,5,Bronze,run_20260808_212843,2026-08-08T21:28:54.819066+00:00
C09207,35946.299999999996,5991.049999999999,6,Gold,run_20260808_212843,2026-08-08T21:28:54.819066+00:00
C09208,20256.66,10128.33,2,Platinum,run_20260808_212843,2026-08-08T21:28:54.819066+00:00
C09209,46457.59,11614.3975,4,Platinum,run_20260808_212843,2026-08-08T21:28:54.819066+00:00
C09210,66041.32,9434.474285714286,7,Platinum,run_20260808_212843,2026-08-08T21:28:54.819066+00:00
C09211,43728.42,4372.842,10,Bronze,run_20260808_212843,2026-08-08T21:28:54.819066+00:00
C09212,19604.56,19604.56,1,Gold,run_20260808_212843,2026-08-08T21:28:54.819066+00:00
C09213,5659.21,1886.4033333333334,3,Silver,run_20260808_212843,2026-08-08T21:28:54.819066+00:00
C09214,22683.940000000002,4536.7880000000005,5,Gold,run_20260808_212843,2026-08-08T21:28:54.819066+00:00
C09215,18859.629999999997,6286.543333333332,3,Gold,run_20260808_212843,2026-08-08T21:28:54.819066+00:00
C09216,45899.89,5737.48625,8,Gold,run_20260808_212843,2026-08-08T21:28:54.819066+00:00
C09217,1388.14,1388.14,1,Gold,run_20260808_212843,2026-08-08T21:28:54.819066+00:00
C09218,12010.03,3002.5075,4,Platinum,run_20260808_212843,2026-08-08T21:28:54.819066+00:00
C09219,23897.08,11948.54,2,Silver,run_20260808_212843,2026-08-08T21:28:54.819066+00:00
C09220,48235.42,6029.4275,8,Bronze,run_20260808_212843,2026-08-08T21:28:54.819066+00:00
C09221,151608.69,10829.192142857142,14,Platinum,run_20260808_212843,2026-08-08T21:28:54.819066+00:00
C09222,84226.05,9358.45,9,Bronze,run_20260808_212843,2026-08-08T21:28:54.819066+00:00
C09223,50220.35,10044.07,5,Bronze,run_20260808_212843,2026-08-08T21:28:54.819066+00:00
C09224,16102.01,4025.5025,4,Bronze,run_20260808_212843,2026-08-08T21:28:54.819066+00:00
C09225,35611.03,7122.206,5,Silver,run_20260808_212843,2026-08-08T21:28:54.819066+00:00
C09226,38753.41,6458.901666666668,6,Gold,run_20260808_212843,2026-08-08T21:28:54.819066+00:00
C09227,60264.34,12052.867999999999,5,Gold,run_20260808_212843,2026-08-08T21:28:54.819066+00:00
C09228,69767.77,8720.97125,8,Gold,run_20260808_212843,2026-08-08T21:28:54.819066+00:00
C09229,33210.84,5535.139999999999,6,Silver,run_20260808_212843,2026-08-08T21:28:54.819066+00:00
C09230,11899.2,5949.6,2,Platinum,run_20260808_212843,2026-08-08T21:28:54.819066+00:00
C09231,29553.11,9851.036666666667,3,Silver,run_20260808_212843,2026-08-08T21:28:54.819066+00:00
C09232,36001.4,7200.280000000001,5,Platinum,run_20260808_212843,2026-08-08T21:28:54.819066+00:00
C09233,21666.690000000002,4333.338000000001,5,Silver,run_20260808_212843,2026-08-08T21:28:54.819066+00:00
C09234,44443.68,6349.097142857143,7,Platinum,run_20260808_212843,2026-08-08T21:28:54.819066+00:00
C09235,17951.2,17951.2,1,Bronze,run_20260808_212843,2026-08-08T21:28:54.819066+00:00
C09236,44194.25,14731.416666666666,3,Platinum,run_20260808_212843,2026-08-08T21:28:54.819066+00:00
C09237,62601.659999999996,6955.74,9,Silver,run_20260808_212843,2026-08-08T21:28:54.819066+00:00
C09238,9541.81,3180.603333333333,3,Platinum,run_20260808_212843,2026-08-08T21:28:54.819066+00:00
C09239,20272.440000000002,5068.110000000001,4,Silver,run_20260808_212843,2026-08-08T21:28:54.819066+00:00
C09240,43510.91,8702.182,5,Platinum,run_20260808_212843,2026-08-08T21:28:54.819066+00:00
C09241,29712.39,5942.478,5,Gold,run_20260808_212843,2026-08-08T21:28:54.819066+00:00
C09242,43616.39,10904.0975,4,Silver,run_20260808_212843,2026-08-08T21:28:54.819066+00:00
C09243,49601.53,7085.932857142857,7,Platinum,run_20260808_212843,2026-08-08T21:28:54.819066+00:00
C09244,13884.02,4628.006666666667,3,Silver,run_20260808_212843,2026-08-08T21:28:54.819066+00:00
C09245,33147.11,8286.7775,4,Bronze,run_20260808_212843,2026-08-08T21:28:54.819066+00:00
C09246,47985.92,7997.653333333333,6,Silver,run_20260808_212843,2026-08-08T21:28:54.819066+00:00
C09247,8203.3,4101.65,2,Bronze,run_20260808_212843,2026-08-08T21:28:54.819066+00:00
C09249,34203.37,11401.123333333335,3,Gold,run_20260808_212843,2026-08-08T21:28:54.819066+00:00
C09250,38887.759999999995,9721.939999999999,4,Silver,run_20260808_212843,2026-08-08T21:28:54.819066+00:00
C09251,25177.75,5035.55,5,Gold,run_20260808_212843,2026-08-08T21:28:54.819066+00:00
C09252,50425.6,10085.119999999999,5,Silver,run_20260808_212843,2026-08-08T21:28:54.819066+00:00
C09253,20443.89,5110.9725,4,Bronze,run_20260808_212843,2026-08-08T21:28:54.819066+00:00
C09254,11892.609999999999,5946.304999999999,2,Bronze,run_20260808_212843,2026-08-08T21:28:54.819066+00:00
C09255,50182.57,10036.514,5,Bronze,run_20260808_212843,2026-08-08T21:28:54.819066+00:00
C09256,45047.26,7507.876666666667,6,Platinum,run_20260808_212843,2026-08-08T21:28:54.819066+00:00
C09257,55991.85,9331.975,6,Bronze,run_20260808_212843,2026-08-08T21:28:54.819066+00:00
C09258,62180.55,12436.11,5,Silver,run_20260808_212843,2026-08-08T21:28:54.819066+00:00
C09259,32353.95,5392.325,6,Bronze,run_20260808_212843,2026-08-08T21:28:54.819066+00:00
C09260,21919.579999999998,7306.526666666666,3,Bronze,run_20260808_212843,2026-08-08T21:28:54.819066+00:00
C09261,51701.23,8616.871666666668,6,Platinum,run_20260808_212843,2026-08-08T21:28:54.819066+00:00
C09262,58552.65,14638.1625,4,Bronze,run_20260808_212843,2026-08-08T21:28:54.819066+00:00
C09263,20790.69,10395.345,2,Silver,run_20260808_212843,2026-08-08T21:28:54.819066+00:00
C09264,3919.6000000000004,1959.8000000000002,2,Platinum,run_20260808_212843,2026-08-08T21:28:54.819066+00:00
C09265,64203.509999999995,9171.929999999998,7,Gold,run_20260808_212843,2026-08-08T21:28:54.819066+00:00
C09266,35414.15,11804.716666666667,3,Silver,run_20260808_212843,2026-08-08T21:28:54.819066+00:00
C09267,28475.4,7118.85,4,Silver,run_20260808_212843,2026-08-08T21:28:54.819066+00:00
C09268,26410.97,6602.7425,4,Silver,run_20260808_212843,2026-08-08T21:28:54.819066+00:00
C09269,17680.239999999998,8840.119999999999,2,Gold,run_20260808_212843,2026-08-08T21:28:54.819066+00:00
C09270,54148.99,7735.57,7,Silver,run_20260808_212843,2026-08-08T21:28:54.819066+00:00
C09271,103453.06999999999,10345.306999999999,10,Silver,run_20260808_212843,2026-08-08T21:28:54.819066+00:00
C09272,2020.79,2020.79,1,Platinum,run_20260808_212843,2026-08-08T21:28:54.819066+00:00
C09273,13336.46,6668.23,2,Gold,run_20260808_212843,2026-08-08T21:28:54.819066+00:00
C09274,46553.5,7758.916666666667,6,Bronze,run_20260808_212843,2026-08-08T21:28:54.819066+00:00
C09275,73603.26000000001,12267.210000000001,6,Gold,run_20260808_212843,2026-08-08T21:28:54.819066+00:00
C09276,9491.67,3163.89,3,Bronze,run_20260808_212843,2026-08-08T21:28:54.819066+00:00
C09277,13090.7,3272.675,4,Silver,run_20260808_212843,2026-08-08T21:28:54.819066+00:00
C09278,22723.300000000003,11361.650000000001,2,Bronze,run_20260808_212843,2026-08-08T21:28:54.819066+00:00
C09279,41481.8,5925.971428571429,7,Bronze,run_20260808_212843,2026-08-08T21:28:54.819066+00:00
C09280,43552.81,7258.801666666666,6,Bronze,run_20260808_212843,2026-08-08T21:28:54.819066+00:00
C09281,53905.869999999995,8984.311666666666,6,Platinum,run_20260808_212843,2026-08-08T21:28:54.819066+00:00
C09282,33469.91,11156.636666666667,3,Bronze,run_20260808_212843,2026-08-08T21:28:54.819066+00:00
C09283,48303.21,6037.90125,8,Bronze,run_20260808_212843,2026-08-08T21:28:54.819066+00:00
C09284,36948.52,9237.13,4,Silver,run_20260808_212843,2026-08-08T21:28:54.819066+00:00
C09285,15847.8,7923.9,2,Gold,run_20260808_212843,2026-08-08T21:28:54.819066+00:00
C09286,31479.989999999998,6295.998,5,Gold,run_20260808_212843,2026-08-08T21:28:54.819066+00:00
C09287,17430.190000000002,8715.095000000001,2,Silver,run_20260808_212843,2026-08-08T21:28:54.819066+00:00
C09288,3626.1,3626.1,1,Bronze,run_20260808_212843,2026-08-08T21:28:54.819066+00:00
C09289,20312.13,4062.4260000000004,5,Bronze,run_20260808_212843,2026-08-08T21:28:54.819066+00:00
C09290,46174.08,6596.297142857143,7,Platinum,run_20260808_212843,2026-08-08T21:28:54.819066+00:00
C09291,17184.28,5728.093333333333,3,Gold,run_20260808_212843,2026-08-08T21:28:54.819066+00:00
C09292,40627.01,8125.402,5,Silver,run_20260808_212843,2026-08-08T21:28:54.819066+00:00
C09293,31523.390000000003,7880.847500000001,4,Platinum,run_20260808_212843,2026-08-08T21:28:54.819066+00:00
C09294,39029.45,13009.816666666666,3,Bronze,run_20260808_212843,2026-08-08T21:28:54.819066+00:00
C09295,33823.26,5637.21,6,Platinum,run_20260808_212843,2026-08-08T21:28:54.819066+00:00
C09296,11277.689999999999,3759.2299999999996,3,Bronze,run_20260808_212843,2026-08-08T21:28:54.819066+00:00
C09297,103436.79000000001,10343.679,10,Platinum,run_20260808_212843,2026-08-08T21:28:54.819066+00:00
C09298,6738.92,1684.73,4,Bronze,run_20260808_212843,2026-08-08T21:28:54.819066+00:00
C09299,23339.84,4667.968,5,Platinum,run_20260808_212843,2026-08-08T21:28:54.819066+00:00
C09300,23036.36,5759.09,4,Bronze,run_20260808_212843,2026-08-08T21:28:54.819066+00:00
C09301,10317.25,2579.3125,4,Silver,run_20260808_212843,2026-08-08T21:28:54.819066+00:00
C09302,49293.79,7041.97,7,Platinum,run_20260808_212843,2026-08-08T21:28:54.819066+00:00
C09303,68918.7,11486.449999999999,6,Platinum,run_20260808_212843,2026-08-08T21:28:54.819066+00:00
C09304,55103.89,6122.654444444444,9,Gold,run_20260808_212843,2026-08-08T21:28:54.819066+00:00
C09305,24236.35,12118.175,2,Platinum,run_20260808_212843,2026-08-08T21:28:54.819066+00:00
C09306,32917.3,5486.216666666667,6,Silver,run_20260808_212843,2026-08-08T21:28:54.819066+00:00
C09307,28486.210000000003,5697.242,5,Silver,run_20260808_212843,2026-08-08T21:28:54.819066+00:00
C09308,37157.9,7431.58,5,Gold,run_20260808_212843,2026-08-08T21:28:54.819066+00:00
C09309,10349.1,10349.1,1,Bronze,run_20260808_212843,2026-08-08T21:28:54.819066+00:00
C09310,16249.43,4062.3575,4,Silver,run_20260808_212843,2026-08-08T21:28:54.819066+00:00
C09311,38759.049999999996,6459.841666666666,6,Bronze,run_20260808_212843,2026-08-08T21:28:54.819066+00:00
C09312,61839.43,5621.766363636364,11,Bronze,run_20260808_212843,2026-08-08T21:28:54.819066+00:00
C09313,52322.49,6540.31125,8,Gold,run_20260808_212843,2026-08-08T21:28:54.819066+00:00
C09314,30677.47,7669.3675,4,Gold,run_20260808_212843,2026-08-08T21:28:54.819066+00:00
C09315,33423.729999999996,5570.621666666666,6,Platinum,run_20260808_212843,2026-08-08T21:28:54.819066+00:00
C09316,24181.760000000002,12090.880000000001,2,Bronze,run_20260808_212843,2026-08-08T21:28:54.819066+00:00
C09317,55907.47,9317.911666666667,6,Silver,run_20260808_212843,2026-08-08T21:28:54.819066+00:00
C09318,26486.11,5297.222,5,Gold,run_20260808_212843,2026-08-08T21:28:54.819066+00:00
C09319,20940.13,4188.026,5,Bronze,run_20260808_212843,2026-08-08T21:28:54.819066+00:00
C09320,6207.0199999999995,2069.0066666666667,3,Silver,run_20260808_212843,2026-08-08T21:28:54.819066+00:00
C09321,41248.42,10312.105,4,Bronze,run_20260808_212843,2026-08-08T21:28:54.819066+00:00
C09322,42101.020000000004,6014.431428571429,7,Bronze,run_20260808_212843,2026-08-08T21:28:54.819066+00:00
C09323,10902.96,2725.74,4,Silver,run_20260808_212843,2026-08-08T21:28:54.819066+00:00
C09324,13642.17,2728.434,5,Silver,run_20260808_212843,2026-08-08T21:28:54.819066+00:00
C09325,95277.57,10586.396666666667,9,Gold,run_20260808_212843,2026-08-08T21:28:54.819066+00:00
C09326,68297.17,13659.434,5,Bronze,run_20260808_212843,2026-08-08T21:28:54.819066+00:00
C09327,36265.58,6044.263333333333,6,Silver,run_20260808_212843,2026-08-08T21:28:54.819066+00:00
C09328,15004.56,7502.28,2,Bronze,run_20260808_212843,2026-08-08T21:28:54.819066+00:00
C09329,49299.96,8216.66,6,Gold,run_20260808_212843,2026-08-08T21:28:54.819066+00:00
C09330,41587.36,8317.472,5,Silver,run_20260808_212843,2026-08-08T21:28:54.819066+00:00
C09331,79799.75,11399.964285714286,7,Silver,run_20260808_212843,2026-08-08T21:28:54.819066+00:00
C09332,23603.54,7867.846666666667,3,Bronze,run_20260808_212843,2026-08-08T21:28:54.819066+00:00
C09333,97422.70999999999,8118.559166666666,12,Silver,run_20260808_212843,2026-08-08T21:28:54.819066+00:00
C09334,14983.2,7491.6,2,Gold,run_20260808_212843,2026-08-08T21:28:54.819066+00:00
C09335,45994.990000000005,6570.7128571428575,7,Gold,run_20260808_212843,2026-08-08T21:28:54.819066+00:00
C09336,96284.0,10698.222222222223,9,Platinum,run_20260808_212843,2026-08-08T21:28:54.819066+00:00
C09337,33895.53,6779.106,5,Silver,run_20260808_212843,2026-08-08T21:28:54.819066+00:00
C09338,28671.07,9557.023333333333,3,Bronze,run_20260808_212843,2026-08-08T21:28:54.819066+00:00
C09339,56464.700000000004,6273.855555555556,9,Gold,run_20260808_212843,2026-08-08T21:28:54.819066+00:00
C09340,46277.47,9255.494,5,Gold,run_20260808_212843,2026-08-08T21:28:54.819066+00:00
C09341,33964.05,8491.0125,4,Platinum,run_20260808_212843,2026-08-08T21:28:54.819066+00:00
C09342,14180.89,4726.963333333333,3,Platinum,run_20260808_212843,2026-08-08T21:28:54.819066+00:00
C09343,77528.12,8614.235555555555,9,Platinum,run_20260808_212843,2026-08-08T21:28:54.819066+00:00
C09344,62003.91,7750.48875,8,Platinum,run_20260808_212843,2026-08-08T21:28:54.819066+00:00
C09345,65965.23,10994.205,6,Silver,run_20260808_212843,2026-08-08T21:28:54.819066+00:00
C09346,41205.9,6867.650000000001,6,Gold,run_20260808_212843,2026-08-08T21:28:54.819066+00:00
C09347,61452.96,6145.296,10,Silver,run_20260808_212843,2026-08-08T21:28:54.819066+00:00
C09348,80801.23000000001,8977.914444444446,9,Silver,run_20260808_212843,2026-08-08T21:28:54.819066+00:00
C09349,33904.79,4238.09875,8,Gold,run_20260808_212843,2026-08-08T21:28:54.819066+00:00
C09350,30364.34,4337.762857142857,7,Platinum,run_20260808_212843,2026-08-08T21:28:54.819066+00:00
C09351,29894.54,9964.846666666666,3,Bronze,run_20260808_212843,2026-08-08T21:28:54.819066+00:00
C09352,30873.37,6174.674,5,Gold,run_20260808_212843,2026-08-08T21:28:54.819066+00:00
C09353,12840.060000000001,6420.030000000001,2,Silver,run_20260808_212843,2026-08-08T21:28:54.819066+00:00
C09354,89042.92,6849.455384615385,13,Silver,run_20260808_212843,2026-08-08T21:28:54.819066+00:00
C09355,29445.07,9815.023333333333,3,Platinum,run_20260808_212843,2026-08-08T21:28:54.819066+00:00
C09356,59556.04,8508.005714285715,7,Platinum,run_20260808_212843,2026-08-08T21:28:54.819066+00:00
C09357,39111.229999999996,7822.245999999999,5,Platinum,run_20260808_212843,2026-08-08T21:28:54.819066+00:00
C09358,29518.35,5903.67,5,Platinum,run_20260808_212843,2026-08-08T21:28:54.819066+00:00
C09359,61158.87,8736.98142857143,7,Gold,run_20260808_212843,2026-08-08T21:28:54.819066+00:00
C09360,24154.74,4025.7900000000004,6,Gold,run_20260808_212843,2026-08-08T21:28:54.819066+00:00
C09361,15412.09,5137.363333333334,3,Bronze,run_20260808_212843,2026-08-08T21:28:54.819066+00:00
C09362,13083.75,4361.25,3,Platinum,run_20260808_212843,2026-08-08T21:28:54.819066+00:00
C09363,55721.75,9286.958333333334,6,Platinum,run_20260808_212843,2026-08-08T21:28:54.819066+00:00
C09364,20382.72,5095.68,4,Silver,run_20260808_212843,2026-08-08T21:28:54.819066+00:00
C09365,21902.079999999998,7300.693333333333,3,Gold,run_20260808_212843,2026-08-08T21:28:54.819066+00:00
C09366,35761.6,8940.4,4,Gold,run_20260808_212843,2026-08-08T21:28:54.819066+00:00
C09367,32754.63,8188.6575,4,Bronze,run_20260808_212843,2026-08-08T21:28:54.819066+00:00
C09368,80549.87,8949.985555555555,9,Platinum,run_20260808_212843,2026-08-08T21:28:54.819066+00:00
C09369,64048.700000000004,10674.783333333335,6,Silver,run_20260808_212843,2026-08-08T21:28:54.819066+00:00
C09370,25701.809999999998,5140.361999999999,5,Bronze,run_20260808_212843,2026-08-08T21:28:54.819066+00:00
C09371,25653.27,6413.3175,4,Gold,run_20260808_212843,2026-08-08T21:28:54.819066+00:00
C09372,51385.7,10277.14,5,Platinum,run_20260808_212843,2026-08-08T21:28:54.819066+00:00
C09373,42279.490000000005,10569.872500000001,4,Gold,run_20260808_212843,2026-08-08T21:28:54.819066+00:00
C09374,62353.25,10392.208333333334,6,Gold,run_20260808_212843,2026-08-08T21:28:54.819066+00:00
C09375,48385.67,12096.4175,4,Platinum,run_20260808_212843,2026-08-08T21:28:54.819066+00:00
C09376,30193.0,10064.333333333334,3,Bronze,run_20260808_212843,2026-08-08T21:28:54.819066+00:00
C09377,55047.119999999995,11009.423999999999,5,Bronze,run_20260808_212843,2026-08-08T21:28:54.819066+00:00
C09378,48467.86,6923.9800000000005,7,Silver,run_20260808_212843,2026-08-08T21:28:54.819066+00:00
C09379,28924.22,5784.844,5,Gold,run_20260808_212843,2026-08-08T21:28:54.819066+00:00
C09380,49307.92,7043.988571428571,7,Platinum,run_20260808_212843,2026-08-08T21:28:54.819066+00:00
C09381,40825.149999999994,5103.143749999999,8,Silver,run_20260808_212843,2026-08-08T21:28:54.819066+00:00
C09382,77844.71,7076.791818181819,11,Gold,run_20260808_212843,2026-08-08T21:28:54.819066+00:00
C09383,27559.460000000003,4593.243333333334,6,Silver,run_20260808_212843,2026-08-08T21:28:54.819066+00:00
C09384,77546.72,12924.453333333333,6,Bronze,run_20260808_212843,2026-08-08T21:28:54.819066+00:00
C09385,40601.83,6766.971666666667,6,Silver,run_20260808_212843,2026-08-08T21:28:54.819066+00:00
C09386,27240.49,9080.163333333334,3,Gold,run_20260808_212843,2026-08-08T21:28:54.819066+00:00
C09387,29849.519999999997,7462.379999999999,4,Gold,run_20260808_212843,2026-08-08T21:28:54.819066+00:00
C09388,41221.41,13740.470000000001,3,Silver,run_20260808_212843,2026-08-08T21:28:54.819066+00:00
C09389,42758.37,6108.338571428571,7,Gold,run_20260808_212843,2026-08-08T21:28:54.819066+00:00
C09390,2218.67,2218.67,1,Bronze,run_20260808_212843,2026-08-08T21:28:54.819066+00:00
C09391,60086.82,7510.8525,8,Bronze,run_20260808_212843,2026-08-08T21:28:54.819066+00:00
C09392,28678.21,4779.701666666667,6,Gold,run_20260808_212843,2026-08-08T21:28:54.819066+00:00
C09393,30602.780000000002,10200.926666666668,3,Bronze,run_20260808_212843,2026-08-08T21:28:54.819066+00:00
C09394,40015.96,6669.326666666667,6,Gold,run_20260808_212843,2026-08-08T21:28:54.819066+00:00
C09395,31691.379999999997,10563.793333333333,3,Silver,run_20260808_212843,2026-08-08T21:28:54.819066+00:00
C09396,26162.879999999997,6540.719999999999,4,Platinum,run_20260808_212843,2026-08-08T21:28:54.819066+00:00
C09397,28797.12,5759.424,5,Gold,run_20260808_212843,2026-08-08T21:28:54.819066+00:00
C09398,58512.729999999996,6501.414444444444,9,Silver,run_20260808_212843,2026-08-08T21:28:54.819066+00:00
C09399,70535.11,10076.444285714286,7,Bronze,run_20260808_212843,2026-08-08T21:28:54.819066+00:00
C09400,14860.74,7430.37,2,Platinum,run_20260808_212843,2026-08-08T21:28:54.819066+00:00
C09401,40778.79,8155.758,5,Gold,run_20260808_212843,2026-08-08T21:28:54.819066+00:00
C09402,25028.809999999998,6257.202499999999,4,Silver,run_20260808_212843,2026-08-08T21:28:54.819066+00:00
C09403,28801.66,4800.276666666667,6,Silver,run_20260808_212843,2026-08-08T21:28:54.819066+00:00
C09404,48242.51,8040.418333333334,6,Bronze,run_20260808_212843,2026-08-08T21:28:54.819066+00:00
C09405,76883.92,8542.657777777778,9,Gold,run_20260808_212843,2026-08-08T21:28:54.819066+00:00
C09406,24639.34,8213.113333333333,3,Bronze,run_20260808_212843,2026-08-08T21:28:54.819066+00:00
C09407,32770.2,5461.7,6,Platinum,run_20260808_212843,2026-08-08T21:28:54.819066+00:00
C09408,36744.41,9186.1025,4,Platinum,run_20260808_212843,2026-08-08T21:28:54.819066+00:00
C09409,57941.11,9656.851666666667,6,Gold,run_20260808_212843,2026-08-08T21:28:54.819066+00:00
C09410,19526.83,9763.415,2,Gold,run_20260808_212843,2026-08-08T21:28:54.819066+00:00
C09411,8683.16,2894.3866666666668,3,Silver,run_20260808_212843,2026-08-08T21:28:54.819066+00:00
C09412,11328.68,3776.226666666667,3,Silver,run_20260808_212843,2026-08-08T21:28:54.819066+00:00
C09413,13068.380000000001,6534.1900000000005,2,Bronze,run_20260808_212843,2026-08-08T21:28:54.819066+00:00
C09414,82626.20999999999,11803.744285714285,7,Platinum,run_20260808_212843,2026-08-08T21:28:54.819066+00:00
C09415,23503.41,2937.92625,8,Platinum,run_20260808_212843,2026-08-08T21:28:54.819066+00:00
C09416,38415.34,7683.067999999999,5,Bronze,run_20260808_212843,2026-08-08T21:28:54.819066+00:00
C09417,59110.1,9851.683333333332,6,Gold,run_20260808_212843,2026-08-08T21:28:54.819066+00:00
C09418,22080.69,5520.1725,4,Platinum,run_20260808_212843,2026-08-08T21:28:54.819066+00:00
C09419,1977.8,659.2666666666667,3,Bronze,run_20260808_212843,2026-08-08T21:28:54.819066+00:00
C09420,38508.45,9627.1125,4,Bronze,run_20260808_212843,2026-08-08T21:28:54.819066+00:00
C09421,81698.27,10212.28375,8,Platinum,run_20260808_212843,2026-08-08T21:28:54.819066+00:00
C09422,70661.18,7851.242222222221,9,Silver,run_20260808_212843,2026-08-08T21:28:54.819066+00:00
C09423,25255.78,12627.89,2,Gold,run_20260808_212843,2026-08-08T21:28:54.819066+00:00
C09424,45492.65,9098.53,5,Platinum,run_20260808_212843,2026-08-08T21:28:54.819066+00:00
C09425,30334.98,7583.745,4,Silver,run_20260808_212843,2026-08-08T21:28:54.819066+00:00
C09426,118173.45999999999,13130.384444444444,9,Bronze,run_20260808_212843,2026-08-08T21:28:54.819066+00:00
C09427,33691.4,8422.85,4,Gold,run_20260808_212843,2026-08-08T21:28:54.819066+00:00
C09428,27904.57,6976.1425,4,Bronze,run_20260808_212843,2026-08-08T21:28:54.819066+00:00
C09429,12219.68,6109.84,2,Bronze,run_20260808_212843,2026-08-08T21:28:54.819066+00:00
C09430,6569.949999999999,3284.9749999999995,2,Platinum,run_20260808_212843,2026-08-08T21:28:54.819066+00:00
C09431,48966.71,12241.6775,4,Gold,run_20260808_212843,2026-08-08T21:28:54.819066+00:00
C09432,74690.52,14938.104000000001,5,Silver,run_20260808_212843,2026-08-08T21:28:54.819066+00:00
C09433,9662.150000000001,2415.5375000000004,4,Platinum,run_20260808_212843,2026-08-08T21:28:54.819066+00:00
C09434,43692.57,10923.1425,4,Bronze,run_20260808_212843,2026-08-08T21:28:54.819066+00:00
C09435,31008.850000000002,4429.835714285715,7,Bronze,run_20260808_212843,2026-08-08T21:28:54.819066+00:00
C09436,46320.649999999994,6617.235714285714,7,Gold,run_20260808_212843,2026-08-08T21:28:54.819066+00:00
C09437,27744.370000000003,6936.092500000001,4,Bronze,run_20260808_212843,2026-08-08T21:28:54.819066+00:00
C09438,47153.92,9430.784,5,Bronze,run_20260808_212843,2026-08-08T21:28:54.819066+00:00
C09439,1893.63,1893.63,1,Platinum,run_20260808_212843,2026-08-08T21:28:54.819066+00:00
C09440,17334.45,17334.45,1,Bronze,run_20260808_212843,2026-08-08T21:28:54.819066+00:00
C09441,55300.990000000005,9216.831666666667,6,Platinum,run_20260808_212843,2026-08-08T21:28:54.819066+00:00
C09442,30976.550000000003,7744.137500000001,4,Gold,run_20260808_212843,2026-08-08T21:28:54.819066+00:00
C09443,25940.42,5188.084,5,Gold,run_20260808_212843,2026-08-08T21:28:54.819066+00:00
C09444,30760.72,6152.144,5,Gold,run_20260808_212843,2026-08-08T21:28:54.819066+00:00
C09445,12825.68,12825.68,1,Gold,run_20260808_212843,2026-08-08T21:28:54.819066+00:00
C09446,31207.8,4458.257142857143,7,Platinum,run_20260808_212843,2026-08-08T21:28:54.819066+00:00
C09447,42531.05,7088.508333333334,6,Bronze,run_20260808_212843,2026-08-08T21:28:54.819066+00:00
C09448,27278.83,6819.7075,4,Gold,run_20260808_212843,2026-08-08T21:28:54.819066+00:00
C09449,29995.69,7498.9225,4,Platinum,run_20260808_212843,2026-08-08T21:28:54.819066+00:00
C09450,7815.2699999999995,2605.0899999999997,3,Bronze,run_20260808_212843,2026-08-08T21:28:54.819066+00:00
C09451,26544.47,5308.894,5,Platinum,run_20260808_212843,2026-08-08T21:28:54.819066+00:00
C09452,41435.5,8287.1,5,Gold,run_20260808_212843,2026-08-08T21:28:54.819066+00:00
C09453,25822.719999999998,3688.9599999999996,7,Platinum,run_20260808_212843,2026-08-08T21:28:54.819066+00:00
C09454,10056.15,3352.0499999999997,3,Platinum,run_20260808_212843,2026-08-08T21:28:54.819066+00:00
C09455,42808.8,7134.8,6,Bronze,run_20260808_212843,2026-08-08T21:28:54.819066+00:00
C09456,45047.18,7507.863333333334,6,Gold,run_20260808_212843,2026-08-08T21:28:54.819066+00:00
C09457,31054.7,15527.35,2,Bronze,run_20260808_212843,2026-08-08T21:28:54.819066+00:00
C09458,15070.1,7535.05,2,Bronze,run_20260808_212843,2026-08-08T21:28:54.819066+00:00
C09459,9169.869999999999,2292.4674999999997,4,Silver,run_20260808_212843,2026-08-08T21:28:54.819066+00:00
C09460,43073.19,8614.638,5,Bronze,run_20260808_212843,2026-08-08T21:28:54.819066+00:00
C09461,98538.82,10948.757777777779,9,Bronze,run_20260808_212843,2026-08-08T21:28:54.819066+00:00
C09462,40034.85,10008.7125,4,Silver,run_20260808_212843,2026-08-08T21:28:54.819066+00:00
C09463,73974.95999999999,9246.869999999999,8,Bronze,run_20260808_212843,2026-08-08T21:28:54.819066+00:00
C09464,51726.85,10345.369999999999,5,Gold,run_20260808_212843,2026-08-08T21:28:54.819066+00:00
C09465,48007.57,6000.94625,8,Platinum,run_20260808_212843,2026-08-08T21:28:54.819066+00:00
C09466,3148.0299999999997,1574.0149999999999,2,Silver,run_20260808_212843,2026-08-08T21:28:54.819066+00:00
C09467,15386.34,5128.78,3,Silver,run_20260808_212843,2026-08-08T21:28:54.819066+00:00
C09468,8054.1900000000005,2013.5475000000001,4,Bronze,run_20260808_212843,2026-08-08T21:28:54.819066+00:00
C09469,31887.800000000003,7971.950000000001,4,Silver,run_20260808_212843,2026-08-08T21:28:54.819066+00:00
C09470,48938.75,4893.875,10,Gold,run_20260808_212843,2026-08-08T21:28:54.819066+00:00
C09471,20131.57,3355.2616666666668,6,Bronze,run_20260808_212843,2026-08-08T21:28:54.819066+00:00
C09472,8574.6,2858.2000000000003,3,Bronze,run_20260808_212843,2026-08-08T21:28:54.819066+00:00
C09473,34998.76,6999.752,5,Gold,run_20260808_212843,2026-08-08T21:28:54.819066+00:00
C09474,27671.36,4611.893333333333,6,Bronze,run_20260808_212843,2026-08-08T21:28:54.819066+00:00
C09475,32237.550000000003,5372.925,6,Bronze,run_20260808_212843,2026-08-08T21:28:54.819066+00:00
C09476,15440.03,5146.676666666667,3,Bronze,run_20260808_212843,2026-08-08T21:28:54.819066+00:00
C09477,15503.99,5167.996666666667,3,Gold,run_20260808_212843,2026-08-08T21:28:54.819066+00:00
C09478,49621.43,9924.286,5,Bronze,run_20260808_212843,2026-08-08T21:28:54.819066+00:00
C09479,58282.29,9713.715,6,Gold,run_20260808_212843,2026-08-08T21:28:54.819066+00:00
C09480,23049.18,11524.59,2,Gold,run_20260808_212843,2026-08-08T21:28:54.819066+00:00
C09481,37487.11,7497.4220000000005,5,Platinum,run_20260808_212843,2026-08-08T21:28:54.819066+00:00
C09482,24806.440000000002,4961.2880000000005,5,Gold,run_20260808_212843,2026-08-08T21:28:54.819066+00:00
C09483,24421.579999999998,6105.3949999999995,4,Silver,run_20260808_212843,2026-08-08T21:28:54.819066+00:00
C09484,45588.13,9117.626,5,Silver,run_20260808_212843,2026-08-08T21:28:54.819066+00:00
C09485,6517.27,2172.4233333333336,3,Platinum,run_20260808_212843,2026-08-08T21:28:54.819066+00:00
C09486,40154.15,8030.83,5,Bronze,run_20260808_212843,2026-08-08T21:28:54.819066+00:00
C09487,19613.36,4903.34,4,Silver,run_20260808_212843,2026-08-08T21:28:54.819066+00:00
C09488,47090.22,9418.044,5,Gold,run_20260808_212843,2026-08-08T21:28:54.819066+00:00
C09489,31540.43,3504.492222222222,9,Silver,run_20260808_212843,2026-08-08T21:28:54.819066+00:00
C09490,37329.41,12443.136666666667,3,Platinum,run_20260808_212843,2026-08-08T21:28:54.819066+00:00
C09491,29694.46,9898.153333333334,3,Platinum,run_20260808_212843,2026-08-08T21:28:54.819066+00:00
C09492,18090.08,6030.026666666668,3,Bronze,run_20260808_212843,2026-08-08T21:28:54.819066+00:00
C09493,32261.71,6452.342,5,Silver,run_20260808_212843,2026-08-08T21:28:54.819066+00:00
C09494,42856.54,8571.308,5,Platinum,run_20260808_212843,2026-08-08T21:28:54.819066+00:00
C09495,11544.14,3848.0466666666666,3,Platinum,run_20260808_212843,2026-08-08T21:28:54.819066+00:00
C09496,49222.78,5469.197777777777,9,Gold,run_20260808_212843,2026-08-08T21:28:54.819066+00:00
C09497,54350.619999999995,7764.374285714285,7,Gold,run_20260808_212843,2026-08-08T21:28:54.819066+00:00
C09498,37558.29,12519.43,3,Platinum,run_20260808_212843,2026-08-08T21:28:54.819066+00:00
C09500,39856.08,7971.216,5,Bronze,run_20260808_212843,2026-08-08T21:28:54.819066+00:00
C09501,3942.42,1971.21,2,Gold,run_20260808_212843,2026-08-08T21:28:54.819066+00:00
C09502,43521.520000000004,6217.360000000001,7,Gold,run_20260808_212843,2026-08-08T21:28:54.819066+00:00
C09503,39211.29,6535.215,6,Bronze,run_20260808_212843,2026-08-08T21:28:54.819066+00:00
C09504,27679.87,5535.974,5,Gold,run_20260808_212843,2026-08-08T21:28:54.819066+00:00
C09505,60362.84,6036.284,10,Silver,run_20260808_212843,2026-08-08T21:28:54.819066+00:00
C09506,14588.779999999999,7294.389999999999,2,Silver,run_20260808_212843,2026-08-08T21:28:54.819066+00:00
C09507,39929.09,4991.13625,8,Bronze,run_20260808_212843,2026-08-08T21:28:54.819066+00:00
C09508,57456.020000000004,11491.204000000002,5,Bronze,run_20260808_212843,2026-08-08T21:28:54.819066+00:00
C09509,48112.24,8018.706666666666,6,Platinum,run_20260808_212843,2026-08-08T21:28:54.819066+00:00
C09510,38558.5,6426.416666666667,6,Bronze,run_20260808_212843,2026-08-08T21:28:54.819066+00:00
C09511,26292.309999999998,5258.4619999999995,5,Silver,run_20260808_212843,2026-08-08T21:28:54.819066+00:00
C09512,43793.12,7298.8533333333335,6,Bronze,run_20260808_212843,2026-08-08T21:28:54.819066+00:00
C09513,5919.08,5919.08,1,Silver,run_20260808_212843,2026-08-08T21:28:54.819066+00:00
C09514,69626.57999999999,11604.429999999998,6,Platinum,run_20260808_212843,2026-08-08T21:28:54.819066+00:00
C09515,70556.92,11759.486666666666,6,Platinum,run_20260808_212843,2026-08-08T21:28:54.819066+00:00
C09516,55110.240000000005,7872.891428571429,7,Silver,run_20260808_212843,2026-08-08T21:28:54.819066+00:00
C09517,40515.37,8103.0740000000005,5,Platinum,run_20260808_212843,2026-08-08T21:28:54.819066+00:00
C09518,53131.24,8855.206666666667,6,Bronze,run_20260808_212843,2026-08-08T21:28:54.819066+00:00
C09519,74441.34,6203.445,12,Gold,run_20260808_212843,2026-08-08T21:28:54.819066+00:00
C09520,43021.729999999996,8604.346,5,Silver,run_20260808_212843,2026-08-08T21:28:54.819066+00:00
C09521,53822.41,7688.915714285715,7,Gold,run_20260808_212843,2026-08-08T21:28:54.819066+00:00
C09522,26368.98,4394.83,6,Gold,run_20260808_212843,2026-08-08T21:28:54.819066+00:00
C09523,71167.16,11861.193333333335,6,Platinum,run_20260808_212843,2026-08-08T21:28:54.819066+00:00
C09524,6729.740000000001,3364.8700000000003,2,Silver,run_20260808_212843,2026-08-08T21:28:54.819066+00:00
C09525,47073.66,11768.415,4,Bronze,run_20260808_212843,2026-08-08T21:28:54.819066+00:00
C09526,51914.66,6489.3325,8,Silver,run_20260808_212843,2026-08-08T21:28:54.819066+00:00
C09527,9608.189999999999,4804.094999999999,2,Silver,run_20260808_212843,2026-08-08T21:28:54.819066+00:00
C09528,33370.52,5561.753333333333,6,Gold,run_20260808_212843,2026-08-08T21:28:54.819066+00:00
C09529,103736.73999999999,11526.304444444444,9,Platinum,run_20260808_212843,2026-08-08T21:28:54.819066+00:00
C09530,19782.93,9891.465,2,Platinum,run_20260808_212843,2026-08-08T21:28:54.819066+00:00
C09531,4741.85,4741.85,1,Silver,run_20260808_212843,2026-08-08T21:28:54.819066+00:00
C09532,21875.010000000002,5468.7525000000005,4,Platinum,run_20260808_212843,2026-08-08T21:28:54.819066+00:00
C09533,62790.57,8970.081428571428,7,Silver,run_20260808_212843,2026-08-08T21:28:54.819066+00:00
C09534,24849.309999999998,4969.861999999999,5,Bronze,run_20260808_212843,2026-08-08T21:28:54.819066+00:00
C09535,17102.78,3420.5559999999996,5,Gold,run_20260808_212843,2026-08-08T21:28:54.819066+00:00
C09536,20471.7,6823.900000000001,3,Platinum,run_20260808_212843,2026-08-08T21:28:54.819066+00:00
C09537,22653.809999999998,7551.2699999999995,3,Silver,run_20260808_212843,2026-08-08T21:28:54.819066+00:00
C09538,49831.340000000004,9966.268,5,Gold,run_20260808_212843,2026-08-08T21:28:54.819066+00:00
C09539,4803.92,2401.96,2,Bronze,run_20260808_212843,2026-08-08T21:28:54.819066+00:00
C09540,30733.47,7683.3675,4,Silver,run_20260808_212843,2026-08-08T21:28:54.819066+00:00
C09541,43287.21,8657.442,5,Platinum,run_20260808_212843,2026-08-08T21:28:54.819066+00:00
C09542,27377.22,9125.74,3,Bronze,run_20260808_212843,2026-08-08T21:28:54.819066+00:00
C09543,14424.35,14424.35,1,Bronze,run_20260808_212843,2026-08-08T21:28:54.819066+00:00
C09544,35028.3,7005.660000000001,5,Silver,run_20260808_212843,2026-08-08T21:28:54.819066+00:00
C09545,25982.800000000003,5196.56,5,Bronze,run_20260808_212843,2026-08-08T21:28:54.819066+00:00
C09546,79893.76,11413.394285714285,7,Platinum,run_20260808_212843,2026-08-08T21:28:54.819066+00:00
C09547,77199.61,8577.734444444444,9,Silver,run_20260808_212843,2026-08-08T21:28:54.819066+00:00
C09548,20861.22,6953.740000000001,3,Gold,run_20260808_212843,2026-08-08T21:28:54.819066+00:00
C09549,43719.51,8743.902,5,Bronze,run_20260808_212843,2026-08-08T21:28:54.819066+00:00
C09550,40850.92,10212.73,4,Platinum,run_20260808_212843,2026-08-08T21:28:54.819066+00:00
C09551,30175.27,6035.054,5,Platinum,run_20260808_212843,2026-08-08T21:28:54.819066+00:00
C09552,25062.36,12531.18,2,Gold,run_20260808_212843,2026-08-08T21:28:54.819066+00:00
C09553,32783.13,6556.625999999999,5,Gold,run_20260808_212843,2026-08-08T21:28:54.819066+00:00
C09554,43222.71,7203.785,6,Bronze,run_20260808_212843,2026-08-08T21:28:54.819066+00:00
C09555,53315.64,7616.5199999999995,7,Bronze,run_20260808_212843,2026-08-08T21:28:54.819066+00:00
C09556,17949.63,5983.21,3,Gold,run_20260808_212843,2026-08-08T21:28:54.819066+00:00
C09557,38181.99,6363.665,6,Platinum,run_20260808_212843,2026-08-08T21:28:54.819066+00:00
C09558,8507.720000000001,4253.860000000001,2,Silver,run_20260808_212843,2026-08-08T21:28:54.819066+00:00
C09559,48621.95,8103.658333333333,6,Silver,run_20260808_212843,2026-08-08T21:28:54.819066+00:00
C09560,12214.720000000001,4071.5733333333337,3,Platinum,run_20260808_212843,2026-08-08T21:28:54.819066+00:00
C09561,9618.099999999999,4809.049999999999,2,Platinum,run_20260808_212843,2026-08-08T21:28:54.819066+00:00
C09562,21622.61,5405.6525,4,Gold,run_20260808_212843,2026-08-08T21:28:54.819066+00:00
C09563,85241.15000000001,14206.858333333335,6,Bronze,run_20260808_212843,2026-08-08T21:28:54.819066+00:00
C09564,26163.160000000003,13081.580000000002,2,Platinum,run_20260808_212843,2026-08-08T21:28:54.819066+00:00
C09565,72848.34999999999,7284.834999999999,10,Gold,run_20260808_212843,2026-08-08T21:28:54.819066+00:00
C09566,2985.9700000000003,1492.9850000000001,2,Gold,run_20260808_212843,2026-08-08T21:28:54.819066+00:00
C09567,53438.69,6679.83625,8,Bronze,run_20260808_212843,2026-08-08T21:28:54.819066+00:00
C09568,78732.8,9841.6,8,Bronze,run_20260808_212843,2026-08-08T21:28:54.819066+00:00
C09569,6501.39,6501.39,1,Platinum,run_20260808_212843,2026-08-08T21:28:54.819066+00:00
C09570,3299.05,1649.525,2,Platinum,run_20260808_212843,2026-08-08T21:28:54.819066+00:00
C09571,58846.21,14711.5525,4,Silver,run_20260808_212843,2026-08-08T21:28:54.819066+00:00
C09572,31359.739999999998,10453.246666666666,3,Gold,run_20260808_212843,2026-08-08T21:28:54.819066+00:00
C09574,58932.37,6548.041111111112,9,Platinum,run_20260808_212843,2026-08-08T21:28:54.819066+00:00
C09575,8978.84,4489.42,2,Silver,run_20260808_212843,2026-08-08T21:28:54.819066+00:00
C09576,35010.62,7002.124000000001,5,Gold,run_20260808_212843,2026-08-08T21:28:54.819066+00:00
C09577,29376.92,9792.306666666665,3,Platinum,run_20260808_212843,2026-08-08T21:28:54.819066+00:00
C09578,32869.98,4695.711428571429,7,Platinum,run_20260808_212843,2026-08-08T21:28:54.819066+00:00
C09579,52227.13,6528.39125,8,Bronze,run_20260808_212843,2026-08-08T21:28:54.819066+00:00
C09580,59753.87,11950.774000000001,5,Bronze,run_20260808_212843,2026-08-08T21:28:54.819066+00:00
C09581,50286.55,6285.81875,8,Silver,run_20260808_212843,2026-08-08T21:28:54.819066+00:00
C09582,32475.6,5412.599999999999,6,Bronze,run_20260808_212843,2026-08-08T21:28:54.819066+00:00
C09583,25682.100000000002,5136.42,5,Silver,run_20260808_212843,2026-08-08T21:28:54.819066+00:00
C09584,26685.55,4447.591666666666,6,Bronze,run_20260808_212843,2026-08-08T21:28:54.819066+00:00
C09585,10291.92,5145.96,2,Bronze,run_20260808_212843,2026-08-08T21:28:54.819066+00:00
C09586,31716.32,6343.264,5,Bronze,run_20260808_212843,2026-08-08T21:28:54.819066+00:00
C09587,84502.35,10562.79375,8,Gold,run_20260808_212843,2026-08-08T21:28:54.819066+00:00
C09588,30967.55,6193.51,5,Silver,run_20260808_212843,2026-08-08T21:28:54.819066+00:00
C09589,46727.89,7787.981666666667,6,Bronze,run_20260808_212843,2026-08-08T21:28:54.819066+00:00
C09590,24705.46,12352.73,2,Bronze,run_20260808_212843,2026-08-08T21:28:54.819066+00:00
C09591,17714.4,5904.8,3,Gold,run_20260808_212843,2026-08-08T21:28:54.819066+00:00
C09592,84989.73,10623.71625,8,Silver,run_20260808_212843,2026-08-08T21:28:54.819066+00:00
C09593,32464.44,10821.48,3,Platinum,run_20260808_212843,2026-08-08T21:28:54.819066+00:00
C09594,32060.07,10686.69,3,Platinum,run_20260808_212843,2026-08-08T21:28:54.819066+00:00
C09595,45697.55,4569.755,10,Platinum,run_20260808_212843,2026-08-08T21:28:54.819066+00:00
C09596,44349.31,7391.551666666666,6,Bronze,run_20260808_212843,2026-08-08T21:28:54.819066+00:00
C09597,43223.67,7203.945,6,Silver,run_20260808_212843,2026-08-08T21:28:54.819066+00:00
C09598,30957.41,6191.482,5,Gold,run_20260808_212843,2026-08-08T21:28:54.819066+00:00
C09599,84661.91,8466.191,10,Platinum,run_20260808_212843,2026-08-08T21:28:54.819066+00:00
C09600,67937.56,9705.365714285714,7,Silver,run_20260808_212843,2026-08-08T21:28:54.819066+00:00
C09601,12259.33,6129.665,2,Silver,run_20260808_212843,2026-08-08T21:28:54.819066+00:00
C09602,73465.87,12244.311666666666,6,Silver,run_20260808_212843,2026-08-08T21:28:54.819066+00:00
C09603,49481.44,12370.36,4,Gold,run_20260808_212843,2026-08-08T21:28:54.819066+00:00
C09604,37312.95,9328.2375,4,Gold,run_20260808_212843,2026-08-08T21:28:54.819066+00:00
C09605,50735.94,10147.188,5,Gold,run_20260808_212843,2026-08-08T21:28:54.819066+00:00
C09606,19826.72,4956.68,4,Bronze,run_20260808_212843,2026-08-08T21:28:54.819066+00:00
C09607,14728.220000000001,7364.110000000001,2,Bronze,run_20260808_212843,2026-08-08T21:28:54.819066+00:00
C09608,47553.73,11888.4325,4,Silver,run_20260808_212843,2026-08-08T21:28:54.819066+00:00
C09609,37661.03,7532.206,5,Platinum,run_20260808_212843,2026-08-08T21:28:54.819066+00:00
C09610,50942.05,12735.5125,4,Gold,run_20260808_212843,2026-08-08T21:28:54.819066+00:00
C09611,30650.82,7662.705,4,Silver,run_20260808_212843,2026-08-08T21:28:54.819066+00:00
C09612,63076.82,7884.6025,8,Silver,run_20260808_212843,2026-08-08T21:28:54.819066+00:00
C09613,68178.89,13635.778,5,Gold,run_20260808_212843,2026-08-08T21:28:54.819066+00:00
C09614,101352.58,10135.258,10,Bronze,run_20260808_212843,2026-08-08T21:28:54.819066+00:00
C09615,40255.64,5031.955,8,Silver,run_20260808_212843,2026-08-08T21:28:54.819066+00:00
C09616,95950.79999999999,7995.899999999999,12,Silver,run_20260808_212843,2026-08-08T21:28:54.819066+00:00
C09617,29226.58,7306.645,4,Gold,run_20260808_212843,2026-08-08T21:28:54.819066+00:00
C09618,41961.399999999994,10490.349999999999,4,Platinum,run_20260808_212843,2026-08-08T21:28:54.819066+00:00
C09619,33865.8,6773.160000000001,5,Silver,run_20260808_212843,2026-08-08T21:28:54.819066+00:00
C09620,103449.68,10344.967999999999,10,Bronze,run_20260808_212843,2026-08-08T21:28:54.819066+00:00
C09621,38319.520000000004,6386.586666666667,6,Platinum,run_20260808_212843,2026-08-08T21:28:54.819066+00:00
C09622,19810.97,6603.656666666667,3,Platinum,run_20260808_212843,2026-08-08T21:28:54.819066+00:00
C09623,18441.690000000002,6147.2300000000005,3,Gold,run_20260808_212843,2026-08-08T21:28:54.819066+00:00
C09624,69860.98,8732.6225,8,Bronze,run_20260808_212843,2026-08-08T21:28:54.819066+00:00
C09625,55267.48,7895.354285714287,7,Silver,run_20260808_212843,2026-08-08T21:28:54.819066+00:00
C09626,23480.019999999997,5870.004999999999,4,Gold,run_20260808_212843,2026-08-08T21:28:54.819066+00:00
C09627,28983.14,5796.628,5,Bronze,run_20260808_212843,2026-08-08T21:28:54.819066+00:00
C09628,46719.06,9343.812,5,Silver,run_20260808_212843,2026-08-08T21:28:54.819066+00:00
C09629,20395.05,6798.349999999999,3,Bronze,run_20260808_212843,2026-08-08T21:28:54.819066+00:00
C09630,15583.34,3895.835,4,Gold,run_20260808_212843,2026-08-08T21:28:54.819066+00:00
C09631,14742.509999999998,4914.169999999999,3,Platinum,run_20260808_212843,2026-08-08T21:28:54.819066+00:00
C09632,64648.42,16162.105,4,Bronze,run_20260808_212843,2026-08-08T21:28:54.819066+00:00
C09633,63406.68,10567.78,6,Platinum,run_20260808_212843,2026-08-08T21:28:54.819066+00:00
C09634,8770.3,4385.15,2,Silver,run_20260808_212843,2026-08-08T21:28:54.819066+00:00
C09635,1501.8,1501.8,1,Platinum,run_20260808_212843,2026-08-08T21:28:54.819066+00:00
C09636,82179.09,9131.01,9,Bronze,run_20260808_212843,2026-08-08T21:28:54.819066+00:00
C09637,31319.83,10439.943333333335,3,Bronze,run_20260808_212843,2026-08-08T21:28:54.819066+00:00
C09638,30043.32,10014.44,3,Bronze,run_20260808_212843,2026-08-08T21:28:54.819066+00:00
C09639,31876.210000000003,6375.242,5,Gold,run_20260808_212843,2026-08-08T21:28:54.819066+00:00
C09640,65017.68,9288.24,7,Silver,run_20260808_212843,2026-08-08T21:28:54.819066+00:00
C09641,31182.600000000002,7795.650000000001,4,Silver,run_20260808_212843,2026-08-08T21:28:54.819066+00:00
C09642,114868.38,11486.838,10,Silver,run_20260808_212843,2026-08-08T21:28:54.819066+00:00
C09643,7333.37,2444.4566666666665,3,Bronze,run_20260808_212843,2026-08-08T21:28:54.819066+00:00
C09644,47550.0,9510.0,5,Bronze,run_20260808_212843,2026-08-08T21:28:54.819066+00:00
C09645,31068.35,6213.67,5,Gold,run_20260808_212843,2026-08-08T21:28:54.819066+00:00
C09646,36916.24,9229.06,4,Gold,run_20260808_212843,2026-08-08T21:28:54.819066+00:00
C09647,24126.49,8042.163333333334,3,Platinum,run_20260808_212843,2026-08-08T21:28:54.819066+00:00
C09648,67685.92,9669.417142857143,7,Platinum,run_20260808_212843,2026-08-08T21:28:54.819066+00:00
C09649,29023.57,9674.523333333333,3,Gold,run_20260808_212843,2026-08-08T21:28:54.819066+00:00
C09650,20850.32,3475.0533333333333,6,Gold,run_20260808_212843,2026-08-08T21:28:54.819066+00:00
C09651,69305.97,7700.663333333334,9,Platinum,run_20260808_212843,2026-08-08T21:28:54.819066+00:00
C09652,18246.59,6082.196666666667,3,Gold,run_20260808_212843,2026-08-08T21:28:54.819066+00:00
C09653,29338.37,7334.5925,4,Gold,run_20260808_212843,2026-08-08T21:28:54.819066+00:00
C09654,58481.7,14620.425,4,Platinum,run_20260808_212843,2026-08-08T21:28:54.819066+00:00
C09655,37143.56,9285.89,4,Bronze,run_20260808_212843,2026-08-08T21:28:54.819066+00:00
C09656,47175.8,4288.709090909091,11,Gold,run_20260808_212843,2026-08-08T21:28:54.819066+00:00
C09657,15113.59,5037.863333333334,3,Gold,run_20260808_212843,2026-08-08T21:28:54.819066+00:00
C09658,36706.66,6117.776666666668,6,Gold,run_20260808_212843,2026-08-08T21:28:54.819066+00:00
C09659,11160.29,5580.145,2,Platinum,run_20260808_212843,2026-08-08T21:28:54.819066+00:00
C09660,15227.71,7613.855,2,Bronze,run_20260808_212843,2026-08-08T21:28:54.819066+00:00
C09661,35078.83,7015.7660000000005,5,Gold,run_20260808_212843,2026-08-08T21:28:54.819066+00:00
C09662,34842.68,11614.226666666667,3,Bronze,run_20260808_212843,2026-08-08T21:28:54.819066+00:00
C09663,31461.87,4494.552857142857,7,Silver,run_20260808_212843,2026-08-08T21:28:54.819066+00:00
C09664,66489.45,7387.716666666666,9,Platinum,run_20260808_212843,2026-08-08T21:28:54.819066+00:00
C09665,16128.8,4032.2,4,Silver,run_20260808_212843,2026-08-08T21:28:54.819066+00:00
C09666,28014.62,7003.655,4,Silver,run_20260808_212843,2026-08-08T21:28:54.819066+00:00
C09667,27173.370000000003,5434.674000000001,5,Gold,run_20260808_212843,2026-08-08T21:28:54.819066+00:00
C09668,45881.740000000005,7646.956666666668,6,Platinum,run_20260808_212843,2026-08-08T21:28:54.819066+00:00
C09669,77458.69,7745.869000000001,10,Bronze,run_20260808_212843,2026-08-08T21:28:54.819066+00:00
C09670,12709.85,4236.616666666667,3,Silver,run_20260808_212843,2026-08-08T21:28:54.819066+00:00
C09671,46366.94,7727.823333333334,6,Platinum,run_20260808_212843,2026-08-08T21:28:54.819066+00:00
C09672,32502.420000000002,6500.484,5,Gold,run_20260808_212843,2026-08-08T21:28:54.819066+00:00
C09673,17515.52,5838.506666666667,3,Silver,run_20260808_212843,2026-08-08T21:28:54.819066+00:00
C09674,43499.21,10874.8025,4,Bronze,run_20260808_212843,2026-08-08T21:28:54.819066+00:00
C09675,58937.21,14734.3025,4,Silver,run_20260808_212843,2026-08-08T21:28:54.819066+00:00
C09676,16829.77,5609.923333333333,3,Platinum,run_20260808_212843,2026-08-08T21:28:54.819066+00:00
C09677,15517.5,5172.5,3,Bronze,run_20260808_212843,2026-08-08T21:28:54.819066+00:00
C09678,21244.32,7081.44,3,Gold,run_20260808_212843,2026-08-08T21:28:54.819066+00:00
C09679,34826.93,11608.976666666667,3,Platinum,run_20260808_212843,2026-08-08T21:28:54.819066+00:00
C09680,2400.72,2400.72,1,Silver,run_20260808_212843,2026-08-08T21:28:54.819066+00:00
C09681,19429.3,4857.325,4,Gold,run_20260808_212843,2026-08-08T21:28:54.819066+00:00
C09682,24818.350000000002,12409.175000000001,2,Gold,run_20260808_212843,2026-08-08T21:28:54.819066+00:00
C09683,43567.17999999999,8713.435999999998,5,Gold,run_20260808_212843,2026-08-08T21:28:54.819066+00:00
C09684,68605.18,11434.196666666665,6,Platinum,run_20260808_212843,2026-08-08T21:28:54.819066+00:00
C09685,64333.88,9190.554285714285,7,Platinum,run_20260808_212843,2026-08-08T21:28:54.819066+00:00
C09686,68456.37,8557.04625,8,Gold,run_20260808_212843,2026-08-08T21:28:54.819066+00:00
C09687,48433.56,6054.195,8,Gold,run_20260808_212843,2026-08-08T21:28:54.819066+00:00
C09688,16825.7,16825.7,1,Silver,run_20260808_212843,2026-08-08T21:28:54.819066+00:00
C09689,22242.43,11121.215,2,Bronze,run_20260808_212843,2026-08-08T21:28:54.819066+00:00
C09690,29222.839999999997,4174.691428571428,7,Gold,run_20260808_212843,2026-08-08T21:28:54.819066+00:00
C09691,23928.199999999997,4785.639999999999,5,Bronze,run_20260808_212843,2026-08-08T21:28:54.819066+00:00
C09692,49865.46,8310.91,6,Platinum,run_20260808_212843,2026-08-08T21:28:54.819066+00:00
C09693,22427.550000000003,11213.775000000001,2,Platinum,run_20260808_212843,2026-08-08T21:28:54.819066+00:00
C09694,34568.380000000005,6913.676000000001,5,Gold,run_20260808_212843,2026-08-08T21:28:54.819066+00:00
C09695,8915.07,2971.69,3,Gold,run_20260808_212843,2026-08-08T21:28:54.819066+00:00
C09696,9057.83,3019.2766666666666,3,Bronze,run_20260808_212843,2026-08-08T21:28:54.819066+00:00
C09697,57895.75,14473.9375,4,Bronze,run_20260808_212843,2026-08-08T21:28:54.819066+00:00
C09698,26067.329999999998,6516.8324999999995,4,Platinum,run_20260808_212843,2026-08-08T21:28:54.819066+00:00
C09699,28160.82,4693.47,6,Silver,run_20260808_212843,2026-08-08T21:28:54.819066+00:00
C09700,30460.69,10153.563333333334,3,Platinum,run_20260808_212843,2026-08-08T21:28:54.819066+00:00
C09701,15114.71,2159.2442857142855,7,Silver,run_20260808_212843,2026-08-08T21:28:54.819066+00:00
C09702,20609.74,6869.913333333334,3,Gold,run_20260808_212843,2026-08-08T21:28:54.819066+00:00
C09703,98511.08,9851.108,10,Silver,run_20260808_212843,2026-08-08T21:28:54.819066+00:00
C09704,52316.22,10463.244,5,Gold,run_20260808_212843,2026-08-08T21:28:54.819066+00:00
C09705,39916.55,7983.31,5,Platinum,run_20260808_212843,2026-08-08T21:28:54.819066+00:00
C09706,51687.340000000004,10337.468,5,Gold,run_20260808_212843,2026-08-08T21:28:54.819066+00:00
C09707,46804.2,9360.84,5,Bronze,run_20260808_212843,2026-08-08T21:28:54.819066+00:00
C09708,34374.020000000004,6874.804000000001,5,Gold,run_20260808_212843,2026-08-08T21:28:54.819066+00:00
C09709,26718.89,8906.296666666667,3,Bronze,run_20260808_212843,2026-08-08T21:28:54.819066+00:00
C09710,76738.17,7673.817,10,Platinum,run_20260808_212843,2026-08-08T21:28:54.819066+00:00
C09711,43375.56,6196.5085714285715,7,Bronze,run_20260808_212843,2026-08-08T21:28:54.819066+00:00
C09712,432.4,432.4,1,Silver,run_20260808_212843,2026-08-08T21:28:54.819066+00:00
C09713,30363.489999999998,7590.8724999999995,4,Gold,run_20260808_212843,2026-08-08T21:28:54.819066+00:00
C09714,40804.96,5100.62,8,Bronze,run_20260808_212843,2026-08-08T21:28:54.819066+00:00
C09715,12202.92,12202.92,1,Bronze,run_20260808_212843,2026-08-08T21:28:54.819066+00:00
C09716,52984.37,5298.437,10,Platinum,run_20260808_212843,2026-08-08T21:28:54.819066+00:00
C09717,30177.03,10059.01,3,Gold,run_20260808_212843,2026-08-08T21:28:54.819066+00:00
C09718,24956.79,6239.1975,4,Bronze,run_20260808_212843,2026-08-08T21:28:54.819066+00:00
C09719,37570.15,6261.691666666667,6,Platinum,run_20260808_212843,2026-08-08T21:28:54.819066+00:00
C09720,37979.41,7595.8820000000005,5,Gold,run_20260808_212843,2026-08-08T21:28:54.819066+00:00
C09722,29314.82,7328.705,4,Bronze,run_20260808_212843,2026-08-08T21:28:54.819066+00:00
C09723,46270.19,9254.038,5,Gold,run_20260808_212843,2026-08-08T21:28:54.819066+00:00
C09724,44715.0,8943.0,5,Silver,run_20260808_212843,2026-08-08T21:28:54.819066+00:00
C09725,22163.6,7387.866666666666,3,Gold,run_20260808_212843,2026-08-08T21:28:54.819066+00:00
C09726,44002.600000000006,8800.52,5,Gold,run_20260808_212843,2026-08-08T21:28:54.819066+00:00
C09727,9884.230000000001,3294.743333333334,3,Silver,run_20260808_212843,2026-08-08T21:28:54.819066+00:00
C09728,48623.64,8103.94,6,Bronze,run_20260808_212843,2026-08-08T21:28:54.819066+00:00
C09729,45373.119999999995,11343.279999999999,4,Gold,run_20260808_212843,2026-08-08T21:28:54.819066+00:00
C09730,18944.28,9472.14,2,Silver,run_20260808_212843,2026-08-08T21:28:54.819066+00:00
C09731,38274.16,4784.27,8,Silver,run_20260808_212843,2026-08-08T21:28:54.819066+00:00
C09732,74374.28,10624.897142857142,7,Platinum,run_20260808_212843,2026-08-08T21:28:54.819066+00:00
C09733,16246.720000000001,3249.344,5,Bronze,run_20260808_212843,2026-08-08T21:28:54.819066+00:00
C09734,58582.399999999994,6509.155555555555,9,Gold,run_20260808_212843,2026-08-08T21:28:54.819066+00:00
C09735,49761.31,6220.16375,8,Silver,run_20260808_212843,2026-08-08T21:28:54.819066+00:00
C09736,37270.590000000004,9317.647500000001,4,Bronze,run_20260808_212843,2026-08-08T21:28:54.819066+00:00
C09737,33728.68,5621.446666666667,6,Platinum,run_20260808_212843,2026-08-08T21:28:54.819066+00:00
C09738,50391.37,8398.561666666666,6,Gold,run_20260808_212843,2026-08-08T21:28:54.819066+00:00
C09739,51453.240000000005,10290.648000000001,5,Silver,run_20260808_212843,2026-08-08T21:28:54.819066+00:00
C09740,49961.17,6245.14625,8,Platinum,run_20260808_212843,2026-08-08T21:28:54.819066+00:00
C09741,39816.22,6636.036666666667,6,Platinum,run_20260808_212843,2026-08-08T21:28:54.819066+00:00
C09742,47345.16,9469.032000000001,5,Platinum,run_20260808_212843,2026-08-08T21:28:54.819066+00:00
C09743,67424.41,8428.05125,8,Bronze,run_20260808_212843,2026-08-08T21:28:54.819066+00:00
C09744,27760.22,3965.7457142857143,7,Gold,run_20260808_212843,2026-08-08T21:28:54.819066+00:00
C09745,33235.26,6647.052000000001,5,Gold,run_20260808_212843,2026-08-08T21:28:54.819066+00:00
C09746,24745.54,4949.108,5,Gold,run_20260808_212843,2026-08-08T21:28:54.819066+00:00
C09747,33007.06,11002.353333333333,3,Silver,run_20260808_212843,2026-08-08T21:28:54.819066+00:00
C09748,59436.469999999994,8490.924285714285,7,Platinum,run_20260808_212843,2026-08-08T21:28:54.819066+00:00
C09749,15652.2,3913.05,4,Gold,run_20260808_212843,2026-08-08T21:28:54.819066+00:00
C09750,41592.69,8318.538,5,Silver,run_20260808_212843,2026-08-08T21:28:54.819066+00:00
C09751,68270.45999999999,8533.807499999999,8,Silver,run_20260808_212843,2026-08-08T21:28:54.819066+00:00
C09752,10386.58,5193.29,2,Gold,run_20260808_212843,2026-08-08T21:28:54.819066+00:00
C09753,44090.46,8818.092,5,Silver,run_20260808_212843,2026-08-08T21:28:54.819066+00:00
C09754,34340.53,6868.106,5,Platinum,run_20260808_212843,2026-08-08T21:28:54.819066+00:00
C09755,53704.05,8950.675000000001,6,Silver,run_20260808_212843,2026-08-08T21:28:54.819066+00:00
C09756,54718.74,6079.86,9,Gold,run_20260808_212843,2026-08-08T21:28:54.819066+00:00
C09757,7097.82,2365.94,3,Gold,run_20260808_212843,2026-08-08T21:28:54.819066+00:00
C09758,36387.670000000006,6064.611666666668,6,Bronze,run_20260808_212843,2026-08-08T21:28:54.819066+00:00
C09759,56056.1,14014.025,4,Gold,run_20260808_212843,2026-08-08T21:28:54.819066+00:00
C09760,24145.29,8048.43,3,Platinum,run_20260808_212843,2026-08-08T21:28:54.819066+00:00
C09761,34683.969999999994,4954.852857142856,7,Silver,run_20260808_212843,2026-08-08T21:28:54.819066+00:00
C09762,17405.52,4351.38,4,Platinum,run_20260808_212843,2026-08-08T21:28:54.819066+00:00
C09763,29579.15,9859.716666666667,3,Platinum,run_20260808_212843,2026-08-08T21:28:54.819066+00:00
C09764,38866.9,7773.38,5,Bronze,run_20260808_212843,2026-08-08T21:28:54.819066+00:00
C09765,17005.7,3401.1400000000003,5,Silver,run_20260808_212843,2026-08-08T21:28:54.819066+00:00
C09766,34768.409999999996,4966.915714285714,7,Platinum,run_20260808_212843,2026-08-08T21:28:54.819066+00:00
C09767,86324.85,12332.121428571429,7,Gold,run_20260808_212843,2026-08-08T21:28:54.819066+00:00
C09768,40655.26,5807.894285714286,7,Gold,run_20260808_212843,2026-08-08T21:28:54.819066+00:00
C09769,25491.82,8497.273333333333,3,Platinum,run_20260808_212843,2026-08-08T21:28:54.819066+00:00
C09770,41935.14,10483.785,4,Gold,run_20260808_212843,2026-08-08T21:28:54.819066+00:00
C09771,89816.89,9979.654444444444,9,Platinum,run_20260808_212843,2026-08-08T21:28:54.819066+00:00
C09772,39533.979999999996,4941.7474999999995,8,Platinum,run_20260808_212843,2026-08-08T21:28:54.819066+00:00
C09773,1495.7,747.85,2,Platinum,run_20260808_212843,2026-08-08T21:28:54.819066+00:00
C09774,16248.12,5416.04,3,Platinum,run_20260808_212843,2026-08-08T21:28:54.819066+00:00
C09775,10316.11,5158.055,2,Platinum,run_20260808_212843,2026-08-08T21:28:54.819066+00:00
C09776,23446.08,4689.216,5,Bronze,run_20260808_212843,2026-08-08T21:28:54.819066+00:00
C09777,27658.23,5531.646,5,Bronze,run_20260808_212843,2026-08-08T21:28:54.819066+00:00
C09778,31670.870000000003,7917.717500000001,4,Platinum,run_20260808_212843,2026-08-08T21:28:54.819066+00:00
C09779,14980.56,4993.5199999999995,3,Bronze,run_20260808_212843,2026-08-08T21:28:54.819066+00:00
C09780,19298.5,4824.625,4,Silver,run_20260808_212843,2026-08-08T21:28:54.819066+00:00
C09781,21077.35,5269.3375,4,Gold,run_20260808_212843,2026-08-08T21:28:54.819066+00:00
C09782,16292.32,8146.16,2,Silver,run_20260808_212843,2026-08-08T21:28:54.819066+00:00
C09783,14901.95,3725.4875,4,Gold,run_20260808_212843,2026-08-08T21:28:54.819066+00:00
C09784,39851.37,5693.052857142858,7,Silver,run_20260808_212843,2026-08-08T21:28:54.819066+00:00
C09785,47920.53,4792.053,10,Gold,run_20260808_212843,2026-08-08T21:28:54.819066+00:00
C09786,54926.270000000004,9154.378333333334,6,Bronze,run_20260808_212843,2026-08-08T21:28:54.819066+00:00
C09787,11134.15,11134.15,1,Platinum,run_20260808_212843,2026-08-08T21:28:54.819066+00:00
C09788,71790.01,11965.001666666665,6,Silver,run_20260808_212843,2026-08-08T21:28:54.819066+00:00
C09789,45026.46,9005.292,5,Platinum,run_20260808_212843,2026-08-08T21:28:54.819066+00:00
C09790,55135.270000000004,9189.211666666668,6,Bronze,run_20260808_212843,2026-08-08T21:28:54.819066+00:00
C09791,40277.53,10069.3825,4,Platinum,run_20260808_212843,2026-08-08T21:28:54.819066+00:00
C09792,21360.82,5340.205,4,Platinum,run_20260808_212843,2026-08-08T21:28:54.819066+00:00
C09793,26126.32,6531.58,4,Bronze,run_20260808_212843,2026-08-08T21:28:54.819066+00:00
C09794,51811.57,10362.314,5,Bronze,run_20260808_212843,2026-08-08T21:28:54.819066+00:00
C09795,8539.3,2846.433333333333,3,Bronze,run_20260808_212843,2026-08-08T21:28:54.819066+00:00
C09796,11441.92,3813.9733333333334,3,Gold,run_20260808_212843,2026-08-08T21:28:54.819066+00:00
C09797,35957.6,3595.7599999999998,10,Bronze,run_20260808_212843,2026-08-08T21:28:54.819066+00:00
C09798,9668.61,4834.305,2,Gold,run_20260808_212843,2026-08-08T21:28:54.819066+00:00
C09799,11003.0,2750.75,4,Bronze,run_20260808_212843,2026-08-08T21:28:54.819066+00:00
C09800,53758.4,10751.68,5,Gold,run_20260808_212843,2026-08-08T21:28:54.819066+00:00
C09801,62959.0,6995.444444444444,9,Platinum,run_20260808_212843,2026-08-08T21:28:54.819066+00:00
C09802,22829.1,7609.7,3,Gold,run_20260808_212843,2026-08-08T21:28:54.819066+00:00
C09803,46662.95,6666.135714285714,7,Bronze,run_20260808_212843,2026-08-08T21:28:54.819066+00:00
C09804,13575.31,6787.655,2,Bronze,run_20260808_212843,2026-08-08T21:28:54.819066+00:00
C09805,9028.62,9028.62,1,Bronze,run_20260808_212843,2026-08-08T21:28:54.819066+00:00
C09806,23598.54,5899.635,4,Silver,run_20260808_212843,2026-08-08T21:28:54.819066+00:00
C09807,29086.3,7271.575,4,Silver,run_20260808_212843,2026-08-08T21:28:54.819066+00:00
C09808,53131.02,10626.204,5,Platinum,run_20260808_212843,2026-08-08T21:28:54.819066+00:00
C09809,48913.32,6114.165,8,Silver,run_20260808_212843,2026-08-08T21:28:54.819066+00:00
C09810,69619.95999999999,8702.494999999999,8,Silver,run_20260808_212843,2026-08-08T21:28:54.819066+00:00
C09811,54390.28,10878.056,5,Silver,run_20260808_212843,2026-08-08T21:28:54.819066+00:00
C09812,3983.16,1991.58,2,Gold,run_20260808_212843,2026-08-08T21:28:54.819066+00:00
C09813,99986.64,14283.805714285714,7,Gold,run_20260808_212843,2026-08-08T21:28:54.819066+00:00
C09814,42306.56,10576.64,4,Bronze,run_20260808_212843,2026-08-08T21:28:54.819066+00:00
C09815,22695.010000000002,4539.002,5,Platinum,run_20260808_212843,2026-08-08T21:28:54.819066+00:00
C09816,9104.98,4552.49,2,Silver,run_20260808_212843,2026-08-08T21:28:54.819066+00:00
C09817,47778.27,7963.044999999999,6,Bronze,run_20260808_212843,2026-08-08T21:28:54.819066+00:00
C09818,5641.38,2820.69,2,Bronze,run_20260808_212843,2026-08-08T21:28:54.819066+00:00
C09819,15926.22,7963.11,2,Bronze,run_20260808_212843,2026-08-08T21:28:54.819066+00:00
C09820,33137.51,8284.3775,4,Silver,run_20260808_212843,2026-08-08T21:28:54.819066+00:00
C09821,12121.79,3030.4475,4,Bronze,run_20260808_212843,2026-08-08T21:28:54.819066+00:00
C09822,19537.64,6512.546666666666,3,Bronze,run_20260808_212843,2026-08-08T21:28:54.819066+00:00
C09823,69004.47,7667.163333333334,9,Silver,run_20260808_212843,2026-08-08T21:28:54.819066+00:00
C09824,17540.68,5846.893333333333,3,Silver,run_20260808_212843,2026-08-08T21:28:54.819066+00:00
C09825,17260.769999999997,5753.589999999999,3,Bronze,run_20260808_212843,2026-08-08T21:28:54.819066+00:00
C09826,79231.48,7923.147999999999,10,Platinum,run_20260808_212843,2026-08-08T21:28:54.819066+00:00
C09827,28025.49,4670.915,6,Bronze,run_20260808_212843,2026-08-08T21:28:54.819066+00:00
C09828,31974.66,6394.932,5,Platinum,run_20260808_212843,2026-08-08T21:28:54.819066+00:00
C09829,3155.82,1577.91,2,Platinum,run_20260808_212843,2026-08-08T21:28:54.819066+00:00
C09830,26577.7,5315.54,5,Bronze,run_20260808_212843,2026-08-08T21:28:54.819066+00:00
C09831,30955.46,6191.092,5,Bronze,run_20260808_212843,2026-08-08T21:28:54.819066+00:00
C09832,4701.57,4701.57,1,Gold,run_20260808_212843,2026-08-08T21:28:54.819066+00:00
C09833,70828.83,11804.805,6,Platinum,run_20260808_212843,2026-08-08T21:28:54.819066+00:00
C09834,16616.25,16616.25,1,Platinum,run_20260808_212843,2026-08-08T21:28:54.819066+00:00
C09835,23486.16,5871.54,4,Silver,run_20260808_212843,2026-08-08T21:28:54.819066+00:00
C09836,45781.04,5086.782222222222,9,Silver,run_20260808_212843,2026-08-08T21:28:54.819066+00:00
C09837,20794.940000000002,6931.646666666667,3,Gold,run_20260808_212843,2026-08-08T21:28:54.819066+00:00
C09838,42373.74,7062.29,6,Platinum,run_20260808_212843,2026-08-08T21:28:54.819066+00:00
C09839,47791.72,5973.965,8,Bronze,run_20260808_212843,2026-08-08T21:28:54.819066+00:00
C09840,40156.83,6692.805,6,Platinum,run_20260808_212843,2026-08-08T21:28:54.819066+00:00
C09841,49886.43,7126.632857142858,7,Silver,run_20260808_212843,2026-08-08T21:28:54.819066+00:00
C09842,28546.839999999997,5709.3679999999995,5,Bronze,run_20260808_212843,2026-08-08T21:28:54.819066+00:00
C09843,38127.92,12709.306666666665,3,Silver,run_20260808_212843,2026-08-08T21:28:54.819066+00:00
C09844,21385.739999999998,5346.4349999999995,4,Silver,run_20260808_212843,2026-08-08T21:28:54.819066+00:00
C09845,18261.49,4565.3725,4,Silver,run_20260808_212843,2026-08-08T21:28:54.819066+00:00
C09846,55789.229999999996,9298.205,6,Silver,run_20260808_212843,2026-08-08T21:28:54.819066+00:00
C09847,18050.21,6016.736666666667,3,Silver,run_20260808_212843,2026-08-08T21:28:54.819066+00:00
C09848,51452.61,7350.372857142857,7,Platinum,run_20260808_212843,2026-08-08T21:28:54.819066+00:00
C09849,46632.08,9326.416000000001,5,Platinum,run_20260808_212843,2026-08-08T21:28:54.819066+00:00
C09850,43222.8,14407.6,3,Gold,run_20260808_212843,2026-08-08T21:28:54.819066+00:00
C09851,68290.03,13658.006,5,Gold,run_20260808_212843,2026-08-08T21:28:54.819066+00:00
C09852,51248.73,12812.1825,4,Bronze,run_20260808_212843,2026-08-08T21:28:54.819066+00:00
C09853,37669.7,5381.385714285714,7,Platinum,run_20260808_212843,2026-08-08T21:28:54.819066+00:00
C09854,16359.05,4089.7625,4,Gold,run_20260808_212843,2026-08-08T21:28:54.819066+00:00
C09855,39080.67,9770.1675,4,Gold,run_20260808_212843,2026-08-08T21:28:54.819066+00:00
C09857,38469.39,6411.565,6,Platinum,run_20260808_212843,2026-08-08T21:28:54.819066+00:00
C09858,47398.69,7899.781666666667,6,Bronze,run_20260808_212843,2026-08-08T21:28:54.819066+00:00
C09859,22559.69,5639.9225,4,Platinum,run_20260808_212843,2026-08-08T21:28:54.819066+00:00
C09860,26571.39,6642.8475,4,Platinum,run_20260808_212843,2026-08-08T21:28:54.819066+00:00
C09861,28164.08,14082.04,2,Platinum,run_20260808_212843,2026-08-08T21:28:54.819066+00:00
C09862,68223.22,9746.174285714285,7,Silver,run_20260808_212843,2026-08-08T21:28:54.819066+00:00
C09863,8066.04,8066.04,1,Bronze,run_20260808_212843,2026-08-08T21:28:54.819066+00:00
C09864,58367.79,9727.965,6,Gold,run_20260808_212843,2026-08-08T21:28:54.819066+00:00
C09865,45468.94,6495.562857142858,7,Platinum,run_20260808_212843,2026-08-08T21:28:54.819066+00:00
C09866,72171.56,10310.222857142857,7,Bronze,run_20260808_212843,2026-08-08T21:28:54.819066+00:00
C09867,51630.899999999994,6453.862499999999,8,Platinum,run_20260808_212843,2026-08-08T21:28:54.819066+00:00
C09868,32880.19,6576.0380000000005,5,Bronze,run_20260808_212843,2026-08-08T21:28:54.819066+00:00
C09869,28606.64,9535.546666666667,3,Gold,run_20260808_212843,2026-08-08T21:28:54.819066+00:00
C09870,9584.19,9584.19,1,Bronze,run_20260808_212843,2026-08-08T21:28:54.819066+00:00
C09871,35423.840000000004,5060.548571428572,7,Platinum,run_20260808_212843,2026-08-08T21:28:54.819066+00:00
C09872,13927.75,4642.583333333333,3,Bronze,run_20260808_212843,2026-08-08T21:28:54.819066+00:00
C09873,22369.79,4473.9580000000005,5,Gold,run_20260808_212843,2026-08-08T21:28:54.819066+00:00
C09874,24821.62,6205.405,4,Silver,run_20260808_212843,2026-08-08T21:28:54.819066+00:00
C09875,20054.73,4010.946,5,Platinum,run_20260808_212843,2026-08-08T21:28:54.819066+00:00
C09876,36508.97,7301.794,5,Platinum,run_20260808_212843,2026-08-08T21:28:54.819066+00:00
C09877,32417.35,10805.783333333333,3,Gold,run_20260808_212843,2026-08-08T21:28:54.819066+00:00
C09878,65700.46,9385.78,7,Bronze,run_20260808_212843,2026-08-08T21:28:54.819066+00:00
C09879,13145.92,4381.973333333333,3,Silver,run_20260808_212843,2026-08-08T21:28:54.819066+00:00
C09880,22560.21,4512.0419999999995,5,Gold,run_20260808_212843,2026-08-08T21:28:54.819066+00:00
C09881,20031.879999999997,10015.939999999999,2,Silver,run_20260808_212843,2026-08-08T21:28:54.819066+00:00
C09882,20285.38,5071.345,4,Gold,run_20260808_212843,2026-08-08T21:28:54.819066+00:00
C09883,53471.75,5347.175,10,Platinum,run_20260808_212843,2026-08-08T21:28:54.819066+00:00
C09884,53395.93,8899.321666666667,6,Bronze,run_20260808_212843,2026-08-08T21:28:54.819066+00:00
C09885,17408.46,4352.115,4,Silver,run_20260808_212843,2026-08-08T21:28:54.819066+00:00
C09886,46387.71,7731.285,6,Silver,run_20260808_212843,2026-08-08T21:28:54.819066+00:00
C09887,9945.45,3315.15,3,Gold,run_20260808_212843,2026-08-08T21:28:54.819066+00:00
C09888,34313.32,8578.33,4,Gold,run_20260808_212843,2026-08-08T21:28:54.819066+00:00
C09889,50884.06,7269.151428571428,7,Platinum,run_20260808_212843,2026-08-08T21:28:54.819066+00:00
C09890,13951.009999999998,6975.504999999999,2,Silver,run_20260808_212843,2026-08-08T21:28:54.819066+00:00
C09891,54374.35,9062.391666666666,6,Gold,run_20260808_212843,2026-08-08T21:28:54.819066+00:00
C09892,101581.24,11286.804444444446,9,Gold,run_20260808_212843,2026-08-08T21:28:54.819066+00:00
C09893,24838.449999999997,4967.69,5,Platinum,run_20260808_212843,2026-08-08T21:28:54.819066+00:00
C09894,27109.32,6777.33,4,Bronze,run_20260808_212843,2026-08-08T21:28:54.819066+00:00
C09895,33137.25,11045.75,3,Platinum,run_20260808_212843,2026-08-08T21:28:54.819066+00:00
C09896,17868.22,8934.11,2,Platinum,run_20260808_212843,2026-08-08T21:28:54.819066+00:00
C09897,57606.2,11521.24,5,Platinum,run_20260808_212843,2026-08-08T21:28:54.819066+00:00
C09898,13530.59,2706.118,5,Silver,run_20260808_212843,2026-08-08T21:28:54.819066+00:00
C09899,58418.78999999999,9736.464999999998,6,Gold,run_20260808_212843,2026-08-08T21:28:54.819066+00:00
C09900,30031.79,7507.9475,4,Silver,run_20260808_212843,2026-08-08T21:28:54.819066+00:00
C09901,72346.46,7234.646000000001,10,Gold,run_20260808_212843,2026-08-08T21:28:54.819066+00:00
C09902,24484.3,8161.433333333333,3,Gold,run_20260808_212843,2026-08-08T21:28:54.819066+00:00
C09903,24146.84,4829.368,5,Platinum,run_20260808_212843,2026-08-08T21:28:54.819066+00:00
C09904,90746.27,18149.254,5,Bronze,run_20260808_212843,2026-08-08T21:28:54.819066+00:00
C09905,67179.28,9597.039999999999,7,Bronze,run_20260808_212843,2026-08-08T21:28:54.819066+00:00
C09906,14921.66,4973.886666666666,3,Bronze,run_20260808_212843,2026-08-08T21:28:54.819066+00:00
C09907,60554.18,7569.2725,8,Silver,run_20260808_212843,2026-08-08T21:28:54.819066+00:00
C09908,24815.4,12407.7,2,Silver,run_20260808_212843,2026-08-08T21:28:54.819066+00:00
C09909,12482.5,4160.833333333333,3,Bronze,run_20260808_212843,2026-08-08T21:28:54.819066+00:00
C09910,55689.04,13922.26,4,Bronze,run_20260808_212843,2026-08-08T21:28:54.819066+00:00
C09911,14144.279999999999,3536.0699999999997,4,Platinum,run_20260808_212843,2026-08-08T21:28:54.819066+00:00
C09912,25186.63,6296.6575,4,Platinum,run_20260808_212843,2026-08-08T21:28:54.819066+00:00
C09913,31240.559999999998,6248.111999999999,5,Gold,run_20260808_212843,2026-08-08T21:28:54.819066+00:00
C09914,32754.870000000003,8188.717500000001,4,Silver,run_20260808_212843,2026-08-08T21:28:54.819066+00:00
C09915,19329.48,3221.58,6,Silver,run_20260808_212843,2026-08-08T21:28:54.819066+00:00
C09916,23632.2,4726.4400000000005,5,Bronze,run_20260808_212843,2026-08-08T21:28:54.819066+00:00
C09917,19652.13,3275.355,6,Silver,run_20260808_212843,2026-08-08T21:28:54.819066+00:00
C09918,40408.95,6734.825,6,Platinum,run_20260808_212843,2026-08-08T21:28:54.819066+00:00
C09919,49789.07,12447.2675,4,Platinum,run_20260808_212843,2026-08-08T21:28:54.819066+00:00
C09920,38174.51,7634.902,5,Bronze,run_20260808_212843,2026-08-08T21:28:54.819066+00:00
C09921,24265.89,6066.4725,4,Bronze,run_20260808_212843,2026-08-08T21:28:54.819066+00:00
C09922,41511.77,8302.354,5,Gold,run_20260808_212843,2026-08-08T21:28:54.819066+00:00
C09923,8310.08,4155.04,2,Bronze,run_20260808_212843,2026-08-08T21:28:54.819066+00:00
C09924,42402.92,8480.583999999999,5,Bronze,run_20260808_212843,2026-08-08T21:28:54.819066+00:00
C09925,79094.17,8788.24111111111,9,Bronze,run_20260808_212843,2026-08-08T21:28:54.819066+00:00
C09926,16903.920000000002,5634.64,3,Platinum,run_20260808_212843,2026-08-08T21:28:54.819066+00:00
C09927,34943.090000000004,8735.772500000001,4,Gold,run_20260808_212843,2026-08-08T21:28:54.819066+00:00
C09928,15113.82,5037.94,3,Bronze,run_20260808_212843,2026-08-08T21:28:54.819066+00:00
C09929,45057.22,5632.1525,8,Silver,run_20260808_212843,2026-08-08T21:28:54.819066+00:00
C09930,55645.36,7949.337142857143,7,Gold,run_20260808_212843,2026-08-08T21:28:54.819066+00:00
C09931,66260.31,7362.256666666666,9,Bronze,run_20260808_212843,2026-08-08T21:28:54.819066+00:00
C09932,28702.43,5740.486,5,Platinum,run_20260808_212843,2026-08-08T21:28:54.819066+00:00
C09933,32032.04,10677.346666666666,3,Platinum,run_20260808_212843,2026-08-08T21:28:54.819066+00:00
C09934,21034.43,3505.7383333333332,6,Silver,run_20260808_212843,2026-08-08T21:28:54.819066+00:00
C09935,61712.78,7714.0975,8,Silver,run_20260808_212843,2026-08-08T21:28:54.819066+00:00
C09936,42321.91,7053.651666666668,6,Silver,run_20260808_212843,2026-08-08T21:28:54.819066+00:00
C09937,61604.03,12320.806,5,Gold,run_20260808_212843,2026-08-08T21:28:54.819066+00:00
C09938,64588.46,10764.743333333334,6,Platinum,run_20260808_212843,2026-08-08T21:28:54.819066+00:00
C09939,25269.670000000002,6317.4175000000005,4,Platinum,run_20260808_212843,2026-08-08T21:28:54.819066+00:00
C09940,21778.05,5444.5125,4,Gold,run_20260808_212843,2026-08-08T21:28:54.819066+00:00
C09941,38493.96,5499.137142857143,7,Silver,run_20260808_212843,2026-08-08T21:28:54.819066+00:00
C09942,84181.92,10522.74,8,Silver,run_20260808_212843,2026-08-08T21:28:54.819066+00:00
C09943,68702.97,9814.710000000001,7,Silver,run_20260808_212843,2026-08-08T21:28:54.819066+00:00
C09944,43166.19,10791.5475,4,Platinum,run_20260808_212843,2026-08-08T21:28:54.819066+00:00
C09945,44843.42,8968.684,5,Silver,run_20260808_212843,2026-08-08T21:28:54.819066+00:00
C09946,48202.08,9640.416000000001,5,Bronze,run_20260808_212843,2026-08-08T21:28:54.819066+00:00
C09947,46644.899999999994,11661.224999999999,4,Bronze,run_20260808_212843,2026-08-08T21:28:54.819066+00:00
C09948,71552.12,8944.015,8,Bronze,run_20260808_212843,2026-08-08T21:28:54.819066+00:00
C09949,18529.62,6176.54,3,Silver,run_20260808_212843,2026-08-08T21:28:54.819066+00:00
C09950,27212.65,5442.530000000001,5,Bronze,run_20260808_212843,2026-08-08T21:28:54.819066+00:00
C09951,97160.56999999999,9716.056999999999,10,Silver,run_20260808_212843,2026-08-08T21:28:54.819066+00:00
C09952,43591.09,14530.363333333333,3,Bronze,run_20260808_212843,2026-08-08T21:28:54.819066+00:00
C09953,79464.47,7946.447,10,Gold,run_20260808_212843,2026-08-08T21:28:54.819066+00:00
C09954,36440.36,7288.072,5,Platinum,run_20260808_212843,2026-08-08T21:28:54.819066+00:00
C09955,43457.7,6208.242857142856,7,Bronze,run_20260808_212843,2026-08-08T21:28:54.819066+00:00
C09956,1622.79,1622.79,1,Gold,run_20260808_212843,2026-08-08T21:28:54.819066+00:00
C09957,32072.260000000002,8018.0650000000005,4,Silver,run_20260808_212843,2026-08-08T21:28:54.819066+00:00
C09958,58230.07,6470.007777777778,9,Platinum,run_20260808_212843,2026-08-08T21:28:54.819066+00:00
C09959,52522.09,7503.155714285714,7,Silver,run_20260808_212843,2026-08-08T21:28:54.819066+00:00
C09960,83125.15,7556.831818181818,11,Silver,run_20260808_212843,2026-08-08T21:28:54.819066+00:00
C09961,37367.1,7473.42,5,Platinum,run_20260808_212843,2026-08-08T21:28:54.819066+00:00
C09962,35114.95,7022.99,5,Gold,run_20260808_212843,2026-08-08T21:28:54.819066+00:00
C09963,17187.02,4296.755,4,Gold,run_20260808_212843,2026-08-08T21:28:54.819066+00:00
C09964,48936.4,6990.914285714286,7,Silver,run_20260808_212843,2026-08-08T21:28:54.819066+00:00
C09965,64791.12,6479.112,10,Bronze,run_20260808_212843,2026-08-08T21:28:54.819066+00:00
C09966,389.62,389.62,1,Platinum,run_20260808_212843,2026-08-08T21:28:54.819066+00:00
C09967,31229.3,6245.86,5,Platinum,run_20260808_212843,2026-08-08T21:28:54.819066+00:00
C09968,79509.93,7950.9929999999995,10,Platinum,run_20260808_212843,2026-08-08T21:28:54.819066+00:00
C09969,6605.34,6605.34,1,Bronze,run_20260808_212843,2026-08-08T21:28:54.819066+00:00
C09970,5910.15,2955.075,2,Bronze,run_20260808_212843,2026-08-08T21:28:54.819066+00:00
C09971,53276.509999999995,10655.302,5,Silver,run_20260808_212843,2026-08-08T21:28:54.819066+00:00
C09972,17314.36,8657.18,2,Gold,run_20260808_212843,2026-08-08T21:28:54.819066+00:00
C09973,51614.25,5734.916666666667,9,Bronze,run_20260808_212843,2026-08-08T21:28:54.819066+00:00
C09974,60118.2,7514.775,8,Bronze,run_20260808_212843,2026-08-08T21:28:54.819066+00:00
C09975,40261.71,8052.342,5,Platinum,run_20260808_212843,2026-08-08T21:28:54.819066+00:00
C09976,7193.780000000001,3596.8900000000003,2,Silver,run_20260808_212843,2026-08-08T21:28:54.819066+00:00
C09977,32491.52,10830.506666666666,3,Bronze,run_20260808_212843,2026-08-08T21:28:54.819066+00:00
C09978,7997.49,2665.83,3,Gold,run_20260808_212843,2026-08-08T21:28:54.819066+00:00
C09979,37770.979999999996,9442.744999999999,4,Bronze,run_20260808_212843,2026-08-08T21:28:54.819066+00:00
C09980,18332.61,9166.305,2,Silver,run_20260808_212843,2026-08-08T21:28:54.819066+00:00
C09981,14350.93,3587.7325,4,Gold,run_20260808_212843,2026-08-08T21:28:54.819066+00:00
C09982,55456.36,7922.337142857143,7,Gold,run_20260808_212843,2026-08-08T21:28:54.819066+00:00
C09983,51508.39,7358.341428571429,7,Platinum,run_20260808_212843,2026-08-08T21:28:54.819066+00:00
C09984,22011.83,5502.9575,4,Gold,run_20260808_212843,2026-08-08T21:28:54.819066+00:00
C09985,50440.770000000004,7205.824285714286,7,Bronze,run_20260808_212843,2026-08-08T21:28:54.819066+00:00
C09986,77805.7,9725.7125,8,Silver,run_20260808_212843,2026-08-08T21:28:54.819066+00:00
C09987,11438.86,3812.9533333333334,3,Gold,run_20260808_212843,2026-08-08T21:28:54.819066+00:00
C09988,44841.05,5605.13125,8,Bronze,run_20260808_212843,2026-08-08T21:28:54.819066+00:00
C09989,27933.81,4655.635,6,Silver,run_20260808_212843,2026-08-08T21:28:54.819066+00:00
C09990,41087.32,8217.464,5,Gold,run_20260808_212843,2026-08-08T21:28:54.819066+00:00
C09991,39434.82,9858.705,4,Platinum,run_20260808_212843,2026-08-08T21:28:54.819066+00:00
C09992,56371.19,8053.027142857143,7,Bronze,run_20260808_212843,2026-08-08T21:28:54.819066+00:00
C09993,33730.659999999996,6746.132,5,Bronze,run_20260808_212843,2026-08-08T21:28:54.819066+00:00
C09994,18414.06,4603.515,4,Platinum,run_20260808_212843,2026-08-08T21:28:54.819066+00:00
C09995,17579.62,3515.924,5,Gold,run_20260808_212843,2026-08-08T21:28:54.819066+00:00
C09996,34605.01,6921.002,5,Bronze,run_20260808_212843,2026-08-08T21:28:54.819066+00:00
C09997,86419.47,8641.947,10,Bronze,run_20260808_212843,2026-08-08T21:28:54.819066+00:00
C09998,57231.51,11446.302,5,Gold,run_20260808_212843,2026-08-08T21:28:54.819066+00:00
C09999,52465.21000000001,8744.201666666668,6,Platinum,run_20260808_212843,2026-08-08T21:28:54.819066+00:00
C10000,31979.8,5329.966666666666,6,Gold,run_20260808_212843,2026-08-08T21:28:54.819066+00:00
